indicator,state,year,value,source_title,source_url,reporting_period,reporting_org,notes,verified_on
infant-mortality-rate,Andaman and Nicobar Islands,2004,19.0,"RBI Handbook of Statistics on Indian States, Table 4: State-wise Infant Mortality Rate",https://www.rbi.org.in/Scripts/AnnualPublications.aspx?head=Handbook+of+Statistics+on+Indian+States,2004,Office of the Registrar General (SRS),,2026-08-06
infant-mortality-rate,Andaman and Nicobar Islands,2005,27.0,"RBI Handbook of Statistics on Indian States, Table 4: State-wise Infant Mortality Rate",https://www.rbi.org.in/Scripts/AnnualPublications.aspx?head=Handbook+of+Statistics+on+Indian+States,2005,Office of the Registrar General (SRS),,2026-08-06
infant-mortality-rate,Andaman and Nicobar Islands,2006,31.0,"RBI Handbook of Statistics on Indian States, Table 4: State-wise Infant Mortality Rate",https://www.rbi.org.in/Scripts/AnnualPublications.aspx?head=Handbook+of+Statistics+on+Indian+States,2006,Office of the Registrar General (SRS),,2026-08-06
infant-mortality-rate,Andaman and Nicobar Islands,2007,34.0,"RBI Handbook of Statistics on Indian States, Table 4: State-wise Infant Mortality Rate",https://www.rbi.org.in/Scripts/AnnualPublications.aspx?head=Handbook+of+Statistics+on+Indian+States,2007,Office of the Registrar General (SRS),,2026-08-06
infant-mortality-rate,Andaman and Nicobar Islands,2008,31.0,"RBI Handbook of Statistics on Indian States, Table 4: State-wise Infant Mortality Rate",https://www.rbi.org.in/Scripts/AnnualPublications.aspx?head=Handbook+of+Statistics+on+Indian+States,2008,Office of the Registrar General (SRS),,2026-08-06
infant-mortality-rate,Andaman and Nicobar Islands,2009,27.0,"RBI Handbook of Statistics on Indian States, Table 4: State-wise Infant Mortality Rate",https://www.rbi.org.in/Scripts/AnnualPublications.aspx?head=Handbook+of+Statistics+on+Indian+States,2009,Office of the Registrar General (SRS),,2026-08-06
infant-mortality-rate,Andaman and Nicobar Islands,2010,25.0,"RBI Handbook of Statistics on Indian States, Table 4: State-wise Infant Mortality Rate",https://www.rbi.org.in/Scripts/AnnualPublications.aspx?head=Handbook+of+Statistics+on+Indian+States,2010,Office of the Registrar General (SRS),,2026-08-06
infant-mortality-rate,Andhra Pradesh,2004,59.0,"RBI Handbook of Statistics on Indian States, Table 4: State-wise Infant Mortality Rate",https://www.rbi.org.in/Scripts/AnnualPublications.aspx?head=Handbook+of+Statistics+on+Indian+States,2004,Office of the Registrar General (SRS),,2026-08-06
infant-mortality-rate,Andhra Pradesh,2005,57.0,"RBI Handbook of Statistics on Indian States, Table 4: State-wise Infant Mortality Rate",https://www.rbi.org.in/Scripts/AnnualPublications.aspx?head=Handbook+of+Statistics+on+Indian+States,2005,Office of the Registrar General (SRS),,2026-08-06
infant-mortality-rate,Andhra Pradesh,2006,56.0,"RBI Handbook of Statistics on Indian States, Table 4: State-wise Infant Mortality Rate",https://www.rbi.org.in/Scripts/AnnualPublications.aspx?head=Handbook+of+Statistics+on+Indian+States,2006,Office of the Registrar General (SRS),,2026-08-06
infant-mortality-rate,Andhra Pradesh,2007,54.0,"RBI Handbook of Statistics on Indian States, Table 4: State-wise Infant Mortality Rate",https://www.rbi.org.in/Scripts/AnnualPublications.aspx?head=Handbook+of+Statistics+on+Indian+States,2007,Office of the Registrar General (SRS),,2026-08-06
infant-mortality-rate,Andhra Pradesh,2008,52.0,"RBI Handbook of Statistics on Indian States, Table 4: State-wise Infant Mortality Rate",https://www.rbi.org.in/Scripts/AnnualPublications.aspx?head=Handbook+of+Statistics+on+Indian+States,2008,Office of the Registrar General (SRS),,2026-08-06
infant-mortality-rate,Andhra Pradesh,2009,49.0,"RBI Handbook of Statistics on Indian States, Table 4: State-wise Infant Mortality Rate",https://www.rbi.org.in/Scripts/AnnualPublications.aspx?head=Handbook+of+Statistics+on+Indian+States,2009,Office of the Registrar General (SRS),,2026-08-06
infant-mortality-rate,Andhra Pradesh,2010,46.0,"RBI Handbook of Statistics on Indian States, Table 4: State-wise Infant Mortality Rate",https://www.rbi.org.in/Scripts/AnnualPublications.aspx?head=Handbook+of+Statistics+on+Indian+States,2010,Office of the Registrar General (SRS),,2026-08-06
infant-mortality-rate,Arunachal Pradesh,2004,38.0,"RBI Handbook of Statistics on Indian States, Table 4: State-wise Infant Mortality Rate",https://www.rbi.org.in/Scripts/AnnualPublications.aspx?head=Handbook+of+Statistics+on+Indian+States,2004,Office of the Registrar General (SRS),,2026-08-06
infant-mortality-rate,Arunachal Pradesh,2005,37.0,"RBI Handbook of Statistics on Indian States, Table 4: State-wise Infant Mortality Rate",https://www.rbi.org.in/Scripts/AnnualPublications.aspx?head=Handbook+of+Statistics+on+Indian+States,2005,Office of the Registrar General (SRS),,2026-08-06
infant-mortality-rate,Arunachal Pradesh,2006,40.0,"RBI Handbook of Statistics on Indian States, Table 4: State-wise Infant Mortality Rate",https://www.rbi.org.in/Scripts/AnnualPublications.aspx?head=Handbook+of+Statistics+on+Indian+States,2006,Office of the Registrar General (SRS),,2026-08-06
infant-mortality-rate,Arunachal Pradesh,2007,37.0,"RBI Handbook of Statistics on Indian States, Table 4: State-wise Infant Mortality Rate",https://www.rbi.org.in/Scripts/AnnualPublications.aspx?head=Handbook+of+Statistics+on+Indian+States,2007,Office of the Registrar General (SRS),,2026-08-06
infant-mortality-rate,Arunachal Pradesh,2008,32.0,"RBI Handbook of Statistics on Indian States, Table 4: State-wise Infant Mortality Rate",https://www.rbi.org.in/Scripts/AnnualPublications.aspx?head=Handbook+of+Statistics+on+Indian+States,2008,Office of the Registrar General (SRS),,2026-08-06
infant-mortality-rate,Arunachal Pradesh,2009,32.0,"RBI Handbook of Statistics on Indian States, Table 4: State-wise Infant Mortality Rate",https://www.rbi.org.in/Scripts/AnnualPublications.aspx?head=Handbook+of+Statistics+on+Indian+States,2009,Office of the Registrar General (SRS),,2026-08-06
infant-mortality-rate,Arunachal Pradesh,2010,31.0,"RBI Handbook of Statistics on Indian States, Table 4: State-wise Infant Mortality Rate",https://www.rbi.org.in/Scripts/AnnualPublications.aspx?head=Handbook+of+Statistics+on+Indian+States,2010,Office of the Registrar General (SRS),,2026-08-06
infant-mortality-rate,Assam,2004,66.0,"RBI Handbook of Statistics on Indian States, Table 4: State-wise Infant Mortality Rate",https://www.rbi.org.in/Scripts/AnnualPublications.aspx?head=Handbook+of+Statistics+on+Indian+States,2004,Office of the Registrar General (SRS),,2026-08-06
infant-mortality-rate,Assam,2005,68.0,"RBI Handbook of Statistics on Indian States, Table 4: State-wise Infant Mortality Rate",https://www.rbi.org.in/Scripts/AnnualPublications.aspx?head=Handbook+of+Statistics+on+Indian+States,2005,Office of the Registrar General (SRS),,2026-08-06
infant-mortality-rate,Assam,2006,67.0,"RBI Handbook of Statistics on Indian States, Table 4: State-wise Infant Mortality Rate",https://www.rbi.org.in/Scripts/AnnualPublications.aspx?head=Handbook+of+Statistics+on+Indian+States,2006,Office of the Registrar General (SRS),,2026-08-06
infant-mortality-rate,Assam,2007,66.0,"RBI Handbook of Statistics on Indian States, Table 4: State-wise Infant Mortality Rate",https://www.rbi.org.in/Scripts/AnnualPublications.aspx?head=Handbook+of+Statistics+on+Indian+States,2007,Office of the Registrar General (SRS),,2026-08-06
infant-mortality-rate,Assam,2008,64.0,"RBI Handbook of Statistics on Indian States, Table 4: State-wise Infant Mortality Rate",https://www.rbi.org.in/Scripts/AnnualPublications.aspx?head=Handbook+of+Statistics+on+Indian+States,2008,Office of the Registrar General (SRS),,2026-08-06
infant-mortality-rate,Assam,2009,61.0,"RBI Handbook of Statistics on Indian States, Table 4: State-wise Infant Mortality Rate",https://www.rbi.org.in/Scripts/AnnualPublications.aspx?head=Handbook+of+Statistics+on+Indian+States,2009,Office of the Registrar General (SRS),,2026-08-06
infant-mortality-rate,Assam,2010,58.0,"RBI Handbook of Statistics on Indian States, Table 4: State-wise Infant Mortality Rate",https://www.rbi.org.in/Scripts/AnnualPublications.aspx?head=Handbook+of+Statistics+on+Indian+States,2010,Office of the Registrar General (SRS),,2026-08-06
infant-mortality-rate,Bihar,2004,61.0,"RBI Handbook of Statistics on Indian States, Table 4: State-wise Infant Mortality Rate",https://www.rbi.org.in/Scripts/AnnualPublications.aspx?head=Handbook+of+Statistics+on+Indian+States,2004,Office of the Registrar General (SRS),,2026-08-06
infant-mortality-rate,Bihar,2005,61.0,"RBI Handbook of Statistics on Indian States, Table 4: State-wise Infant Mortality Rate",https://www.rbi.org.in/Scripts/AnnualPublications.aspx?head=Handbook+of+Statistics+on+Indian+States,2005,Office of the Registrar General (SRS),,2026-08-06
infant-mortality-rate,Bihar,2006,60.0,"RBI Handbook of Statistics on Indian States, Table 4: State-wise Infant Mortality Rate",https://www.rbi.org.in/Scripts/AnnualPublications.aspx?head=Handbook+of+Statistics+on+Indian+States,2006,Office of the Registrar General (SRS),,2026-08-06
infant-mortality-rate,Bihar,2007,58.0,"RBI Handbook of Statistics on Indian States, Table 4: State-wise Infant Mortality Rate",https://www.rbi.org.in/Scripts/AnnualPublications.aspx?head=Handbook+of+Statistics+on+Indian+States,2007,Office of the Registrar General (SRS),,2026-08-06
infant-mortality-rate,Bihar,2008,56.0,"RBI Handbook of Statistics on Indian States, Table 4: State-wise Infant Mortality Rate",https://www.rbi.org.in/Scripts/AnnualPublications.aspx?head=Handbook+of+Statistics+on+Indian+States,2008,Office of the Registrar General (SRS),,2026-08-06
infant-mortality-rate,Bihar,2009,52.0,"RBI Handbook of Statistics on Indian States, Table 4: State-wise Infant Mortality Rate",https://www.rbi.org.in/Scripts/AnnualPublications.aspx?head=Handbook+of+Statistics+on+Indian+States,2009,Office of the Registrar General (SRS),,2026-08-06
infant-mortality-rate,Bihar,2010,48.0,"RBI Handbook of Statistics on Indian States, Table 4: State-wise Infant Mortality Rate",https://www.rbi.org.in/Scripts/AnnualPublications.aspx?head=Handbook+of+Statistics+on+Indian+States,2010,Office of the Registrar General (SRS),,2026-08-06
infant-mortality-rate,Chandigarh,2004,21.0,"RBI Handbook of Statistics on Indian States, Table 4: State-wise Infant Mortality Rate",https://www.rbi.org.in/Scripts/AnnualPublications.aspx?head=Handbook+of+Statistics+on+Indian+States,2004,Office of the Registrar General (SRS),,2026-08-06
infant-mortality-rate,Chandigarh,2005,19.0,"RBI Handbook of Statistics on Indian States, Table 4: State-wise Infant Mortality Rate",https://www.rbi.org.in/Scripts/AnnualPublications.aspx?head=Handbook+of+Statistics+on+Indian+States,2005,Office of the Registrar General (SRS),,2026-08-06
infant-mortality-rate,Chandigarh,2006,23.0,"RBI Handbook of Statistics on Indian States, Table 4: State-wise Infant Mortality Rate",https://www.rbi.org.in/Scripts/AnnualPublications.aspx?head=Handbook+of+Statistics+on+Indian+States,2006,Office of the Registrar General (SRS),,2026-08-06
infant-mortality-rate,Chandigarh,2007,27.0,"RBI Handbook of Statistics on Indian States, Table 4: State-wise Infant Mortality Rate",https://www.rbi.org.in/Scripts/AnnualPublications.aspx?head=Handbook+of+Statistics+on+Indian+States,2007,Office of the Registrar General (SRS),,2026-08-06
infant-mortality-rate,Chandigarh,2008,28.0,"RBI Handbook of Statistics on Indian States, Table 4: State-wise Infant Mortality Rate",https://www.rbi.org.in/Scripts/AnnualPublications.aspx?head=Handbook+of+Statistics+on+Indian+States,2008,Office of the Registrar General (SRS),,2026-08-06
infant-mortality-rate,Chandigarh,2009,25.0,"RBI Handbook of Statistics on Indian States, Table 4: State-wise Infant Mortality Rate",https://www.rbi.org.in/Scripts/AnnualPublications.aspx?head=Handbook+of+Statistics+on+Indian+States,2009,Office of the Registrar General (SRS),,2026-08-06
infant-mortality-rate,Chandigarh,2010,22.0,"RBI Handbook of Statistics on Indian States, Table 4: State-wise Infant Mortality Rate",https://www.rbi.org.in/Scripts/AnnualPublications.aspx?head=Handbook+of+Statistics+on+Indian+States,2010,Office of the Registrar General (SRS),,2026-08-06
infant-mortality-rate,Chhattisgarh,2004,60.0,"RBI Handbook of Statistics on Indian States, Table 4: State-wise Infant Mortality Rate",https://www.rbi.org.in/Scripts/AnnualPublications.aspx?head=Handbook+of+Statistics+on+Indian+States,2004,Office of the Registrar General (SRS),,2026-08-06
infant-mortality-rate,Chhattisgarh,2005,63.0,"RBI Handbook of Statistics on Indian States, Table 4: State-wise Infant Mortality Rate",https://www.rbi.org.in/Scripts/AnnualPublications.aspx?head=Handbook+of+Statistics+on+Indian+States,2005,Office of the Registrar General (SRS),,2026-08-06
infant-mortality-rate,Chhattisgarh,2006,61.0,"RBI Handbook of Statistics on Indian States, Table 4: State-wise Infant Mortality Rate",https://www.rbi.org.in/Scripts/AnnualPublications.aspx?head=Handbook+of+Statistics+on+Indian+States,2006,Office of the Registrar General (SRS),,2026-08-06
infant-mortality-rate,Chhattisgarh,2007,59.0,"RBI Handbook of Statistics on Indian States, Table 4: State-wise Infant Mortality Rate",https://www.rbi.org.in/Scripts/AnnualPublications.aspx?head=Handbook+of+Statistics+on+Indian+States,2007,Office of the Registrar General (SRS),,2026-08-06
infant-mortality-rate,Chhattisgarh,2008,57.0,"RBI Handbook of Statistics on Indian States, Table 4: State-wise Infant Mortality Rate",https://www.rbi.org.in/Scripts/AnnualPublications.aspx?head=Handbook+of+Statistics+on+Indian+States,2008,Office of the Registrar General (SRS),,2026-08-06
infant-mortality-rate,Chhattisgarh,2009,54.0,"RBI Handbook of Statistics on Indian States, Table 4: State-wise Infant Mortality Rate",https://www.rbi.org.in/Scripts/AnnualPublications.aspx?head=Handbook+of+Statistics+on+Indian+States,2009,Office of the Registrar General (SRS),,2026-08-06
infant-mortality-rate,Chhattisgarh,2010,51.0,"RBI Handbook of Statistics on Indian States, Table 4: State-wise Infant Mortality Rate",https://www.rbi.org.in/Scripts/AnnualPublications.aspx?head=Handbook+of+Statistics+on+Indian+States,2010,Office of the Registrar General (SRS),,2026-08-06
infant-mortality-rate,Dadra and Nagar Haveli,2004,48.0,"RBI Handbook of Statistics on Indian States, Table 4: State-wise Infant Mortality Rate",https://www.rbi.org.in/Scripts/AnnualPublications.aspx?head=Handbook+of+Statistics+on+Indian+States,2004,Office of the Registrar General (SRS),RBI footnote: figures for Dadra & Nagar Haveli include Daman & Diu.,2026-08-06
infant-mortality-rate,Dadra and Nagar Haveli,2005,42.0,"RBI Handbook of Statistics on Indian States, Table 4: State-wise Infant Mortality Rate",https://www.rbi.org.in/Scripts/AnnualPublications.aspx?head=Handbook+of+Statistics+on+Indian+States,2005,Office of the Registrar General (SRS),RBI footnote: figures for Dadra & Nagar Haveli include Daman & Diu.,2026-08-06
infant-mortality-rate,Dadra and Nagar Haveli,2006,35.0,"RBI Handbook of Statistics on Indian States, Table 4: State-wise Infant Mortality Rate",https://www.rbi.org.in/Scripts/AnnualPublications.aspx?head=Handbook+of+Statistics+on+Indian+States,2006,Office of the Registrar General (SRS),RBI footnote: figures for Dadra & Nagar Haveli include Daman & Diu.,2026-08-06
infant-mortality-rate,Dadra and Nagar Haveli,2007,34.0,"RBI Handbook of Statistics on Indian States, Table 4: State-wise Infant Mortality Rate",https://www.rbi.org.in/Scripts/AnnualPublications.aspx?head=Handbook+of+Statistics+on+Indian+States,2007,Office of the Registrar General (SRS),RBI footnote: figures for Dadra & Nagar Haveli include Daman & Diu.,2026-08-06
infant-mortality-rate,Dadra and Nagar Haveli,2008,34.0,"RBI Handbook of Statistics on Indian States, Table 4: State-wise Infant Mortality Rate",https://www.rbi.org.in/Scripts/AnnualPublications.aspx?head=Handbook+of+Statistics+on+Indian+States,2008,Office of the Registrar General (SRS),RBI footnote: figures for Dadra & Nagar Haveli include Daman & Diu.,2026-08-06
infant-mortality-rate,Dadra and Nagar Haveli,2009,37.0,"RBI Handbook of Statistics on Indian States, Table 4: State-wise Infant Mortality Rate",https://www.rbi.org.in/Scripts/AnnualPublications.aspx?head=Handbook+of+Statistics+on+Indian+States,2009,Office of the Registrar General (SRS),RBI footnote: figures for Dadra & Nagar Haveli include Daman & Diu.,2026-08-06
infant-mortality-rate,Dadra and Nagar Haveli,2010,38.0,"RBI Handbook of Statistics on Indian States, Table 4: State-wise Infant Mortality Rate",https://www.rbi.org.in/Scripts/AnnualPublications.aspx?head=Handbook+of+Statistics+on+Indian+States,2010,Office of the Registrar General (SRS),RBI footnote: figures for Dadra & Nagar Haveli include Daman & Diu.,2026-08-06
infant-mortality-rate,Delhi,2004,32.0,"RBI Handbook of Statistics on Indian States, Table 4: State-wise Infant Mortality Rate",https://www.rbi.org.in/Scripts/AnnualPublications.aspx?head=Handbook+of+Statistics+on+Indian+States,2004,Office of the Registrar General (SRS),,2026-08-06
infant-mortality-rate,Delhi,2005,35.0,"RBI Handbook of Statistics on Indian States, Table 4: State-wise Infant Mortality Rate",https://www.rbi.org.in/Scripts/AnnualPublications.aspx?head=Handbook+of+Statistics+on+Indian+States,2005,Office of the Registrar General (SRS),,2026-08-06
infant-mortality-rate,Delhi,2006,37.0,"RBI Handbook of Statistics on Indian States, Table 4: State-wise Infant Mortality Rate",https://www.rbi.org.in/Scripts/AnnualPublications.aspx?head=Handbook+of+Statistics+on+Indian+States,2006,Office of the Registrar General (SRS),,2026-08-06
infant-mortality-rate,Delhi,2007,36.0,"RBI Handbook of Statistics on Indian States, Table 4: State-wise Infant Mortality Rate",https://www.rbi.org.in/Scripts/AnnualPublications.aspx?head=Handbook+of+Statistics+on+Indian+States,2007,Office of the Registrar General (SRS),,2026-08-06
infant-mortality-rate,Delhi,2008,35.0,"RBI Handbook of Statistics on Indian States, Table 4: State-wise Infant Mortality Rate",https://www.rbi.org.in/Scripts/AnnualPublications.aspx?head=Handbook+of+Statistics+on+Indian+States,2008,Office of the Registrar General (SRS),,2026-08-06
infant-mortality-rate,Delhi,2009,33.0,"RBI Handbook of Statistics on Indian States, Table 4: State-wise Infant Mortality Rate",https://www.rbi.org.in/Scripts/AnnualPublications.aspx?head=Handbook+of+Statistics+on+Indian+States,2009,Office of the Registrar General (SRS),,2026-08-06
infant-mortality-rate,Delhi,2010,30.0,"RBI Handbook of Statistics on Indian States, Table 4: State-wise Infant Mortality Rate",https://www.rbi.org.in/Scripts/AnnualPublications.aspx?head=Handbook+of+Statistics+on+Indian+States,2010,Office of the Registrar General (SRS),,2026-08-06
infant-mortality-rate,Goa,2004,17.0,"RBI Handbook of Statistics on Indian States, Table 4: State-wise Infant Mortality Rate",https://www.rbi.org.in/Scripts/AnnualPublications.aspx?head=Handbook+of+Statistics+on+Indian+States,2004,Office of the Registrar General (SRS),,2026-08-06
infant-mortality-rate,Goa,2005,16.0,"RBI Handbook of Statistics on Indian States, Table 4: State-wise Infant Mortality Rate",https://www.rbi.org.in/Scripts/AnnualPublications.aspx?head=Handbook+of+Statistics+on+Indian+States,2005,Office of the Registrar General (SRS),,2026-08-06
infant-mortality-rate,Goa,2006,15.0,"RBI Handbook of Statistics on Indian States, Table 4: State-wise Infant Mortality Rate",https://www.rbi.org.in/Scripts/AnnualPublications.aspx?head=Handbook+of+Statistics+on+Indian+States,2006,Office of the Registrar General (SRS),,2026-08-06
infant-mortality-rate,Goa,2007,13.0,"RBI Handbook of Statistics on Indian States, Table 4: State-wise Infant Mortality Rate",https://www.rbi.org.in/Scripts/AnnualPublications.aspx?head=Handbook+of+Statistics+on+Indian+States,2007,Office of the Registrar General (SRS),,2026-08-06
infant-mortality-rate,Goa,2008,10.0,"RBI Handbook of Statistics on Indian States, Table 4: State-wise Infant Mortality Rate",https://www.rbi.org.in/Scripts/AnnualPublications.aspx?head=Handbook+of+Statistics+on+Indian+States,2008,Office of the Registrar General (SRS),,2026-08-06
infant-mortality-rate,Goa,2009,11.0,"RBI Handbook of Statistics on Indian States, Table 4: State-wise Infant Mortality Rate",https://www.rbi.org.in/Scripts/AnnualPublications.aspx?head=Handbook+of+Statistics+on+Indian+States,2009,Office of the Registrar General (SRS),,2026-08-06
infant-mortality-rate,Goa,2010,10.0,"RBI Handbook of Statistics on Indian States, Table 4: State-wise Infant Mortality Rate",https://www.rbi.org.in/Scripts/AnnualPublications.aspx?head=Handbook+of+Statistics+on+Indian+States,2010,Office of the Registrar General (SRS),,2026-08-06
infant-mortality-rate,Gujarat,2004,53.0,"RBI Handbook of Statistics on Indian States, Table 4: State-wise Infant Mortality Rate",https://www.rbi.org.in/Scripts/AnnualPublications.aspx?head=Handbook+of+Statistics+on+Indian+States,2004,Office of the Registrar General (SRS),,2026-08-06
infant-mortality-rate,Gujarat,2005,54.0,"RBI Handbook of Statistics on Indian States, Table 4: State-wise Infant Mortality Rate",https://www.rbi.org.in/Scripts/AnnualPublications.aspx?head=Handbook+of+Statistics+on+Indian+States,2005,Office of the Registrar General (SRS),,2026-08-06
infant-mortality-rate,Gujarat,2006,53.0,"RBI Handbook of Statistics on Indian States, Table 4: State-wise Infant Mortality Rate",https://www.rbi.org.in/Scripts/AnnualPublications.aspx?head=Handbook+of+Statistics+on+Indian+States,2006,Office of the Registrar General (SRS),,2026-08-06
infant-mortality-rate,Gujarat,2007,52.0,"RBI Handbook of Statistics on Indian States, Table 4: State-wise Infant Mortality Rate",https://www.rbi.org.in/Scripts/AnnualPublications.aspx?head=Handbook+of+Statistics+on+Indian+States,2007,Office of the Registrar General (SRS),,2026-08-06
infant-mortality-rate,Gujarat,2008,50.0,"RBI Handbook of Statistics on Indian States, Table 4: State-wise Infant Mortality Rate",https://www.rbi.org.in/Scripts/AnnualPublications.aspx?head=Handbook+of+Statistics+on+Indian+States,2008,Office of the Registrar General (SRS),,2026-08-06
infant-mortality-rate,Gujarat,2009,48.0,"RBI Handbook of Statistics on Indian States, Table 4: State-wise Infant Mortality Rate",https://www.rbi.org.in/Scripts/AnnualPublications.aspx?head=Handbook+of+Statistics+on+Indian+States,2009,Office of the Registrar General (SRS),,2026-08-06
infant-mortality-rate,Gujarat,2010,44.0,"RBI Handbook of Statistics on Indian States, Table 4: State-wise Infant Mortality Rate",https://www.rbi.org.in/Scripts/AnnualPublications.aspx?head=Handbook+of+Statistics+on+Indian+States,2010,Office of the Registrar General (SRS),,2026-08-06
infant-mortality-rate,Haryana,2004,61.0,"RBI Handbook of Statistics on Indian States, Table 4: State-wise Infant Mortality Rate",https://www.rbi.org.in/Scripts/AnnualPublications.aspx?head=Handbook+of+Statistics+on+Indian+States,2004,Office of the Registrar General (SRS),,2026-08-06
infant-mortality-rate,Haryana,2005,60.0,"RBI Handbook of Statistics on Indian States, Table 4: State-wise Infant Mortality Rate",https://www.rbi.org.in/Scripts/AnnualPublications.aspx?head=Handbook+of+Statistics+on+Indian+States,2005,Office of the Registrar General (SRS),,2026-08-06
infant-mortality-rate,Haryana,2006,57.0,"RBI Handbook of Statistics on Indian States, Table 4: State-wise Infant Mortality Rate",https://www.rbi.org.in/Scripts/AnnualPublications.aspx?head=Handbook+of+Statistics+on+Indian+States,2006,Office of the Registrar General (SRS),,2026-08-06
infant-mortality-rate,Haryana,2007,55.0,"RBI Handbook of Statistics on Indian States, Table 4: State-wise Infant Mortality Rate",https://www.rbi.org.in/Scripts/AnnualPublications.aspx?head=Handbook+of+Statistics+on+Indian+States,2007,Office of the Registrar General (SRS),,2026-08-06
infant-mortality-rate,Haryana,2008,54.0,"RBI Handbook of Statistics on Indian States, Table 4: State-wise Infant Mortality Rate",https://www.rbi.org.in/Scripts/AnnualPublications.aspx?head=Handbook+of+Statistics+on+Indian+States,2008,Office of the Registrar General (SRS),,2026-08-06
infant-mortality-rate,Haryana,2009,51.0,"RBI Handbook of Statistics on Indian States, Table 4: State-wise Infant Mortality Rate",https://www.rbi.org.in/Scripts/AnnualPublications.aspx?head=Handbook+of+Statistics+on+Indian+States,2009,Office of the Registrar General (SRS),,2026-08-06
infant-mortality-rate,Haryana,2010,48.0,"RBI Handbook of Statistics on Indian States, Table 4: State-wise Infant Mortality Rate",https://www.rbi.org.in/Scripts/AnnualPublications.aspx?head=Handbook+of+Statistics+on+Indian+States,2010,Office of the Registrar General (SRS),,2026-08-06
infant-mortality-rate,Himachal Pradesh,2004,51.0,"RBI Handbook of Statistics on Indian States, Table 4: State-wise Infant Mortality Rate",https://www.rbi.org.in/Scripts/AnnualPublications.aspx?head=Handbook+of+Statistics+on+Indian+States,2004,Office of the Registrar General (SRS),,2026-08-06
infant-mortality-rate,Himachal Pradesh,2005,49.0,"RBI Handbook of Statistics on Indian States, Table 4: State-wise Infant Mortality Rate",https://www.rbi.org.in/Scripts/AnnualPublications.aspx?head=Handbook+of+Statistics+on+Indian+States,2005,Office of the Registrar General (SRS),,2026-08-06
infant-mortality-rate,Himachal Pradesh,2006,50.0,"RBI Handbook of Statistics on Indian States, Table 4: State-wise Infant Mortality Rate",https://www.rbi.org.in/Scripts/AnnualPublications.aspx?head=Handbook+of+Statistics+on+Indian+States,2006,Office of the Registrar General (SRS),,2026-08-06
infant-mortality-rate,Himachal Pradesh,2007,47.0,"RBI Handbook of Statistics on Indian States, Table 4: State-wise Infant Mortality Rate",https://www.rbi.org.in/Scripts/AnnualPublications.aspx?head=Handbook+of+Statistics+on+Indian+States,2007,Office of the Registrar General (SRS),,2026-08-06
infant-mortality-rate,Himachal Pradesh,2008,44.0,"RBI Handbook of Statistics on Indian States, Table 4: State-wise Infant Mortality Rate",https://www.rbi.org.in/Scripts/AnnualPublications.aspx?head=Handbook+of+Statistics+on+Indian+States,2008,Office of the Registrar General (SRS),,2026-08-06
infant-mortality-rate,Himachal Pradesh,2009,45.0,"RBI Handbook of Statistics on Indian States, Table 4: State-wise Infant Mortality Rate",https://www.rbi.org.in/Scripts/AnnualPublications.aspx?head=Handbook+of+Statistics+on+Indian+States,2009,Office of the Registrar General (SRS),,2026-08-06
infant-mortality-rate,Himachal Pradesh,2010,40.0,"RBI Handbook of Statistics on Indian States, Table 4: State-wise Infant Mortality Rate",https://www.rbi.org.in/Scripts/AnnualPublications.aspx?head=Handbook+of+Statistics+on+Indian+States,2010,Office of the Registrar General (SRS),,2026-08-06
infant-mortality-rate,Jammu and Kashmir,2004,49.0,"RBI Handbook of Statistics on Indian States, Table 4: State-wise Infant Mortality Rate",https://www.rbi.org.in/Scripts/AnnualPublications.aspx?head=Handbook+of+Statistics+on+Indian+States,2004,Office of the Registrar General (SRS),,2026-08-06
infant-mortality-rate,Jammu and Kashmir,2005,50.0,"RBI Handbook of Statistics on Indian States, Table 4: State-wise Infant Mortality Rate",https://www.rbi.org.in/Scripts/AnnualPublications.aspx?head=Handbook+of+Statistics+on+Indian+States,2005,Office of the Registrar General (SRS),,2026-08-06
infant-mortality-rate,Jammu and Kashmir,2006,52.0,"RBI Handbook of Statistics on Indian States, Table 4: State-wise Infant Mortality Rate",https://www.rbi.org.in/Scripts/AnnualPublications.aspx?head=Handbook+of+Statistics+on+Indian+States,2006,Office of the Registrar General (SRS),,2026-08-06
infant-mortality-rate,Jammu and Kashmir,2007,51.0,"RBI Handbook of Statistics on Indian States, Table 4: State-wise Infant Mortality Rate",https://www.rbi.org.in/Scripts/AnnualPublications.aspx?head=Handbook+of+Statistics+on+Indian+States,2007,Office of the Registrar General (SRS),,2026-08-06
infant-mortality-rate,Jammu and Kashmir,2008,49.0,"RBI Handbook of Statistics on Indian States, Table 4: State-wise Infant Mortality Rate",https://www.rbi.org.in/Scripts/AnnualPublications.aspx?head=Handbook+of+Statistics+on+Indian+States,2008,Office of the Registrar General (SRS),,2026-08-06
infant-mortality-rate,Jammu and Kashmir,2009,45.0,"RBI Handbook of Statistics on Indian States, Table 4: State-wise Infant Mortality Rate",https://www.rbi.org.in/Scripts/AnnualPublications.aspx?head=Handbook+of+Statistics+on+Indian+States,2009,Office of the Registrar General (SRS),,2026-08-06
infant-mortality-rate,Jammu and Kashmir,2010,43.0,"RBI Handbook of Statistics on Indian States, Table 4: State-wise Infant Mortality Rate",https://www.rbi.org.in/Scripts/AnnualPublications.aspx?head=Handbook+of+Statistics+on+Indian+States,2010,Office of the Registrar General (SRS),,2026-08-06
infant-mortality-rate,Jharkhand,2004,49.0,"RBI Handbook of Statistics on Indian States, Table 4: State-wise Infant Mortality Rate",https://www.rbi.org.in/Scripts/AnnualPublications.aspx?head=Handbook+of+Statistics+on+Indian+States,2004,Office of the Registrar General (SRS),,2026-08-06
infant-mortality-rate,Jharkhand,2005,50.0,"RBI Handbook of Statistics on Indian States, Table 4: State-wise Infant Mortality Rate",https://www.rbi.org.in/Scripts/AnnualPublications.aspx?head=Handbook+of+Statistics+on+Indian+States,2005,Office of the Registrar General (SRS),,2026-08-06
infant-mortality-rate,Jharkhand,2006,49.0,"RBI Handbook of Statistics on Indian States, Table 4: State-wise Infant Mortality Rate",https://www.rbi.org.in/Scripts/AnnualPublications.aspx?head=Handbook+of+Statistics+on+Indian+States,2006,Office of the Registrar General (SRS),,2026-08-06
infant-mortality-rate,Jharkhand,2007,48.0,"RBI Handbook of Statistics on Indian States, Table 4: State-wise Infant Mortality Rate",https://www.rbi.org.in/Scripts/AnnualPublications.aspx?head=Handbook+of+Statistics+on+Indian+States,2007,Office of the Registrar General (SRS),,2026-08-06
infant-mortality-rate,Jharkhand,2008,46.0,"RBI Handbook of Statistics on Indian States, Table 4: State-wise Infant Mortality Rate",https://www.rbi.org.in/Scripts/AnnualPublications.aspx?head=Handbook+of+Statistics+on+Indian+States,2008,Office of the Registrar General (SRS),,2026-08-06
infant-mortality-rate,Jharkhand,2009,44.0,"RBI Handbook of Statistics on Indian States, Table 4: State-wise Infant Mortality Rate",https://www.rbi.org.in/Scripts/AnnualPublications.aspx?head=Handbook+of+Statistics+on+Indian+States,2009,Office of the Registrar General (SRS),,2026-08-06
infant-mortality-rate,Jharkhand,2010,42.0,"RBI Handbook of Statistics on Indian States, Table 4: State-wise Infant Mortality Rate",https://www.rbi.org.in/Scripts/AnnualPublications.aspx?head=Handbook+of+Statistics+on+Indian+States,2010,Office of the Registrar General (SRS),,2026-08-06
infant-mortality-rate,Karnataka,2004,49.0,"RBI Handbook of Statistics on Indian States, Table 4: State-wise Infant Mortality Rate",https://www.rbi.org.in/Scripts/AnnualPublications.aspx?head=Handbook+of+Statistics+on+Indian+States,2004,Office of the Registrar General (SRS),,2026-08-06
infant-mortality-rate,Karnataka,2005,50.0,"RBI Handbook of Statistics on Indian States, Table 4: State-wise Infant Mortality Rate",https://www.rbi.org.in/Scripts/AnnualPublications.aspx?head=Handbook+of+Statistics+on+Indian+States,2005,Office of the Registrar General (SRS),,2026-08-06
infant-mortality-rate,Karnataka,2006,48.0,"RBI Handbook of Statistics on Indian States, Table 4: State-wise Infant Mortality Rate",https://www.rbi.org.in/Scripts/AnnualPublications.aspx?head=Handbook+of+Statistics+on+Indian+States,2006,Office of the Registrar General (SRS),,2026-08-06
infant-mortality-rate,Karnataka,2007,47.0,"RBI Handbook of Statistics on Indian States, Table 4: State-wise Infant Mortality Rate",https://www.rbi.org.in/Scripts/AnnualPublications.aspx?head=Handbook+of+Statistics+on+Indian+States,2007,Office of the Registrar General (SRS),,2026-08-06
infant-mortality-rate,Karnataka,2008,45.0,"RBI Handbook of Statistics on Indian States, Table 4: State-wise Infant Mortality Rate",https://www.rbi.org.in/Scripts/AnnualPublications.aspx?head=Handbook+of+Statistics+on+Indian+States,2008,Office of the Registrar General (SRS),,2026-08-06
infant-mortality-rate,Karnataka,2009,41.0,"RBI Handbook of Statistics on Indian States, Table 4: State-wise Infant Mortality Rate",https://www.rbi.org.in/Scripts/AnnualPublications.aspx?head=Handbook+of+Statistics+on+Indian+States,2009,Office of the Registrar General (SRS),,2026-08-06
infant-mortality-rate,Karnataka,2010,38.0,"RBI Handbook of Statistics on Indian States, Table 4: State-wise Infant Mortality Rate",https://www.rbi.org.in/Scripts/AnnualPublications.aspx?head=Handbook+of+Statistics+on+Indian+States,2010,Office of the Registrar General (SRS),,2026-08-06
infant-mortality-rate,Kerala,2004,12.0,"RBI Handbook of Statistics on Indian States, Table 4: State-wise Infant Mortality Rate",https://www.rbi.org.in/Scripts/AnnualPublications.aspx?head=Handbook+of+Statistics+on+Indian+States,2004,Office of the Registrar General (SRS),,2026-08-06
infant-mortality-rate,Kerala,2005,14.0,"RBI Handbook of Statistics on Indian States, Table 4: State-wise Infant Mortality Rate",https://www.rbi.org.in/Scripts/AnnualPublications.aspx?head=Handbook+of+Statistics+on+Indian+States,2005,Office of the Registrar General (SRS),,2026-08-06
infant-mortality-rate,Kerala,2006,15.0,"RBI Handbook of Statistics on Indian States, Table 4: State-wise Infant Mortality Rate",https://www.rbi.org.in/Scripts/AnnualPublications.aspx?head=Handbook+of+Statistics+on+Indian+States,2006,Office of the Registrar General (SRS),,2026-08-06
infant-mortality-rate,Kerala,2007,13.0,"RBI Handbook of Statistics on Indian States, Table 4: State-wise Infant Mortality Rate",https://www.rbi.org.in/Scripts/AnnualPublications.aspx?head=Handbook+of+Statistics+on+Indian+States,2007,Office of the Registrar General (SRS),,2026-08-06
infant-mortality-rate,Kerala,2008,12.0,"RBI Handbook of Statistics on Indian States, Table 4: State-wise Infant Mortality Rate",https://www.rbi.org.in/Scripts/AnnualPublications.aspx?head=Handbook+of+Statistics+on+Indian+States,2008,Office of the Registrar General (SRS),,2026-08-06
infant-mortality-rate,Kerala,2009,12.0,"RBI Handbook of Statistics on Indian States, Table 4: State-wise Infant Mortality Rate",https://www.rbi.org.in/Scripts/AnnualPublications.aspx?head=Handbook+of+Statistics+on+Indian+States,2009,Office of the Registrar General (SRS),,2026-08-06
infant-mortality-rate,Kerala,2010,13.0,"RBI Handbook of Statistics on Indian States, Table 4: State-wise Infant Mortality Rate",https://www.rbi.org.in/Scripts/AnnualPublications.aspx?head=Handbook+of+Statistics+on+Indian+States,2010,Office of the Registrar General (SRS),,2026-08-06
infant-mortality-rate,Lakshadweep,2004,30.0,"RBI Handbook of Statistics on Indian States, Table 4: State-wise Infant Mortality Rate",https://www.rbi.org.in/Scripts/AnnualPublications.aspx?head=Handbook+of+Statistics+on+Indian+States,2004,Office of the Registrar General (SRS),,2026-08-06
infant-mortality-rate,Lakshadweep,2005,22.0,"RBI Handbook of Statistics on Indian States, Table 4: State-wise Infant Mortality Rate",https://www.rbi.org.in/Scripts/AnnualPublications.aspx?head=Handbook+of+Statistics+on+Indian+States,2005,Office of the Registrar General (SRS),,2026-08-06
infant-mortality-rate,Lakshadweep,2006,25.0,"RBI Handbook of Statistics on Indian States, Table 4: State-wise Infant Mortality Rate",https://www.rbi.org.in/Scripts/AnnualPublications.aspx?head=Handbook+of+Statistics+on+Indian+States,2006,Office of the Registrar General (SRS),,2026-08-06
infant-mortality-rate,Lakshadweep,2007,24.0,"RBI Handbook of Statistics on Indian States, Table 4: State-wise Infant Mortality Rate",https://www.rbi.org.in/Scripts/AnnualPublications.aspx?head=Handbook+of+Statistics+on+Indian+States,2007,Office of the Registrar General (SRS),,2026-08-06
infant-mortality-rate,Lakshadweep,2008,31.0,"RBI Handbook of Statistics on Indian States, Table 4: State-wise Infant Mortality Rate",https://www.rbi.org.in/Scripts/AnnualPublications.aspx?head=Handbook+of+Statistics+on+Indian+States,2008,Office of the Registrar General (SRS),,2026-08-06
infant-mortality-rate,Lakshadweep,2009,25.0,"RBI Handbook of Statistics on Indian States, Table 4: State-wise Infant Mortality Rate",https://www.rbi.org.in/Scripts/AnnualPublications.aspx?head=Handbook+of+Statistics+on+Indian+States,2009,Office of the Registrar General (SRS),,2026-08-06
infant-mortality-rate,Lakshadweep,2010,25.0,"RBI Handbook of Statistics on Indian States, Table 4: State-wise Infant Mortality Rate",https://www.rbi.org.in/Scripts/AnnualPublications.aspx?head=Handbook+of+Statistics+on+Indian+States,2010,Office of the Registrar General (SRS),,2026-08-06
infant-mortality-rate,Madhya Pradesh,2004,79.0,"RBI Handbook of Statistics on Indian States, Table 4: State-wise Infant Mortality Rate",https://www.rbi.org.in/Scripts/AnnualPublications.aspx?head=Handbook+of+Statistics+on+Indian+States,2004,Office of the Registrar General (SRS),,2026-08-06
infant-mortality-rate,Madhya Pradesh,2005,76.0,"RBI Handbook of Statistics on Indian States, Table 4: State-wise Infant Mortality Rate",https://www.rbi.org.in/Scripts/AnnualPublications.aspx?head=Handbook+of+Statistics+on+Indian+States,2005,Office of the Registrar General (SRS),,2026-08-06
infant-mortality-rate,Madhya Pradesh,2006,74.0,"RBI Handbook of Statistics on Indian States, Table 4: State-wise Infant Mortality Rate",https://www.rbi.org.in/Scripts/AnnualPublications.aspx?head=Handbook+of+Statistics+on+Indian+States,2006,Office of the Registrar General (SRS),,2026-08-06
infant-mortality-rate,Madhya Pradesh,2007,72.0,"RBI Handbook of Statistics on Indian States, Table 4: State-wise Infant Mortality Rate",https://www.rbi.org.in/Scripts/AnnualPublications.aspx?head=Handbook+of+Statistics+on+Indian+States,2007,Office of the Registrar General (SRS),,2026-08-06
infant-mortality-rate,Madhya Pradesh,2008,70.0,"RBI Handbook of Statistics on Indian States, Table 4: State-wise Infant Mortality Rate",https://www.rbi.org.in/Scripts/AnnualPublications.aspx?head=Handbook+of+Statistics+on+Indian+States,2008,Office of the Registrar General (SRS),,2026-08-06
infant-mortality-rate,Madhya Pradesh,2009,67.0,"RBI Handbook of Statistics on Indian States, Table 4: State-wise Infant Mortality Rate",https://www.rbi.org.in/Scripts/AnnualPublications.aspx?head=Handbook+of+Statistics+on+Indian+States,2009,Office of the Registrar General (SRS),,2026-08-06
infant-mortality-rate,Madhya Pradesh,2010,62.0,"RBI Handbook of Statistics on Indian States, Table 4: State-wise Infant Mortality Rate",https://www.rbi.org.in/Scripts/AnnualPublications.aspx?head=Handbook+of+Statistics+on+Indian+States,2010,Office of the Registrar General (SRS),,2026-08-06
infant-mortality-rate,Maharashtra,2004,36.0,"RBI Handbook of Statistics on Indian States, Table 4: State-wise Infant Mortality Rate",https://www.rbi.org.in/Scripts/AnnualPublications.aspx?head=Handbook+of+Statistics+on+Indian+States,2004,Office of the Registrar General (SRS),,2026-08-06
infant-mortality-rate,Maharashtra,2005,36.0,"RBI Handbook of Statistics on Indian States, Table 4: State-wise Infant Mortality Rate",https://www.rbi.org.in/Scripts/AnnualPublications.aspx?head=Handbook+of+Statistics+on+Indian+States,2005,Office of the Registrar General (SRS),,2026-08-06
infant-mortality-rate,Maharashtra,2006,35.0,"RBI Handbook of Statistics on Indian States, Table 4: State-wise Infant Mortality Rate",https://www.rbi.org.in/Scripts/AnnualPublications.aspx?head=Handbook+of+Statistics+on+Indian+States,2006,Office of the Registrar General (SRS),,2026-08-06
infant-mortality-rate,Maharashtra,2007,34.0,"RBI Handbook of Statistics on Indian States, Table 4: State-wise Infant Mortality Rate",https://www.rbi.org.in/Scripts/AnnualPublications.aspx?head=Handbook+of+Statistics+on+Indian+States,2007,Office of the Registrar General (SRS),,2026-08-06
infant-mortality-rate,Maharashtra,2008,33.0,"RBI Handbook of Statistics on Indian States, Table 4: State-wise Infant Mortality Rate",https://www.rbi.org.in/Scripts/AnnualPublications.aspx?head=Handbook+of+Statistics+on+Indian+States,2008,Office of the Registrar General (SRS),,2026-08-06
infant-mortality-rate,Maharashtra,2009,31.0,"RBI Handbook of Statistics on Indian States, Table 4: State-wise Infant Mortality Rate",https://www.rbi.org.in/Scripts/AnnualPublications.aspx?head=Handbook+of+Statistics+on+Indian+States,2009,Office of the Registrar General (SRS),,2026-08-06
infant-mortality-rate,Maharashtra,2010,28.0,"RBI Handbook of Statistics on Indian States, Table 4: State-wise Infant Mortality Rate",https://www.rbi.org.in/Scripts/AnnualPublications.aspx?head=Handbook+of+Statistics+on+Indian+States,2010,Office of the Registrar General (SRS),,2026-08-06
infant-mortality-rate,Manipur,2004,14.0,"RBI Handbook of Statistics on Indian States, Table 4: State-wise Infant Mortality Rate",https://www.rbi.org.in/Scripts/AnnualPublications.aspx?head=Handbook+of+Statistics+on+Indian+States,2004,Office of the Registrar General (SRS),,2026-08-06
infant-mortality-rate,Manipur,2005,13.0,"RBI Handbook of Statistics on Indian States, Table 4: State-wise Infant Mortality Rate",https://www.rbi.org.in/Scripts/AnnualPublications.aspx?head=Handbook+of+Statistics+on+Indian+States,2005,Office of the Registrar General (SRS),,2026-08-06
infant-mortality-rate,Manipur,2006,11.0,"RBI Handbook of Statistics on Indian States, Table 4: State-wise Infant Mortality Rate",https://www.rbi.org.in/Scripts/AnnualPublications.aspx?head=Handbook+of+Statistics+on+Indian+States,2006,Office of the Registrar General (SRS),,2026-08-06
infant-mortality-rate,Manipur,2007,12.0,"RBI Handbook of Statistics on Indian States, Table 4: State-wise Infant Mortality Rate",https://www.rbi.org.in/Scripts/AnnualPublications.aspx?head=Handbook+of+Statistics+on+Indian+States,2007,Office of the Registrar General (SRS),,2026-08-06
infant-mortality-rate,Manipur,2008,14.0,"RBI Handbook of Statistics on Indian States, Table 4: State-wise Infant Mortality Rate",https://www.rbi.org.in/Scripts/AnnualPublications.aspx?head=Handbook+of+Statistics+on+Indian+States,2008,Office of the Registrar General (SRS),,2026-08-06
infant-mortality-rate,Manipur,2009,16.0,"RBI Handbook of Statistics on Indian States, Table 4: State-wise Infant Mortality Rate",https://www.rbi.org.in/Scripts/AnnualPublications.aspx?head=Handbook+of+Statistics+on+Indian+States,2009,Office of the Registrar General (SRS),,2026-08-06
infant-mortality-rate,Manipur,2010,14.0,"RBI Handbook of Statistics on Indian States, Table 4: State-wise Infant Mortality Rate",https://www.rbi.org.in/Scripts/AnnualPublications.aspx?head=Handbook+of+Statistics+on+Indian+States,2010,Office of the Registrar General (SRS),,2026-08-06
infant-mortality-rate,Meghalaya,2004,54.0,"RBI Handbook of Statistics on Indian States, Table 4: State-wise Infant Mortality Rate",https://www.rbi.org.in/Scripts/AnnualPublications.aspx?head=Handbook+of+Statistics+on+Indian+States,2004,Office of the Registrar General (SRS),,2026-08-06
infant-mortality-rate,Meghalaya,2005,49.0,"RBI Handbook of Statistics on Indian States, Table 4: State-wise Infant Mortality Rate",https://www.rbi.org.in/Scripts/AnnualPublications.aspx?head=Handbook+of+Statistics+on+Indian+States,2005,Office of the Registrar General (SRS),,2026-08-06
infant-mortality-rate,Meghalaya,2006,53.0,"RBI Handbook of Statistics on Indian States, Table 4: State-wise Infant Mortality Rate",https://www.rbi.org.in/Scripts/AnnualPublications.aspx?head=Handbook+of+Statistics+on+Indian+States,2006,Office of the Registrar General (SRS),,2026-08-06
infant-mortality-rate,Meghalaya,2007,56.0,"RBI Handbook of Statistics on Indian States, Table 4: State-wise Infant Mortality Rate",https://www.rbi.org.in/Scripts/AnnualPublications.aspx?head=Handbook+of+Statistics+on+Indian+States,2007,Office of the Registrar General (SRS),,2026-08-06
infant-mortality-rate,Meghalaya,2008,58.0,"RBI Handbook of Statistics on Indian States, Table 4: State-wise Infant Mortality Rate",https://www.rbi.org.in/Scripts/AnnualPublications.aspx?head=Handbook+of+Statistics+on+Indian+States,2008,Office of the Registrar General (SRS),,2026-08-06
infant-mortality-rate,Meghalaya,2009,59.0,"RBI Handbook of Statistics on Indian States, Table 4: State-wise Infant Mortality Rate",https://www.rbi.org.in/Scripts/AnnualPublications.aspx?head=Handbook+of+Statistics+on+Indian+States,2009,Office of the Registrar General (SRS),,2026-08-06
infant-mortality-rate,Meghalaya,2010,55.0,"RBI Handbook of Statistics on Indian States, Table 4: State-wise Infant Mortality Rate",https://www.rbi.org.in/Scripts/AnnualPublications.aspx?head=Handbook+of+Statistics+on+Indian+States,2010,Office of the Registrar General (SRS),,2026-08-06
infant-mortality-rate,Mizoram,2004,19.0,"RBI Handbook of Statistics on Indian States, Table 4: State-wise Infant Mortality Rate",https://www.rbi.org.in/Scripts/AnnualPublications.aspx?head=Handbook+of+Statistics+on+Indian+States,2004,Office of the Registrar General (SRS),,2026-08-06
infant-mortality-rate,Mizoram,2005,20.0,"RBI Handbook of Statistics on Indian States, Table 4: State-wise Infant Mortality Rate",https://www.rbi.org.in/Scripts/AnnualPublications.aspx?head=Handbook+of+Statistics+on+Indian+States,2005,Office of the Registrar General (SRS),,2026-08-06
infant-mortality-rate,Mizoram,2006,25.0,"RBI Handbook of Statistics on Indian States, Table 4: State-wise Infant Mortality Rate",https://www.rbi.org.in/Scripts/AnnualPublications.aspx?head=Handbook+of+Statistics+on+Indian+States,2006,Office of the Registrar General (SRS),,2026-08-06
infant-mortality-rate,Mizoram,2007,23.0,"RBI Handbook of Statistics on Indian States, Table 4: State-wise Infant Mortality Rate",https://www.rbi.org.in/Scripts/AnnualPublications.aspx?head=Handbook+of+Statistics+on+Indian+States,2007,Office of the Registrar General (SRS),,2026-08-06
infant-mortality-rate,Mizoram,2008,37.0,"RBI Handbook of Statistics on Indian States, Table 4: State-wise Infant Mortality Rate",https://www.rbi.org.in/Scripts/AnnualPublications.aspx?head=Handbook+of+Statistics+on+Indian+States,2008,Office of the Registrar General (SRS),,2026-08-06
infant-mortality-rate,Mizoram,2009,36.0,"RBI Handbook of Statistics on Indian States, Table 4: State-wise Infant Mortality Rate",https://www.rbi.org.in/Scripts/AnnualPublications.aspx?head=Handbook+of+Statistics+on+Indian+States,2009,Office of the Registrar General (SRS),,2026-08-06
infant-mortality-rate,Mizoram,2010,37.0,"RBI Handbook of Statistics on Indian States, Table 4: State-wise Infant Mortality Rate",https://www.rbi.org.in/Scripts/AnnualPublications.aspx?head=Handbook+of+Statistics+on+Indian+States,2010,Office of the Registrar General (SRS),,2026-08-06
infant-mortality-rate,Nagaland,2004,17.0,"RBI Handbook of Statistics on Indian States, Table 4: State-wise Infant Mortality Rate",https://www.rbi.org.in/Scripts/AnnualPublications.aspx?head=Handbook+of+Statistics+on+Indian+States,2004,Office of the Registrar General (SRS),,2026-08-06
infant-mortality-rate,Nagaland,2005,18.0,"RBI Handbook of Statistics on Indian States, Table 4: State-wise Infant Mortality Rate",https://www.rbi.org.in/Scripts/AnnualPublications.aspx?head=Handbook+of+Statistics+on+Indian+States,2005,Office of the Registrar General (SRS),,2026-08-06
infant-mortality-rate,Nagaland,2006,20.0,"RBI Handbook of Statistics on Indian States, Table 4: State-wise Infant Mortality Rate",https://www.rbi.org.in/Scripts/AnnualPublications.aspx?head=Handbook+of+Statistics+on+Indian+States,2006,Office of the Registrar General (SRS),,2026-08-06
infant-mortality-rate,Nagaland,2007,21.0,"RBI Handbook of Statistics on Indian States, Table 4: State-wise Infant Mortality Rate",https://www.rbi.org.in/Scripts/AnnualPublications.aspx?head=Handbook+of+Statistics+on+Indian+States,2007,Office of the Registrar General (SRS),,2026-08-06
infant-mortality-rate,Nagaland,2008,26.0,"RBI Handbook of Statistics on Indian States, Table 4: State-wise Infant Mortality Rate",https://www.rbi.org.in/Scripts/AnnualPublications.aspx?head=Handbook+of+Statistics+on+Indian+States,2008,Office of the Registrar General (SRS),,2026-08-06
infant-mortality-rate,Nagaland,2009,26.0,"RBI Handbook of Statistics on Indian States, Table 4: State-wise Infant Mortality Rate",https://www.rbi.org.in/Scripts/AnnualPublications.aspx?head=Handbook+of+Statistics+on+Indian+States,2009,Office of the Registrar General (SRS),,2026-08-06
infant-mortality-rate,Nagaland,2010,23.0,"RBI Handbook of Statistics on Indian States, Table 4: State-wise Infant Mortality Rate",https://www.rbi.org.in/Scripts/AnnualPublications.aspx?head=Handbook+of+Statistics+on+Indian+States,2010,Office of the Registrar General (SRS),,2026-08-06
infant-mortality-rate,Odisha,2004,77.0,"RBI Handbook of Statistics on Indian States, Table 4: State-wise Infant Mortality Rate",https://www.rbi.org.in/Scripts/AnnualPublications.aspx?head=Handbook+of+Statistics+on+Indian+States,2004,Office of the Registrar General (SRS),,2026-08-06
infant-mortality-rate,Odisha,2005,75.0,"RBI Handbook of Statistics on Indian States, Table 4: State-wise Infant Mortality Rate",https://www.rbi.org.in/Scripts/AnnualPublications.aspx?head=Handbook+of+Statistics+on+Indian+States,2005,Office of the Registrar General (SRS),,2026-08-06
infant-mortality-rate,Odisha,2006,73.0,"RBI Handbook of Statistics on Indian States, Table 4: State-wise Infant Mortality Rate",https://www.rbi.org.in/Scripts/AnnualPublications.aspx?head=Handbook+of+Statistics+on+Indian+States,2006,Office of the Registrar General (SRS),,2026-08-06
infant-mortality-rate,Odisha,2007,71.0,"RBI Handbook of Statistics on Indian States, Table 4: State-wise Infant Mortality Rate",https://www.rbi.org.in/Scripts/AnnualPublications.aspx?head=Handbook+of+Statistics+on+Indian+States,2007,Office of the Registrar General (SRS),,2026-08-06
infant-mortality-rate,Odisha,2008,69.0,"RBI Handbook of Statistics on Indian States, Table 4: State-wise Infant Mortality Rate",https://www.rbi.org.in/Scripts/AnnualPublications.aspx?head=Handbook+of+Statistics+on+Indian+States,2008,Office of the Registrar General (SRS),,2026-08-06
infant-mortality-rate,Odisha,2009,65.0,"RBI Handbook of Statistics on Indian States, Table 4: State-wise Infant Mortality Rate",https://www.rbi.org.in/Scripts/AnnualPublications.aspx?head=Handbook+of+Statistics+on+Indian+States,2009,Office of the Registrar General (SRS),,2026-08-06
infant-mortality-rate,Odisha,2010,61.0,"RBI Handbook of Statistics on Indian States, Table 4: State-wise Infant Mortality Rate",https://www.rbi.org.in/Scripts/AnnualPublications.aspx?head=Handbook+of+Statistics+on+Indian+States,2010,Office of the Registrar General (SRS),,2026-08-06
infant-mortality-rate,Puducherry,2004,24.0,"RBI Handbook of Statistics on Indian States, Table 4: State-wise Infant Mortality Rate",https://www.rbi.org.in/Scripts/AnnualPublications.aspx?head=Handbook+of+Statistics+on+Indian+States,2004,Office of the Registrar General (SRS),,2026-08-06
infant-mortality-rate,Puducherry,2005,28.0,"RBI Handbook of Statistics on Indian States, Table 4: State-wise Infant Mortality Rate",https://www.rbi.org.in/Scripts/AnnualPublications.aspx?head=Handbook+of+Statistics+on+Indian+States,2005,Office of the Registrar General (SRS),,2026-08-06
infant-mortality-rate,Puducherry,2006,28.0,"RBI Handbook of Statistics on Indian States, Table 4: State-wise Infant Mortality Rate",https://www.rbi.org.in/Scripts/AnnualPublications.aspx?head=Handbook+of+Statistics+on+Indian+States,2006,Office of the Registrar General (SRS),,2026-08-06
infant-mortality-rate,Puducherry,2007,25.0,"RBI Handbook of Statistics on Indian States, Table 4: State-wise Infant Mortality Rate",https://www.rbi.org.in/Scripts/AnnualPublications.aspx?head=Handbook+of+Statistics+on+Indian+States,2007,Office of the Registrar General (SRS),,2026-08-06
infant-mortality-rate,Puducherry,2008,25.0,"RBI Handbook of Statistics on Indian States, Table 4: State-wise Infant Mortality Rate",https://www.rbi.org.in/Scripts/AnnualPublications.aspx?head=Handbook+of+Statistics+on+Indian+States,2008,Office of the Registrar General (SRS),,2026-08-06
infant-mortality-rate,Puducherry,2009,22.0,"RBI Handbook of Statistics on Indian States, Table 4: State-wise Infant Mortality Rate",https://www.rbi.org.in/Scripts/AnnualPublications.aspx?head=Handbook+of+Statistics+on+Indian+States,2009,Office of the Registrar General (SRS),,2026-08-06
infant-mortality-rate,Puducherry,2010,22.0,"RBI Handbook of Statistics on Indian States, Table 4: State-wise Infant Mortality Rate",https://www.rbi.org.in/Scripts/AnnualPublications.aspx?head=Handbook+of+Statistics+on+Indian+States,2010,Office of the Registrar General (SRS),,2026-08-06
infant-mortality-rate,Punjab,2004,45.0,"RBI Handbook of Statistics on Indian States, Table 4: State-wise Infant Mortality Rate",https://www.rbi.org.in/Scripts/AnnualPublications.aspx?head=Handbook+of+Statistics+on+Indian+States,2004,Office of the Registrar General (SRS),,2026-08-06
infant-mortality-rate,Punjab,2005,44.0,"RBI Handbook of Statistics on Indian States, Table 4: State-wise Infant Mortality Rate",https://www.rbi.org.in/Scripts/AnnualPublications.aspx?head=Handbook+of+Statistics+on+Indian+States,2005,Office of the Registrar General (SRS),,2026-08-06
infant-mortality-rate,Punjab,2006,44.0,"RBI Handbook of Statistics on Indian States, Table 4: State-wise Infant Mortality Rate",https://www.rbi.org.in/Scripts/AnnualPublications.aspx?head=Handbook+of+Statistics+on+Indian+States,2006,Office of the Registrar General (SRS),,2026-08-06
infant-mortality-rate,Punjab,2007,43.0,"RBI Handbook of Statistics on Indian States, Table 4: State-wise Infant Mortality Rate",https://www.rbi.org.in/Scripts/AnnualPublications.aspx?head=Handbook+of+Statistics+on+Indian+States,2007,Office of the Registrar General (SRS),,2026-08-06
infant-mortality-rate,Punjab,2008,41.0,"RBI Handbook of Statistics on Indian States, Table 4: State-wise Infant Mortality Rate",https://www.rbi.org.in/Scripts/AnnualPublications.aspx?head=Handbook+of+Statistics+on+Indian+States,2008,Office of the Registrar General (SRS),,2026-08-06
infant-mortality-rate,Punjab,2009,38.0,"RBI Handbook of Statistics on Indian States, Table 4: State-wise Infant Mortality Rate",https://www.rbi.org.in/Scripts/AnnualPublications.aspx?head=Handbook+of+Statistics+on+Indian+States,2009,Office of the Registrar General (SRS),,2026-08-06
infant-mortality-rate,Punjab,2010,34.0,"RBI Handbook of Statistics on Indian States, Table 4: State-wise Infant Mortality Rate",https://www.rbi.org.in/Scripts/AnnualPublications.aspx?head=Handbook+of+Statistics+on+Indian+States,2010,Office of the Registrar General (SRS),,2026-08-06
infant-mortality-rate,Rajasthan,2004,67.0,"RBI Handbook of Statistics on Indian States, Table 4: State-wise Infant Mortality Rate",https://www.rbi.org.in/Scripts/AnnualPublications.aspx?head=Handbook+of+Statistics+on+Indian+States,2004,Office of the Registrar General (SRS),,2026-08-06
infant-mortality-rate,Rajasthan,2005,68.0,"RBI Handbook of Statistics on Indian States, Table 4: State-wise Infant Mortality Rate",https://www.rbi.org.in/Scripts/AnnualPublications.aspx?head=Handbook+of+Statistics+on+Indian+States,2005,Office of the Registrar General (SRS),,2026-08-06
infant-mortality-rate,Rajasthan,2006,67.0,"RBI Handbook of Statistics on Indian States, Table 4: State-wise Infant Mortality Rate",https://www.rbi.org.in/Scripts/AnnualPublications.aspx?head=Handbook+of+Statistics+on+Indian+States,2006,Office of the Registrar General (SRS),,2026-08-06
infant-mortality-rate,Rajasthan,2007,65.0,"RBI Handbook of Statistics on Indian States, Table 4: State-wise Infant Mortality Rate",https://www.rbi.org.in/Scripts/AnnualPublications.aspx?head=Handbook+of+Statistics+on+Indian+States,2007,Office of the Registrar General (SRS),,2026-08-06
infant-mortality-rate,Rajasthan,2008,63.0,"RBI Handbook of Statistics on Indian States, Table 4: State-wise Infant Mortality Rate",https://www.rbi.org.in/Scripts/AnnualPublications.aspx?head=Handbook+of+Statistics+on+Indian+States,2008,Office of the Registrar General (SRS),,2026-08-06
infant-mortality-rate,Rajasthan,2009,59.0,"RBI Handbook of Statistics on Indian States, Table 4: State-wise Infant Mortality Rate",https://www.rbi.org.in/Scripts/AnnualPublications.aspx?head=Handbook+of+Statistics+on+Indian+States,2009,Office of the Registrar General (SRS),,2026-08-06
infant-mortality-rate,Rajasthan,2010,55.0,"RBI Handbook of Statistics on Indian States, Table 4: State-wise Infant Mortality Rate",https://www.rbi.org.in/Scripts/AnnualPublications.aspx?head=Handbook+of+Statistics+on+Indian+States,2010,Office of the Registrar General (SRS),,2026-08-06
infant-mortality-rate,Sikkim,2004,32.0,"RBI Handbook of Statistics on Indian States, Table 4: State-wise Infant Mortality Rate",https://www.rbi.org.in/Scripts/AnnualPublications.aspx?head=Handbook+of+Statistics+on+Indian+States,2004,Office of the Registrar General (SRS),,2026-08-06
infant-mortality-rate,Sikkim,2005,30.0,"RBI Handbook of Statistics on Indian States, Table 4: State-wise Infant Mortality Rate",https://www.rbi.org.in/Scripts/AnnualPublications.aspx?head=Handbook+of+Statistics+on+Indian+States,2005,Office of the Registrar General (SRS),,2026-08-06
infant-mortality-rate,Sikkim,2006,33.0,"RBI Handbook of Statistics on Indian States, Table 4: State-wise Infant Mortality Rate",https://www.rbi.org.in/Scripts/AnnualPublications.aspx?head=Handbook+of+Statistics+on+Indian+States,2006,Office of the Registrar General (SRS),,2026-08-06
infant-mortality-rate,Sikkim,2007,34.0,"RBI Handbook of Statistics on Indian States, Table 4: State-wise Infant Mortality Rate",https://www.rbi.org.in/Scripts/AnnualPublications.aspx?head=Handbook+of+Statistics+on+Indian+States,2007,Office of the Registrar General (SRS),,2026-08-06
infant-mortality-rate,Sikkim,2008,33.0,"RBI Handbook of Statistics on Indian States, Table 4: State-wise Infant Mortality Rate",https://www.rbi.org.in/Scripts/AnnualPublications.aspx?head=Handbook+of+Statistics+on+Indian+States,2008,Office of the Registrar General (SRS),,2026-08-06
infant-mortality-rate,Sikkim,2009,34.0,"RBI Handbook of Statistics on Indian States, Table 4: State-wise Infant Mortality Rate",https://www.rbi.org.in/Scripts/AnnualPublications.aspx?head=Handbook+of+Statistics+on+Indian+States,2009,Office of the Registrar General (SRS),,2026-08-06
infant-mortality-rate,Sikkim,2010,30.0,"RBI Handbook of Statistics on Indian States, Table 4: State-wise Infant Mortality Rate",https://www.rbi.org.in/Scripts/AnnualPublications.aspx?head=Handbook+of+Statistics+on+Indian+States,2010,Office of the Registrar General (SRS),,2026-08-06
infant-mortality-rate,Tamil Nadu,2004,41.0,"RBI Handbook of Statistics on Indian States, Table 4: State-wise Infant Mortality Rate",https://www.rbi.org.in/Scripts/AnnualPublications.aspx?head=Handbook+of+Statistics+on+Indian+States,2004,Office of the Registrar General (SRS),,2026-08-06
infant-mortality-rate,Tamil Nadu,2005,37.0,"RBI Handbook of Statistics on Indian States, Table 4: State-wise Infant Mortality Rate",https://www.rbi.org.in/Scripts/AnnualPublications.aspx?head=Handbook+of+Statistics+on+Indian+States,2005,Office of the Registrar General (SRS),,2026-08-06
infant-mortality-rate,Tamil Nadu,2006,37.0,"RBI Handbook of Statistics on Indian States, Table 4: State-wise Infant Mortality Rate",https://www.rbi.org.in/Scripts/AnnualPublications.aspx?head=Handbook+of+Statistics+on+Indian+States,2006,Office of the Registrar General (SRS),,2026-08-06
infant-mortality-rate,Tamil Nadu,2007,35.0,"RBI Handbook of Statistics on Indian States, Table 4: State-wise Infant Mortality Rate",https://www.rbi.org.in/Scripts/AnnualPublications.aspx?head=Handbook+of+Statistics+on+Indian+States,2007,Office of the Registrar General (SRS),,2026-08-06
infant-mortality-rate,Tamil Nadu,2008,31.0,"RBI Handbook of Statistics on Indian States, Table 4: State-wise Infant Mortality Rate",https://www.rbi.org.in/Scripts/AnnualPublications.aspx?head=Handbook+of+Statistics+on+Indian+States,2008,Office of the Registrar General (SRS),,2026-08-06
infant-mortality-rate,Tamil Nadu,2009,28.0,"RBI Handbook of Statistics on Indian States, Table 4: State-wise Infant Mortality Rate",https://www.rbi.org.in/Scripts/AnnualPublications.aspx?head=Handbook+of+Statistics+on+Indian+States,2009,Office of the Registrar General (SRS),,2026-08-06
infant-mortality-rate,Tamil Nadu,2010,24.0,"RBI Handbook of Statistics on Indian States, Table 4: State-wise Infant Mortality Rate",https://www.rbi.org.in/Scripts/AnnualPublications.aspx?head=Handbook+of+Statistics+on+Indian+States,2010,Office of the Registrar General (SRS),,2026-08-06
infant-mortality-rate,Tripura,2004,32.0,"RBI Handbook of Statistics on Indian States, Table 4: State-wise Infant Mortality Rate",https://www.rbi.org.in/Scripts/AnnualPublications.aspx?head=Handbook+of+Statistics+on+Indian+States,2004,Office of the Registrar General (SRS),,2026-08-06
infant-mortality-rate,Tripura,2005,31.0,"RBI Handbook of Statistics on Indian States, Table 4: State-wise Infant Mortality Rate",https://www.rbi.org.in/Scripts/AnnualPublications.aspx?head=Handbook+of+Statistics+on+Indian+States,2005,Office of the Registrar General (SRS),,2026-08-06
infant-mortality-rate,Tripura,2006,36.0,"RBI Handbook of Statistics on Indian States, Table 4: State-wise Infant Mortality Rate",https://www.rbi.org.in/Scripts/AnnualPublications.aspx?head=Handbook+of+Statistics+on+Indian+States,2006,Office of the Registrar General (SRS),,2026-08-06
infant-mortality-rate,Tripura,2007,39.0,"RBI Handbook of Statistics on Indian States, Table 4: State-wise Infant Mortality Rate",https://www.rbi.org.in/Scripts/AnnualPublications.aspx?head=Handbook+of+Statistics+on+Indian+States,2007,Office of the Registrar General (SRS),,2026-08-06
infant-mortality-rate,Tripura,2008,34.0,"RBI Handbook of Statistics on Indian States, Table 4: State-wise Infant Mortality Rate",https://www.rbi.org.in/Scripts/AnnualPublications.aspx?head=Handbook+of+Statistics+on+Indian+States,2008,Office of the Registrar General (SRS),,2026-08-06
infant-mortality-rate,Tripura,2009,31.0,"RBI Handbook of Statistics on Indian States, Table 4: State-wise Infant Mortality Rate",https://www.rbi.org.in/Scripts/AnnualPublications.aspx?head=Handbook+of+Statistics+on+Indian+States,2009,Office of the Registrar General (SRS),,2026-08-06
infant-mortality-rate,Tripura,2010,27.0,"RBI Handbook of Statistics on Indian States, Table 4: State-wise Infant Mortality Rate",https://www.rbi.org.in/Scripts/AnnualPublications.aspx?head=Handbook+of+Statistics+on+Indian+States,2010,Office of the Registrar General (SRS),,2026-08-06
infant-mortality-rate,Uttar Pradesh,2004,72.0,"RBI Handbook of Statistics on Indian States, Table 4: State-wise Infant Mortality Rate",https://www.rbi.org.in/Scripts/AnnualPublications.aspx?head=Handbook+of+Statistics+on+Indian+States,2004,Office of the Registrar General (SRS),,2026-08-06
infant-mortality-rate,Uttar Pradesh,2005,73.0,"RBI Handbook of Statistics on Indian States, Table 4: State-wise Infant Mortality Rate",https://www.rbi.org.in/Scripts/AnnualPublications.aspx?head=Handbook+of+Statistics+on+Indian+States,2005,Office of the Registrar General (SRS),,2026-08-06
infant-mortality-rate,Uttar Pradesh,2006,71.0,"RBI Handbook of Statistics on Indian States, Table 4: State-wise Infant Mortality Rate",https://www.rbi.org.in/Scripts/AnnualPublications.aspx?head=Handbook+of+Statistics+on+Indian+States,2006,Office of the Registrar General (SRS),,2026-08-06
infant-mortality-rate,Uttar Pradesh,2007,69.0,"RBI Handbook of Statistics on Indian States, Table 4: State-wise Infant Mortality Rate",https://www.rbi.org.in/Scripts/AnnualPublications.aspx?head=Handbook+of+Statistics+on+Indian+States,2007,Office of the Registrar General (SRS),,2026-08-06
infant-mortality-rate,Uttar Pradesh,2008,67.0,"RBI Handbook of Statistics on Indian States, Table 4: State-wise Infant Mortality Rate",https://www.rbi.org.in/Scripts/AnnualPublications.aspx?head=Handbook+of+Statistics+on+Indian+States,2008,Office of the Registrar General (SRS),,2026-08-06
infant-mortality-rate,Uttar Pradesh,2009,63.0,"RBI Handbook of Statistics on Indian States, Table 4: State-wise Infant Mortality Rate",https://www.rbi.org.in/Scripts/AnnualPublications.aspx?head=Handbook+of+Statistics+on+Indian+States,2009,Office of the Registrar General (SRS),,2026-08-06
infant-mortality-rate,Uttar Pradesh,2010,61.0,"RBI Handbook of Statistics on Indian States, Table 4: State-wise Infant Mortality Rate",https://www.rbi.org.in/Scripts/AnnualPublications.aspx?head=Handbook+of+Statistics+on+Indian+States,2010,Office of the Registrar General (SRS),,2026-08-06
infant-mortality-rate,Uttarakhand,2004,42.0,"RBI Handbook of Statistics on Indian States, Table 4: State-wise Infant Mortality Rate",https://www.rbi.org.in/Scripts/AnnualPublications.aspx?head=Handbook+of+Statistics+on+Indian+States,2004,Office of the Registrar General (SRS),,2026-08-06
infant-mortality-rate,Uttarakhand,2005,42.0,"RBI Handbook of Statistics on Indian States, Table 4: State-wise Infant Mortality Rate",https://www.rbi.org.in/Scripts/AnnualPublications.aspx?head=Handbook+of+Statistics+on+Indian+States,2005,Office of the Registrar General (SRS),,2026-08-06
infant-mortality-rate,Uttarakhand,2006,43.0,"RBI Handbook of Statistics on Indian States, Table 4: State-wise Infant Mortality Rate",https://www.rbi.org.in/Scripts/AnnualPublications.aspx?head=Handbook+of+Statistics+on+Indian+States,2006,Office of the Registrar General (SRS),,2026-08-06
infant-mortality-rate,Uttarakhand,2007,48.0,"RBI Handbook of Statistics on Indian States, Table 4: State-wise Infant Mortality Rate",https://www.rbi.org.in/Scripts/AnnualPublications.aspx?head=Handbook+of+Statistics+on+Indian+States,2007,Office of the Registrar General (SRS),,2026-08-06
infant-mortality-rate,Uttarakhand,2008,44.0,"RBI Handbook of Statistics on Indian States, Table 4: State-wise Infant Mortality Rate",https://www.rbi.org.in/Scripts/AnnualPublications.aspx?head=Handbook+of+Statistics+on+Indian+States,2008,Office of the Registrar General (SRS),,2026-08-06
infant-mortality-rate,Uttarakhand,2009,41.0,"RBI Handbook of Statistics on Indian States, Table 4: State-wise Infant Mortality Rate",https://www.rbi.org.in/Scripts/AnnualPublications.aspx?head=Handbook+of+Statistics+on+Indian+States,2009,Office of the Registrar General (SRS),,2026-08-06
infant-mortality-rate,Uttarakhand,2010,38.0,"RBI Handbook of Statistics on Indian States, Table 4: State-wise Infant Mortality Rate",https://www.rbi.org.in/Scripts/AnnualPublications.aspx?head=Handbook+of+Statistics+on+Indian+States,2010,Office of the Registrar General (SRS),,2026-08-06
infant-mortality-rate,West Bengal,2004,40.0,"RBI Handbook of Statistics on Indian States, Table 4: State-wise Infant Mortality Rate",https://www.rbi.org.in/Scripts/AnnualPublications.aspx?head=Handbook+of+Statistics+on+Indian+States,2004,Office of the Registrar General (SRS),,2026-08-06
infant-mortality-rate,West Bengal,2005,38.0,"RBI Handbook of Statistics on Indian States, Table 4: State-wise Infant Mortality Rate",https://www.rbi.org.in/Scripts/AnnualPublications.aspx?head=Handbook+of+Statistics+on+Indian+States,2005,Office of the Registrar General (SRS),,2026-08-06
infant-mortality-rate,West Bengal,2006,38.0,"RBI Handbook of Statistics on Indian States, Table 4: State-wise Infant Mortality Rate",https://www.rbi.org.in/Scripts/AnnualPublications.aspx?head=Handbook+of+Statistics+on+Indian+States,2006,Office of the Registrar General (SRS),,2026-08-06
infant-mortality-rate,West Bengal,2007,37.0,"RBI Handbook of Statistics on Indian States, Table 4: State-wise Infant Mortality Rate",https://www.rbi.org.in/Scripts/AnnualPublications.aspx?head=Handbook+of+Statistics+on+Indian+States,2007,Office of the Registrar General (SRS),,2026-08-06
infant-mortality-rate,West Bengal,2008,35.0,"RBI Handbook of Statistics on Indian States, Table 4: State-wise Infant Mortality Rate",https://www.rbi.org.in/Scripts/AnnualPublications.aspx?head=Handbook+of+Statistics+on+Indian+States,2008,Office of the Registrar General (SRS),,2026-08-06
infant-mortality-rate,West Bengal,2009,33.0,"RBI Handbook of Statistics on Indian States, Table 4: State-wise Infant Mortality Rate",https://www.rbi.org.in/Scripts/AnnualPublications.aspx?head=Handbook+of+Statistics+on+Indian+States,2009,Office of the Registrar General (SRS),,2026-08-06
infant-mortality-rate,West Bengal,2010,31.0,"RBI Handbook of Statistics on Indian States, Table 4: State-wise Infant Mortality Rate",https://www.rbi.org.in/Scripts/AnnualPublications.aspx?head=Handbook+of+Statistics+on+Indian+States,2010,Office of the Registrar General (SRS),,2026-08-06
infant-mortality-rate,India,2004,58.0,"RBI Handbook of Statistics on Indian States, Table 4: State-wise Infant Mortality Rate",https://www.rbi.org.in/Scripts/AnnualPublications.aspx?head=Handbook+of+Statistics+on+Indian+States,2004,Office of the Registrar General (SRS),,2026-08-06
infant-mortality-rate,India,2005,58.0,"RBI Handbook of Statistics on Indian States, Table 4: State-wise Infant Mortality Rate",https://www.rbi.org.in/Scripts/AnnualPublications.aspx?head=Handbook+of+Statistics+on+Indian+States,2005,Office of the Registrar General (SRS),,2026-08-06
infant-mortality-rate,India,2006,57.0,"RBI Handbook of Statistics on Indian States, Table 4: State-wise Infant Mortality Rate",https://www.rbi.org.in/Scripts/AnnualPublications.aspx?head=Handbook+of+Statistics+on+Indian+States,2006,Office of the Registrar General (SRS),,2026-08-06
infant-mortality-rate,India,2007,55.0,"RBI Handbook of Statistics on Indian States, Table 4: State-wise Infant Mortality Rate",https://www.rbi.org.in/Scripts/AnnualPublications.aspx?head=Handbook+of+Statistics+on+Indian+States,2007,Office of the Registrar General (SRS),,2026-08-06
infant-mortality-rate,India,2008,53.0,"RBI Handbook of Statistics on Indian States, Table 4: State-wise Infant Mortality Rate",https://www.rbi.org.in/Scripts/AnnualPublications.aspx?head=Handbook+of+Statistics+on+Indian+States,2008,Office of the Registrar General (SRS),,2026-08-06
infant-mortality-rate,India,2009,50.0,"RBI Handbook of Statistics on Indian States, Table 4: State-wise Infant Mortality Rate",https://www.rbi.org.in/Scripts/AnnualPublications.aspx?head=Handbook+of+Statistics+on+Indian+States,2009,Office of the Registrar General (SRS),,2026-08-06
infant-mortality-rate,India,2010,47.0,"RBI Handbook of Statistics on Indian States, Table 4: State-wise Infant Mortality Rate",https://www.rbi.org.in/Scripts/AnnualPublications.aspx?head=Handbook+of+Statistics+on+Indian+States,2010,Office of the Registrar General (SRS),,2026-08-06
infant-mortality-rate,Andaman and Nicobar Islands,2011,23.0,"RBI Handbook of Statistics on Indian States, Table 4: State-wise Infant Mortality Rate",https://www.rbi.org.in/Scripts/AnnualPublications.aspx?head=Handbook+of+Statistics+on+Indian+States,2011,Office of the Registrar General (SRS),,2026-08-06
infant-mortality-rate,Andaman and Nicobar Islands,2012,24.0,"RBI Handbook of Statistics on Indian States, Table 4: State-wise Infant Mortality Rate",https://www.rbi.org.in/Scripts/AnnualPublications.aspx?head=Handbook+of+Statistics+on+Indian+States,2012,Office of the Registrar General (SRS),,2026-08-06
infant-mortality-rate,Andaman and Nicobar Islands,2013,24.0,"RBI Handbook of Statistics on Indian States, Table 4: State-wise Infant Mortality Rate",https://www.rbi.org.in/Scripts/AnnualPublications.aspx?head=Handbook+of+Statistics+on+Indian+States,2013,Office of the Registrar General (SRS),,2026-08-06
infant-mortality-rate,Andaman and Nicobar Islands,2014,22.0,"RBI Handbook of Statistics on Indian States, Table 4: State-wise Infant Mortality Rate",https://www.rbi.org.in/Scripts/AnnualPublications.aspx?head=Handbook+of+Statistics+on+Indian+States,2014,Office of the Registrar General (SRS),,2026-08-06
infant-mortality-rate,Andaman and Nicobar Islands,2015,20.0,"RBI Handbook of Statistics on Indian States, Table 4: State-wise Infant Mortality Rate",https://www.rbi.org.in/Scripts/AnnualPublications.aspx?head=Handbook+of+Statistics+on+Indian+States,2015,Office of the Registrar General (SRS),,2026-08-06
infant-mortality-rate,Andaman and Nicobar Islands,2016,16.0,"RBI Handbook of Statistics on Indian States, Table 4: State-wise Infant Mortality Rate",https://www.rbi.org.in/Scripts/AnnualPublications.aspx?head=Handbook+of+Statistics+on+Indian+States,2016,Office of the Registrar General (SRS),,2026-08-06
infant-mortality-rate,Andaman and Nicobar Islands,2017,14.0,"RBI Handbook of Statistics on Indian States, Table 4: State-wise Infant Mortality Rate",https://www.rbi.org.in/Scripts/AnnualPublications.aspx?head=Handbook+of+Statistics+on+Indian+States,2017,Office of the Registrar General (SRS),,2026-08-06
infant-mortality-rate,Andaman and Nicobar Islands,2018,9.0,"RBI Handbook of Statistics on Indian States, Table 4: State-wise Infant Mortality Rate",https://www.rbi.org.in/Scripts/AnnualPublications.aspx?head=Handbook+of+Statistics+on+Indian+States,2018,Office of the Registrar General (SRS),,2026-08-06
infant-mortality-rate,Andaman and Nicobar Islands,2019,7.0,"RBI Handbook of Statistics on Indian States, Table 4: State-wise Infant Mortality Rate",https://www.rbi.org.in/Scripts/AnnualPublications.aspx?head=Handbook+of+Statistics+on+Indian+States,2019,Office of the Registrar General (SRS),,2026-08-06
infant-mortality-rate,Andaman and Nicobar Islands,2020,7.0,"RBI Handbook of Statistics on Indian States, Table 4: State-wise Infant Mortality Rate",https://www.rbi.org.in/Scripts/AnnualPublications.aspx?head=Handbook+of+Statistics+on+Indian+States,2020,Office of the Registrar General (SRS),,2026-08-06
infant-mortality-rate,Andaman and Nicobar Islands,2021,7.0,"RBI Handbook of Statistics on Indian States, Table 4: State-wise Infant Mortality Rate",https://www.rbi.org.in/Scripts/AnnualPublications.aspx?head=Handbook+of+Statistics+on+Indian+States,2021,Office of the Registrar General (SRS),,2026-08-06
infant-mortality-rate,Andaman and Nicobar Islands,2022,8.0,"RBI Handbook of Statistics on Indian States, Table 4: State-wise Infant Mortality Rate",https://www.rbi.org.in/Scripts/AnnualPublications.aspx?head=Handbook+of+Statistics+on+Indian+States,2022,Office of the Registrar General (SRS),,2026-08-06
infant-mortality-rate,Andaman and Nicobar Islands,2023,9.0,"RBI Handbook of Statistics on Indian States, Table 4: State-wise Infant Mortality Rate",https://www.rbi.org.in/Scripts/AnnualPublications.aspx?head=Handbook+of+Statistics+on+Indian+States,2023,Office of the Registrar General (SRS),,2026-08-06
infant-mortality-rate,Andhra Pradesh,2011,43.0,"RBI Handbook of Statistics on Indian States, Table 4: State-wise Infant Mortality Rate",https://www.rbi.org.in/Scripts/AnnualPublications.aspx?head=Handbook+of+Statistics+on+Indian+States,2011,Office of the Registrar General (SRS),,2026-08-06
infant-mortality-rate,Andhra Pradesh,2012,41.0,"RBI Handbook of Statistics on Indian States, Table 4: State-wise Infant Mortality Rate",https://www.rbi.org.in/Scripts/AnnualPublications.aspx?head=Handbook+of+Statistics+on+Indian+States,2012,Office of the Registrar General (SRS),,2026-08-06
infant-mortality-rate,Andhra Pradesh,2013,39.0,"RBI Handbook of Statistics on Indian States, Table 4: State-wise Infant Mortality Rate",https://www.rbi.org.in/Scripts/AnnualPublications.aspx?head=Handbook+of+Statistics+on+Indian+States,2013,Office of the Registrar General (SRS),,2026-08-06
infant-mortality-rate,Andhra Pradesh,2014,39.0,"RBI Handbook of Statistics on Indian States, Table 4: State-wise Infant Mortality Rate",https://www.rbi.org.in/Scripts/AnnualPublications.aspx?head=Handbook+of+Statistics+on+Indian+States,2014,Office of the Registrar General (SRS),,2026-08-06
infant-mortality-rate,Andhra Pradesh,2015,37.0,"RBI Handbook of Statistics on Indian States, Table 4: State-wise Infant Mortality Rate",https://www.rbi.org.in/Scripts/AnnualPublications.aspx?head=Handbook+of+Statistics+on+Indian+States,2015,Office of the Registrar General (SRS),,2026-08-06
infant-mortality-rate,Andhra Pradesh,2016,34.0,"RBI Handbook of Statistics on Indian States, Table 4: State-wise Infant Mortality Rate",https://www.rbi.org.in/Scripts/AnnualPublications.aspx?head=Handbook+of+Statistics+on+Indian+States,2016,Office of the Registrar General (SRS),,2026-08-06
infant-mortality-rate,Andhra Pradesh,2017,32.0,"RBI Handbook of Statistics on Indian States, Table 4: State-wise Infant Mortality Rate",https://www.rbi.org.in/Scripts/AnnualPublications.aspx?head=Handbook+of+Statistics+on+Indian+States,2017,Office of the Registrar General (SRS),,2026-08-06
infant-mortality-rate,Andhra Pradesh,2018,29.0,"RBI Handbook of Statistics on Indian States, Table 4: State-wise Infant Mortality Rate",https://www.rbi.org.in/Scripts/AnnualPublications.aspx?head=Handbook+of+Statistics+on+Indian+States,2018,Office of the Registrar General (SRS),,2026-08-06
infant-mortality-rate,Andhra Pradesh,2019,25.0,"RBI Handbook of Statistics on Indian States, Table 4: State-wise Infant Mortality Rate",https://www.rbi.org.in/Scripts/AnnualPublications.aspx?head=Handbook+of+Statistics+on+Indian+States,2019,Office of the Registrar General (SRS),,2026-08-06
infant-mortality-rate,Andhra Pradesh,2020,24.0,"RBI Handbook of Statistics on Indian States, Table 4: State-wise Infant Mortality Rate",https://www.rbi.org.in/Scripts/AnnualPublications.aspx?head=Handbook+of+Statistics+on+Indian+States,2020,Office of the Registrar General (SRS),,2026-08-06
infant-mortality-rate,Andhra Pradesh,2021,22.0,"RBI Handbook of Statistics on Indian States, Table 4: State-wise Infant Mortality Rate",https://www.rbi.org.in/Scripts/AnnualPublications.aspx?head=Handbook+of+Statistics+on+Indian+States,2021,Office of the Registrar General (SRS),,2026-08-06
infant-mortality-rate,Andhra Pradesh,2022,20.0,"RBI Handbook of Statistics on Indian States, Table 4: State-wise Infant Mortality Rate",https://www.rbi.org.in/Scripts/AnnualPublications.aspx?head=Handbook+of+Statistics+on+Indian+States,2022,Office of the Registrar General (SRS),,2026-08-06
infant-mortality-rate,Andhra Pradesh,2023,19.0,"RBI Handbook of Statistics on Indian States, Table 4: State-wise Infant Mortality Rate",https://www.rbi.org.in/Scripts/AnnualPublications.aspx?head=Handbook+of+Statistics+on+Indian+States,2023,Office of the Registrar General (SRS),,2026-08-06
infant-mortality-rate,Arunachal Pradesh,2011,32.0,"RBI Handbook of Statistics on Indian States, Table 4: State-wise Infant Mortality Rate",https://www.rbi.org.in/Scripts/AnnualPublications.aspx?head=Handbook+of+Statistics+on+Indian+States,2011,Office of the Registrar General (SRS),,2026-08-06
infant-mortality-rate,Arunachal Pradesh,2012,33.0,"RBI Handbook of Statistics on Indian States, Table 4: State-wise Infant Mortality Rate",https://www.rbi.org.in/Scripts/AnnualPublications.aspx?head=Handbook+of+Statistics+on+Indian+States,2012,Office of the Registrar General (SRS),,2026-08-06
infant-mortality-rate,Arunachal Pradesh,2013,32.0,"RBI Handbook of Statistics on Indian States, Table 4: State-wise Infant Mortality Rate",https://www.rbi.org.in/Scripts/AnnualPublications.aspx?head=Handbook+of+Statistics+on+Indian+States,2013,Office of the Registrar General (SRS),,2026-08-06
infant-mortality-rate,Arunachal Pradesh,2014,30.0,"RBI Handbook of Statistics on Indian States, Table 4: State-wise Infant Mortality Rate",https://www.rbi.org.in/Scripts/AnnualPublications.aspx?head=Handbook+of+Statistics+on+Indian+States,2014,Office of the Registrar General (SRS),,2026-08-06
infant-mortality-rate,Arunachal Pradesh,2015,30.0,"RBI Handbook of Statistics on Indian States, Table 4: State-wise Infant Mortality Rate",https://www.rbi.org.in/Scripts/AnnualPublications.aspx?head=Handbook+of+Statistics+on+Indian+States,2015,Office of the Registrar General (SRS),,2026-08-06
infant-mortality-rate,Arunachal Pradesh,2016,36.0,"RBI Handbook of Statistics on Indian States, Table 4: State-wise Infant Mortality Rate",https://www.rbi.org.in/Scripts/AnnualPublications.aspx?head=Handbook+of+Statistics+on+Indian+States,2016,Office of the Registrar General (SRS),,2026-08-06
infant-mortality-rate,Arunachal Pradesh,2017,42.0,"RBI Handbook of Statistics on Indian States, Table 4: State-wise Infant Mortality Rate",https://www.rbi.org.in/Scripts/AnnualPublications.aspx?head=Handbook+of+Statistics+on+Indian+States,2017,Office of the Registrar General (SRS),,2026-08-06
infant-mortality-rate,Arunachal Pradesh,2018,37.0,"RBI Handbook of Statistics on Indian States, Table 4: State-wise Infant Mortality Rate",https://www.rbi.org.in/Scripts/AnnualPublications.aspx?head=Handbook+of+Statistics+on+Indian+States,2018,Office of the Registrar General (SRS),,2026-08-06
infant-mortality-rate,Arunachal Pradesh,2019,29.0,"RBI Handbook of Statistics on Indian States, Table 4: State-wise Infant Mortality Rate",https://www.rbi.org.in/Scripts/AnnualPublications.aspx?head=Handbook+of+Statistics+on+Indian+States,2019,Office of the Registrar General (SRS),,2026-08-06
infant-mortality-rate,Arunachal Pradesh,2020,21.0,"RBI Handbook of Statistics on Indian States, Table 4: State-wise Infant Mortality Rate",https://www.rbi.org.in/Scripts/AnnualPublications.aspx?head=Handbook+of+Statistics+on+Indian+States,2020,Office of the Registrar General (SRS),,2026-08-06
infant-mortality-rate,Arunachal Pradesh,2021,21.0,"RBI Handbook of Statistics on Indian States, Table 4: State-wise Infant Mortality Rate",https://www.rbi.org.in/Scripts/AnnualPublications.aspx?head=Handbook+of+Statistics+on+Indian+States,2021,Office of the Registrar General (SRS),,2026-08-06
infant-mortality-rate,Arunachal Pradesh,2022,19.0,"RBI Handbook of Statistics on Indian States, Table 4: State-wise Infant Mortality Rate",https://www.rbi.org.in/Scripts/AnnualPublications.aspx?head=Handbook+of+Statistics+on+Indian+States,2022,Office of the Registrar General (SRS),,2026-08-06
infant-mortality-rate,Arunachal Pradesh,2023,20.0,"RBI Handbook of Statistics on Indian States, Table 4: State-wise Infant Mortality Rate",https://www.rbi.org.in/Scripts/AnnualPublications.aspx?head=Handbook+of+Statistics+on+Indian+States,2023,Office of the Registrar General (SRS),,2026-08-06
infant-mortality-rate,Assam,2011,55.0,"RBI Handbook of Statistics on Indian States, Table 4: State-wise Infant Mortality Rate",https://www.rbi.org.in/Scripts/AnnualPublications.aspx?head=Handbook+of+Statistics+on+Indian+States,2011,Office of the Registrar General (SRS),,2026-08-06
infant-mortality-rate,Assam,2012,55.0,"RBI Handbook of Statistics on Indian States, Table 4: State-wise Infant Mortality Rate",https://www.rbi.org.in/Scripts/AnnualPublications.aspx?head=Handbook+of+Statistics+on+Indian+States,2012,Office of the Registrar General (SRS),,2026-08-06
infant-mortality-rate,Assam,2013,54.0,"RBI Handbook of Statistics on Indian States, Table 4: State-wise Infant Mortality Rate",https://www.rbi.org.in/Scripts/AnnualPublications.aspx?head=Handbook+of+Statistics+on+Indian+States,2013,Office of the Registrar General (SRS),,2026-08-06
infant-mortality-rate,Assam,2014,49.0,"RBI Handbook of Statistics on Indian States, Table 4: State-wise Infant Mortality Rate",https://www.rbi.org.in/Scripts/AnnualPublications.aspx?head=Handbook+of+Statistics+on+Indian+States,2014,Office of the Registrar General (SRS),,2026-08-06
infant-mortality-rate,Assam,2015,47.0,"RBI Handbook of Statistics on Indian States, Table 4: State-wise Infant Mortality Rate",https://www.rbi.org.in/Scripts/AnnualPublications.aspx?head=Handbook+of+Statistics+on+Indian+States,2015,Office of the Registrar General (SRS),,2026-08-06
infant-mortality-rate,Assam,2016,44.0,"RBI Handbook of Statistics on Indian States, Table 4: State-wise Infant Mortality Rate",https://www.rbi.org.in/Scripts/AnnualPublications.aspx?head=Handbook+of+Statistics+on+Indian+States,2016,Office of the Registrar General (SRS),,2026-08-06
infant-mortality-rate,Assam,2017,44.0,"RBI Handbook of Statistics on Indian States, Table 4: State-wise Infant Mortality Rate",https://www.rbi.org.in/Scripts/AnnualPublications.aspx?head=Handbook+of+Statistics+on+Indian+States,2017,Office of the Registrar General (SRS),,2026-08-06
infant-mortality-rate,Assam,2018,41.0,"RBI Handbook of Statistics on Indian States, Table 4: State-wise Infant Mortality Rate",https://www.rbi.org.in/Scripts/AnnualPublications.aspx?head=Handbook+of+Statistics+on+Indian+States,2018,Office of the Registrar General (SRS),,2026-08-06
infant-mortality-rate,Assam,2019,40.0,"RBI Handbook of Statistics on Indian States, Table 4: State-wise Infant Mortality Rate",https://www.rbi.org.in/Scripts/AnnualPublications.aspx?head=Handbook+of+Statistics+on+Indian+States,2019,Office of the Registrar General (SRS),,2026-08-06
infant-mortality-rate,Assam,2020,36.0,"RBI Handbook of Statistics on Indian States, Table 4: State-wise Infant Mortality Rate",https://www.rbi.org.in/Scripts/AnnualPublications.aspx?head=Handbook+of+Statistics+on+Indian+States,2020,Office of the Registrar General (SRS),,2026-08-06
infant-mortality-rate,Assam,2021,34.0,"RBI Handbook of Statistics on Indian States, Table 4: State-wise Infant Mortality Rate",https://www.rbi.org.in/Scripts/AnnualPublications.aspx?head=Handbook+of+Statistics+on+Indian+States,2021,Office of the Registrar General (SRS),,2026-08-06
infant-mortality-rate,Assam,2022,32.0,"RBI Handbook of Statistics on Indian States, Table 4: State-wise Infant Mortality Rate",https://www.rbi.org.in/Scripts/AnnualPublications.aspx?head=Handbook+of+Statistics+on+Indian+States,2022,Office of the Registrar General (SRS),,2026-08-06
infant-mortality-rate,Assam,2023,30.0,"RBI Handbook of Statistics on Indian States, Table 4: State-wise Infant Mortality Rate",https://www.rbi.org.in/Scripts/AnnualPublications.aspx?head=Handbook+of+Statistics+on+Indian+States,2023,Office of the Registrar General (SRS),,2026-08-06
infant-mortality-rate,Bihar,2011,44.0,"RBI Handbook of Statistics on Indian States, Table 4: State-wise Infant Mortality Rate",https://www.rbi.org.in/Scripts/AnnualPublications.aspx?head=Handbook+of+Statistics+on+Indian+States,2011,Office of the Registrar General (SRS),,2026-08-06
infant-mortality-rate,Bihar,2012,43.0,"RBI Handbook of Statistics on Indian States, Table 4: State-wise Infant Mortality Rate",https://www.rbi.org.in/Scripts/AnnualPublications.aspx?head=Handbook+of+Statistics+on+Indian+States,2012,Office of the Registrar General (SRS),,2026-08-06
infant-mortality-rate,Bihar,2013,42.0,"RBI Handbook of Statistics on Indian States, Table 4: State-wise Infant Mortality Rate",https://www.rbi.org.in/Scripts/AnnualPublications.aspx?head=Handbook+of+Statistics+on+Indian+States,2013,Office of the Registrar General (SRS),,2026-08-06
infant-mortality-rate,Bihar,2014,42.0,"RBI Handbook of Statistics on Indian States, Table 4: State-wise Infant Mortality Rate",https://www.rbi.org.in/Scripts/AnnualPublications.aspx?head=Handbook+of+Statistics+on+Indian+States,2014,Office of the Registrar General (SRS),,2026-08-06
infant-mortality-rate,Bihar,2015,42.0,"RBI Handbook of Statistics on Indian States, Table 4: State-wise Infant Mortality Rate",https://www.rbi.org.in/Scripts/AnnualPublications.aspx?head=Handbook+of+Statistics+on+Indian+States,2015,Office of the Registrar General (SRS),,2026-08-06
infant-mortality-rate,Bihar,2016,38.0,"RBI Handbook of Statistics on Indian States, Table 4: State-wise Infant Mortality Rate",https://www.rbi.org.in/Scripts/AnnualPublications.aspx?head=Handbook+of+Statistics+on+Indian+States,2016,Office of the Registrar General (SRS),,2026-08-06
infant-mortality-rate,Bihar,2017,35.0,"RBI Handbook of Statistics on Indian States, Table 4: State-wise Infant Mortality Rate",https://www.rbi.org.in/Scripts/AnnualPublications.aspx?head=Handbook+of+Statistics+on+Indian+States,2017,Office of the Registrar General (SRS),,2026-08-06
infant-mortality-rate,Bihar,2018,32.0,"RBI Handbook of Statistics on Indian States, Table 4: State-wise Infant Mortality Rate",https://www.rbi.org.in/Scripts/AnnualPublications.aspx?head=Handbook+of+Statistics+on+Indian+States,2018,Office of the Registrar General (SRS),,2026-08-06
infant-mortality-rate,Bihar,2019,29.0,"RBI Handbook of Statistics on Indian States, Table 4: State-wise Infant Mortality Rate",https://www.rbi.org.in/Scripts/AnnualPublications.aspx?head=Handbook+of+Statistics+on+Indian+States,2019,Office of the Registrar General (SRS),,2026-08-06
infant-mortality-rate,Bihar,2020,27.0,"RBI Handbook of Statistics on Indian States, Table 4: State-wise Infant Mortality Rate",https://www.rbi.org.in/Scripts/AnnualPublications.aspx?head=Handbook+of+Statistics+on+Indian+States,2020,Office of the Registrar General (SRS),,2026-08-06
infant-mortality-rate,Bihar,2021,27.0,"RBI Handbook of Statistics on Indian States, Table 4: State-wise Infant Mortality Rate",https://www.rbi.org.in/Scripts/AnnualPublications.aspx?head=Handbook+of+Statistics+on+Indian+States,2021,Office of the Registrar General (SRS),,2026-08-06
infant-mortality-rate,Bihar,2022,26.0,"RBI Handbook of Statistics on Indian States, Table 4: State-wise Infant Mortality Rate",https://www.rbi.org.in/Scripts/AnnualPublications.aspx?head=Handbook+of+Statistics+on+Indian+States,2022,Office of the Registrar General (SRS),,2026-08-06
infant-mortality-rate,Bihar,2023,23.0,"RBI Handbook of Statistics on Indian States, Table 4: State-wise Infant Mortality Rate",https://www.rbi.org.in/Scripts/AnnualPublications.aspx?head=Handbook+of+Statistics+on+Indian+States,2023,Office of the Registrar General (SRS),,2026-08-06
infant-mortality-rate,Chandigarh,2011,20.0,"RBI Handbook of Statistics on Indian States, Table 4: State-wise Infant Mortality Rate",https://www.rbi.org.in/Scripts/AnnualPublications.aspx?head=Handbook+of+Statistics+on+Indian+States,2011,Office of the Registrar General (SRS),,2026-08-06
infant-mortality-rate,Chandigarh,2012,20.0,"RBI Handbook of Statistics on Indian States, Table 4: State-wise Infant Mortality Rate",https://www.rbi.org.in/Scripts/AnnualPublications.aspx?head=Handbook+of+Statistics+on+Indian+States,2012,Office of the Registrar General (SRS),,2026-08-06
infant-mortality-rate,Chandigarh,2013,21.0,"RBI Handbook of Statistics on Indian States, Table 4: State-wise Infant Mortality Rate",https://www.rbi.org.in/Scripts/AnnualPublications.aspx?head=Handbook+of+Statistics+on+Indian+States,2013,Office of the Registrar General (SRS),,2026-08-06
infant-mortality-rate,Chandigarh,2014,23.0,"RBI Handbook of Statistics on Indian States, Table 4: State-wise Infant Mortality Rate",https://www.rbi.org.in/Scripts/AnnualPublications.aspx?head=Handbook+of+Statistics+on+Indian+States,2014,Office of the Registrar General (SRS),,2026-08-06
infant-mortality-rate,Chandigarh,2015,21.0,"RBI Handbook of Statistics on Indian States, Table 4: State-wise Infant Mortality Rate",https://www.rbi.org.in/Scripts/AnnualPublications.aspx?head=Handbook+of+Statistics+on+Indian+States,2015,Office of the Registrar General (SRS),,2026-08-06
infant-mortality-rate,Chandigarh,2016,14.0,"RBI Handbook of Statistics on Indian States, Table 4: State-wise Infant Mortality Rate",https://www.rbi.org.in/Scripts/AnnualPublications.aspx?head=Handbook+of+Statistics+on+Indian+States,2016,Office of the Registrar General (SRS),,2026-08-06
infant-mortality-rate,Chandigarh,2017,14.0,"RBI Handbook of Statistics on Indian States, Table 4: State-wise Infant Mortality Rate",https://www.rbi.org.in/Scripts/AnnualPublications.aspx?head=Handbook+of+Statistics+on+Indian+States,2017,Office of the Registrar General (SRS),,2026-08-06
infant-mortality-rate,Chandigarh,2018,13.0,"RBI Handbook of Statistics on Indian States, Table 4: State-wise Infant Mortality Rate",https://www.rbi.org.in/Scripts/AnnualPublications.aspx?head=Handbook+of+Statistics+on+Indian+States,2018,Office of the Registrar General (SRS),,2026-08-06
infant-mortality-rate,Chandigarh,2019,13.0,"RBI Handbook of Statistics on Indian States, Table 4: State-wise Infant Mortality Rate",https://www.rbi.org.in/Scripts/AnnualPublications.aspx?head=Handbook+of+Statistics+on+Indian+States,2019,Office of the Registrar General (SRS),,2026-08-06
infant-mortality-rate,Chandigarh,2020,8.0,"RBI Handbook of Statistics on Indian States, Table 4: State-wise Infant Mortality Rate",https://www.rbi.org.in/Scripts/AnnualPublications.aspx?head=Handbook+of+Statistics+on+Indian+States,2020,Office of the Registrar General (SRS),,2026-08-06
infant-mortality-rate,Chandigarh,2021,7.0,"RBI Handbook of Statistics on Indian States, Table 4: State-wise Infant Mortality Rate",https://www.rbi.org.in/Scripts/AnnualPublications.aspx?head=Handbook+of+Statistics+on+Indian+States,2021,Office of the Registrar General (SRS),,2026-08-06
infant-mortality-rate,Chandigarh,2022,8.0,"RBI Handbook of Statistics on Indian States, Table 4: State-wise Infant Mortality Rate",https://www.rbi.org.in/Scripts/AnnualPublications.aspx?head=Handbook+of+Statistics+on+Indian+States,2022,Office of the Registrar General (SRS),,2026-08-06
infant-mortality-rate,Chandigarh,2023,7.0,"RBI Handbook of Statistics on Indian States, Table 4: State-wise Infant Mortality Rate",https://www.rbi.org.in/Scripts/AnnualPublications.aspx?head=Handbook+of+Statistics+on+Indian+States,2023,Office of the Registrar General (SRS),,2026-08-06
infant-mortality-rate,Chhattisgarh,2011,48.0,"RBI Handbook of Statistics on Indian States, Table 4: State-wise Infant Mortality Rate",https://www.rbi.org.in/Scripts/AnnualPublications.aspx?head=Handbook+of+Statistics+on+Indian+States,2011,Office of the Registrar General (SRS),,2026-08-06
infant-mortality-rate,Chhattisgarh,2012,47.0,"RBI Handbook of Statistics on Indian States, Table 4: State-wise Infant Mortality Rate",https://www.rbi.org.in/Scripts/AnnualPublications.aspx?head=Handbook+of+Statistics+on+Indian+States,2012,Office of the Registrar General (SRS),,2026-08-06
infant-mortality-rate,Chhattisgarh,2013,46.0,"RBI Handbook of Statistics on Indian States, Table 4: State-wise Infant Mortality Rate",https://www.rbi.org.in/Scripts/AnnualPublications.aspx?head=Handbook+of+Statistics+on+Indian+States,2013,Office of the Registrar General (SRS),,2026-08-06
infant-mortality-rate,Chhattisgarh,2014,43.0,"RBI Handbook of Statistics on Indian States, Table 4: State-wise Infant Mortality Rate",https://www.rbi.org.in/Scripts/AnnualPublications.aspx?head=Handbook+of+Statistics+on+Indian+States,2014,Office of the Registrar General (SRS),,2026-08-06
infant-mortality-rate,Chhattisgarh,2015,41.0,"RBI Handbook of Statistics on Indian States, Table 4: State-wise Infant Mortality Rate",https://www.rbi.org.in/Scripts/AnnualPublications.aspx?head=Handbook+of+Statistics+on+Indian+States,2015,Office of the Registrar General (SRS),,2026-08-06
infant-mortality-rate,Chhattisgarh,2016,39.0,"RBI Handbook of Statistics on Indian States, Table 4: State-wise Infant Mortality Rate",https://www.rbi.org.in/Scripts/AnnualPublications.aspx?head=Handbook+of+Statistics+on+Indian+States,2016,Office of the Registrar General (SRS),,2026-08-06
infant-mortality-rate,Chhattisgarh,2017,38.0,"RBI Handbook of Statistics on Indian States, Table 4: State-wise Infant Mortality Rate",https://www.rbi.org.in/Scripts/AnnualPublications.aspx?head=Handbook+of+Statistics+on+Indian+States,2017,Office of the Registrar General (SRS),,2026-08-06
infant-mortality-rate,Chhattisgarh,2018,41.0,"RBI Handbook of Statistics on Indian States, Table 4: State-wise Infant Mortality Rate",https://www.rbi.org.in/Scripts/AnnualPublications.aspx?head=Handbook+of+Statistics+on+Indian+States,2018,Office of the Registrar General (SRS),,2026-08-06
infant-mortality-rate,Chhattisgarh,2019,40.0,"RBI Handbook of Statistics on Indian States, Table 4: State-wise Infant Mortality Rate",https://www.rbi.org.in/Scripts/AnnualPublications.aspx?head=Handbook+of+Statistics+on+Indian+States,2019,Office of the Registrar General (SRS),,2026-08-06
infant-mortality-rate,Chhattisgarh,2020,38.0,"RBI Handbook of Statistics on Indian States, Table 4: State-wise Infant Mortality Rate",https://www.rbi.org.in/Scripts/AnnualPublications.aspx?head=Handbook+of+Statistics+on+Indian+States,2020,Office of the Registrar General (SRS),,2026-08-06
infant-mortality-rate,Chhattisgarh,2021,38.0,"RBI Handbook of Statistics on Indian States, Table 4: State-wise Infant Mortality Rate",https://www.rbi.org.in/Scripts/AnnualPublications.aspx?head=Handbook+of+Statistics+on+Indian+States,2021,Office of the Registrar General (SRS),,2026-08-06
infant-mortality-rate,Chhattisgarh,2022,38.0,"RBI Handbook of Statistics on Indian States, Table 4: State-wise Infant Mortality Rate",https://www.rbi.org.in/Scripts/AnnualPublications.aspx?head=Handbook+of+Statistics+on+Indian+States,2022,Office of the Registrar General (SRS),,2026-08-06
infant-mortality-rate,Chhattisgarh,2023,37.0,"RBI Handbook of Statistics on Indian States, Table 4: State-wise Infant Mortality Rate",https://www.rbi.org.in/Scripts/AnnualPublications.aspx?head=Handbook+of+Statistics+on+Indian+States,2023,Office of the Registrar General (SRS),,2026-08-06
infant-mortality-rate,Dadra and Nagar Haveli,2011,35.0,"RBI Handbook of Statistics on Indian States, Table 4: State-wise Infant Mortality Rate",https://www.rbi.org.in/Scripts/AnnualPublications.aspx?head=Handbook+of+Statistics+on+Indian+States,2011,Office of the Registrar General (SRS),RBI footnote: figures for Dadra & Nagar Haveli include Daman & Diu.,2026-08-06
infant-mortality-rate,Dadra and Nagar Haveli,2012,33.0,"RBI Handbook of Statistics on Indian States, Table 4: State-wise Infant Mortality Rate",https://www.rbi.org.in/Scripts/AnnualPublications.aspx?head=Handbook+of+Statistics+on+Indian+States,2012,Office of the Registrar General (SRS),RBI footnote: figures for Dadra & Nagar Haveli include Daman & Diu.,2026-08-06
infant-mortality-rate,Dadra and Nagar Haveli,2013,31.0,"RBI Handbook of Statistics on Indian States, Table 4: State-wise Infant Mortality Rate",https://www.rbi.org.in/Scripts/AnnualPublications.aspx?head=Handbook+of+Statistics+on+Indian+States,2013,Office of the Registrar General (SRS),RBI footnote: figures for Dadra & Nagar Haveli include Daman & Diu.,2026-08-06
infant-mortality-rate,Dadra and Nagar Haveli,2014,26.0,"RBI Handbook of Statistics on Indian States, Table 4: State-wise Infant Mortality Rate",https://www.rbi.org.in/Scripts/AnnualPublications.aspx?head=Handbook+of+Statistics+on+Indian+States,2014,Office of the Registrar General (SRS),RBI footnote: figures for Dadra & Nagar Haveli include Daman & Diu.,2026-08-06
infant-mortality-rate,Dadra and Nagar Haveli,2015,21.0,"RBI Handbook of Statistics on Indian States, Table 4: State-wise Infant Mortality Rate",https://www.rbi.org.in/Scripts/AnnualPublications.aspx?head=Handbook+of+Statistics+on+Indian+States,2015,Office of the Registrar General (SRS),RBI footnote: figures for Dadra & Nagar Haveli include Daman & Diu.,2026-08-06
infant-mortality-rate,Dadra and Nagar Haveli,2016,17.0,"RBI Handbook of Statistics on Indian States, Table 4: State-wise Infant Mortality Rate",https://www.rbi.org.in/Scripts/AnnualPublications.aspx?head=Handbook+of+Statistics+on+Indian+States,2016,Office of the Registrar General (SRS),RBI footnote: figures for Dadra & Nagar Haveli include Daman & Diu.,2026-08-06
infant-mortality-rate,Dadra and Nagar Haveli,2017,13.0,"RBI Handbook of Statistics on Indian States, Table 4: State-wise Infant Mortality Rate",https://www.rbi.org.in/Scripts/AnnualPublications.aspx?head=Handbook+of+Statistics+on+Indian+States,2017,Office of the Registrar General (SRS),RBI footnote: figures for Dadra & Nagar Haveli include Daman & Diu.,2026-08-06
infant-mortality-rate,Dadra and Nagar Haveli,2018,13.0,"RBI Handbook of Statistics on Indian States, Table 4: State-wise Infant Mortality Rate",https://www.rbi.org.in/Scripts/AnnualPublications.aspx?head=Handbook+of+Statistics+on+Indian+States,2018,Office of the Registrar General (SRS),RBI footnote: figures for Dadra & Nagar Haveli include Daman & Diu.,2026-08-06
infant-mortality-rate,Dadra and Nagar Haveli,2019,11.0,"RBI Handbook of Statistics on Indian States, Table 4: State-wise Infant Mortality Rate",https://www.rbi.org.in/Scripts/AnnualPublications.aspx?head=Handbook+of+Statistics+on+Indian+States,2019,Office of the Registrar General (SRS),RBI footnote: figures for Dadra & Nagar Haveli include Daman & Diu.,2026-08-06
infant-mortality-rate,Delhi,2011,28.0,"RBI Handbook of Statistics on Indian States, Table 4: State-wise Infant Mortality Rate",https://www.rbi.org.in/Scripts/AnnualPublications.aspx?head=Handbook+of+Statistics+on+Indian+States,2011,Office of the Registrar General (SRS),,2026-08-06
infant-mortality-rate,Delhi,2012,25.0,"RBI Handbook of Statistics on Indian States, Table 4: State-wise Infant Mortality Rate",https://www.rbi.org.in/Scripts/AnnualPublications.aspx?head=Handbook+of+Statistics+on+Indian+States,2012,Office of the Registrar General (SRS),,2026-08-06
infant-mortality-rate,Delhi,2013,24.0,"RBI Handbook of Statistics on Indian States, Table 4: State-wise Infant Mortality Rate",https://www.rbi.org.in/Scripts/AnnualPublications.aspx?head=Handbook+of+Statistics+on+Indian+States,2013,Office of the Registrar General (SRS),,2026-08-06
infant-mortality-rate,Delhi,2014,20.0,"RBI Handbook of Statistics on Indian States, Table 4: State-wise Infant Mortality Rate",https://www.rbi.org.in/Scripts/AnnualPublications.aspx?head=Handbook+of+Statistics+on+Indian+States,2014,Office of the Registrar General (SRS),,2026-08-06
infant-mortality-rate,Delhi,2015,18.0,"RBI Handbook of Statistics on Indian States, Table 4: State-wise Infant Mortality Rate",https://www.rbi.org.in/Scripts/AnnualPublications.aspx?head=Handbook+of+Statistics+on+Indian+States,2015,Office of the Registrar General (SRS),,2026-08-06
infant-mortality-rate,Delhi,2016,18.0,"RBI Handbook of Statistics on Indian States, Table 4: State-wise Infant Mortality Rate",https://www.rbi.org.in/Scripts/AnnualPublications.aspx?head=Handbook+of+Statistics+on+Indian+States,2016,Office of the Registrar General (SRS),,2026-08-06
infant-mortality-rate,Delhi,2017,16.0,"RBI Handbook of Statistics on Indian States, Table 4: State-wise Infant Mortality Rate",https://www.rbi.org.in/Scripts/AnnualPublications.aspx?head=Handbook+of+Statistics+on+Indian+States,2017,Office of the Registrar General (SRS),,2026-08-06
infant-mortality-rate,Delhi,2018,13.0,"RBI Handbook of Statistics on Indian States, Table 4: State-wise Infant Mortality Rate",https://www.rbi.org.in/Scripts/AnnualPublications.aspx?head=Handbook+of+Statistics+on+Indian+States,2018,Office of the Registrar General (SRS),,2026-08-06
infant-mortality-rate,Delhi,2019,11.0,"RBI Handbook of Statistics on Indian States, Table 4: State-wise Infant Mortality Rate",https://www.rbi.org.in/Scripts/AnnualPublications.aspx?head=Handbook+of+Statistics+on+Indian+States,2019,Office of the Registrar General (SRS),,2026-08-06
infant-mortality-rate,Delhi,2020,12.0,"RBI Handbook of Statistics on Indian States, Table 4: State-wise Infant Mortality Rate",https://www.rbi.org.in/Scripts/AnnualPublications.aspx?head=Handbook+of+Statistics+on+Indian+States,2020,Office of the Registrar General (SRS),,2026-08-06
infant-mortality-rate,Delhi,2021,12.0,"RBI Handbook of Statistics on Indian States, Table 4: State-wise Infant Mortality Rate",https://www.rbi.org.in/Scripts/AnnualPublications.aspx?head=Handbook+of+Statistics+on+Indian+States,2021,Office of the Registrar General (SRS),,2026-08-06
infant-mortality-rate,Delhi,2022,12.0,"RBI Handbook of Statistics on Indian States, Table 4: State-wise Infant Mortality Rate",https://www.rbi.org.in/Scripts/AnnualPublications.aspx?head=Handbook+of+Statistics+on+Indian+States,2022,Office of the Registrar General (SRS),,2026-08-06
infant-mortality-rate,Delhi,2023,14.0,"RBI Handbook of Statistics on Indian States, Table 4: State-wise Infant Mortality Rate",https://www.rbi.org.in/Scripts/AnnualPublications.aspx?head=Handbook+of+Statistics+on+Indian+States,2023,Office of the Registrar General (SRS),,2026-08-06
infant-mortality-rate,Goa,2011,11.0,"RBI Handbook of Statistics on Indian States, Table 4: State-wise Infant Mortality Rate",https://www.rbi.org.in/Scripts/AnnualPublications.aspx?head=Handbook+of+Statistics+on+Indian+States,2011,Office of the Registrar General (SRS),,2026-08-06
infant-mortality-rate,Goa,2012,10.0,"RBI Handbook of Statistics on Indian States, Table 4: State-wise Infant Mortality Rate",https://www.rbi.org.in/Scripts/AnnualPublications.aspx?head=Handbook+of+Statistics+on+Indian+States,2012,Office of the Registrar General (SRS),,2026-08-06
infant-mortality-rate,Goa,2013,9.0,"RBI Handbook of Statistics on Indian States, Table 4: State-wise Infant Mortality Rate",https://www.rbi.org.in/Scripts/AnnualPublications.aspx?head=Handbook+of+Statistics+on+Indian+States,2013,Office of the Registrar General (SRS),,2026-08-06
infant-mortality-rate,Goa,2014,10.0,"RBI Handbook of Statistics on Indian States, Table 4: State-wise Infant Mortality Rate",https://www.rbi.org.in/Scripts/AnnualPublications.aspx?head=Handbook+of+Statistics+on+Indian+States,2014,Office of the Registrar General (SRS),,2026-08-06
infant-mortality-rate,Goa,2015,9.0,"RBI Handbook of Statistics on Indian States, Table 4: State-wise Infant Mortality Rate",https://www.rbi.org.in/Scripts/AnnualPublications.aspx?head=Handbook+of+Statistics+on+Indian+States,2015,Office of the Registrar General (SRS),,2026-08-06
infant-mortality-rate,Goa,2016,8.0,"RBI Handbook of Statistics on Indian States, Table 4: State-wise Infant Mortality Rate",https://www.rbi.org.in/Scripts/AnnualPublications.aspx?head=Handbook+of+Statistics+on+Indian+States,2016,Office of the Registrar General (SRS),,2026-08-06
infant-mortality-rate,Goa,2017,9.0,"RBI Handbook of Statistics on Indian States, Table 4: State-wise Infant Mortality Rate",https://www.rbi.org.in/Scripts/AnnualPublications.aspx?head=Handbook+of+Statistics+on+Indian+States,2017,Office of the Registrar General (SRS),,2026-08-06
infant-mortality-rate,Goa,2018,7.0,"RBI Handbook of Statistics on Indian States, Table 4: State-wise Infant Mortality Rate",https://www.rbi.org.in/Scripts/AnnualPublications.aspx?head=Handbook+of+Statistics+on+Indian+States,2018,Office of the Registrar General (SRS),,2026-08-06
infant-mortality-rate,Goa,2019,8.0,"RBI Handbook of Statistics on Indian States, Table 4: State-wise Infant Mortality Rate",https://www.rbi.org.in/Scripts/AnnualPublications.aspx?head=Handbook+of+Statistics+on+Indian+States,2019,Office of the Registrar General (SRS),,2026-08-06
infant-mortality-rate,Goa,2020,5.0,"RBI Handbook of Statistics on Indian States, Table 4: State-wise Infant Mortality Rate",https://www.rbi.org.in/Scripts/AnnualPublications.aspx?head=Handbook+of+Statistics+on+Indian+States,2020,Office of the Registrar General (SRS),,2026-08-06
infant-mortality-rate,Goa,2021,5.0,"RBI Handbook of Statistics on Indian States, Table 4: State-wise Infant Mortality Rate",https://www.rbi.org.in/Scripts/AnnualPublications.aspx?head=Handbook+of+Statistics+on+Indian+States,2021,Office of the Registrar General (SRS),,2026-08-06
infant-mortality-rate,Goa,2022,5.0,"RBI Handbook of Statistics on Indian States, Table 4: State-wise Infant Mortality Rate",https://www.rbi.org.in/Scripts/AnnualPublications.aspx?head=Handbook+of+Statistics+on+Indian+States,2022,Office of the Registrar General (SRS),,2026-08-06
infant-mortality-rate,Goa,2023,6.0,"RBI Handbook of Statistics on Indian States, Table 4: State-wise Infant Mortality Rate",https://www.rbi.org.in/Scripts/AnnualPublications.aspx?head=Handbook+of+Statistics+on+Indian+States,2023,Office of the Registrar General (SRS),,2026-08-06
infant-mortality-rate,Gujarat,2011,41.0,"RBI Handbook of Statistics on Indian States, Table 4: State-wise Infant Mortality Rate",https://www.rbi.org.in/Scripts/AnnualPublications.aspx?head=Handbook+of+Statistics+on+Indian+States,2011,Office of the Registrar General (SRS),,2026-08-06
infant-mortality-rate,Gujarat,2012,38.0,"RBI Handbook of Statistics on Indian States, Table 4: State-wise Infant Mortality Rate",https://www.rbi.org.in/Scripts/AnnualPublications.aspx?head=Handbook+of+Statistics+on+Indian+States,2012,Office of the Registrar General (SRS),,2026-08-06
infant-mortality-rate,Gujarat,2013,36.0,"RBI Handbook of Statistics on Indian States, Table 4: State-wise Infant Mortality Rate",https://www.rbi.org.in/Scripts/AnnualPublications.aspx?head=Handbook+of+Statistics+on+Indian+States,2013,Office of the Registrar General (SRS),,2026-08-06
infant-mortality-rate,Gujarat,2014,35.0,"RBI Handbook of Statistics on Indian States, Table 4: State-wise Infant Mortality Rate",https://www.rbi.org.in/Scripts/AnnualPublications.aspx?head=Handbook+of+Statistics+on+Indian+States,2014,Office of the Registrar General (SRS),,2026-08-06
infant-mortality-rate,Gujarat,2015,33.0,"RBI Handbook of Statistics on Indian States, Table 4: State-wise Infant Mortality Rate",https://www.rbi.org.in/Scripts/AnnualPublications.aspx?head=Handbook+of+Statistics+on+Indian+States,2015,Office of the Registrar General (SRS),,2026-08-06
infant-mortality-rate,Gujarat,2016,30.0,"RBI Handbook of Statistics on Indian States, Table 4: State-wise Infant Mortality Rate",https://www.rbi.org.in/Scripts/AnnualPublications.aspx?head=Handbook+of+Statistics+on+Indian+States,2016,Office of the Registrar General (SRS),,2026-08-06
infant-mortality-rate,Gujarat,2017,30.0,"RBI Handbook of Statistics on Indian States, Table 4: State-wise Infant Mortality Rate",https://www.rbi.org.in/Scripts/AnnualPublications.aspx?head=Handbook+of+Statistics+on+Indian+States,2017,Office of the Registrar General (SRS),,2026-08-06
infant-mortality-rate,Gujarat,2018,28.0,"RBI Handbook of Statistics on Indian States, Table 4: State-wise Infant Mortality Rate",https://www.rbi.org.in/Scripts/AnnualPublications.aspx?head=Handbook+of+Statistics+on+Indian+States,2018,Office of the Registrar General (SRS),,2026-08-06
infant-mortality-rate,Gujarat,2019,25.0,"RBI Handbook of Statistics on Indian States, Table 4: State-wise Infant Mortality Rate",https://www.rbi.org.in/Scripts/AnnualPublications.aspx?head=Handbook+of+Statistics+on+Indian+States,2019,Office of the Registrar General (SRS),,2026-08-06
infant-mortality-rate,Gujarat,2020,23.0,"RBI Handbook of Statistics on Indian States, Table 4: State-wise Infant Mortality Rate",https://www.rbi.org.in/Scripts/AnnualPublications.aspx?head=Handbook+of+Statistics+on+Indian+States,2020,Office of the Registrar General (SRS),,2026-08-06
infant-mortality-rate,Gujarat,2021,21.0,"RBI Handbook of Statistics on Indian States, Table 4: State-wise Infant Mortality Rate",https://www.rbi.org.in/Scripts/AnnualPublications.aspx?head=Handbook+of+Statistics+on+Indian+States,2021,Office of the Registrar General (SRS),,2026-08-06
infant-mortality-rate,Gujarat,2022,20.0,"RBI Handbook of Statistics on Indian States, Table 4: State-wise Infant Mortality Rate",https://www.rbi.org.in/Scripts/AnnualPublications.aspx?head=Handbook+of+Statistics+on+Indian+States,2022,Office of the Registrar General (SRS),,2026-08-06
infant-mortality-rate,Gujarat,2023,20.0,"RBI Handbook of Statistics on Indian States, Table 4: State-wise Infant Mortality Rate",https://www.rbi.org.in/Scripts/AnnualPublications.aspx?head=Handbook+of+Statistics+on+Indian+States,2023,Office of the Registrar General (SRS),,2026-08-06
infant-mortality-rate,Haryana,2011,44.0,"RBI Handbook of Statistics on Indian States, Table 4: State-wise Infant Mortality Rate",https://www.rbi.org.in/Scripts/AnnualPublications.aspx?head=Handbook+of+Statistics+on+Indian+States,2011,Office of the Registrar General (SRS),,2026-08-06
infant-mortality-rate,Haryana,2012,42.0,"RBI Handbook of Statistics on Indian States, Table 4: State-wise Infant Mortality Rate",https://www.rbi.org.in/Scripts/AnnualPublications.aspx?head=Handbook+of+Statistics+on+Indian+States,2012,Office of the Registrar General (SRS),,2026-08-06
infant-mortality-rate,Haryana,2013,41.0,"RBI Handbook of Statistics on Indian States, Table 4: State-wise Infant Mortality Rate",https://www.rbi.org.in/Scripts/AnnualPublications.aspx?head=Handbook+of+Statistics+on+Indian+States,2013,Office of the Registrar General (SRS),,2026-08-06
infant-mortality-rate,Haryana,2014,36.0,"RBI Handbook of Statistics on Indian States, Table 4: State-wise Infant Mortality Rate",https://www.rbi.org.in/Scripts/AnnualPublications.aspx?head=Handbook+of+Statistics+on+Indian+States,2014,Office of the Registrar General (SRS),,2026-08-06
infant-mortality-rate,Haryana,2015,36.0,"RBI Handbook of Statistics on Indian States, Table 4: State-wise Infant Mortality Rate",https://www.rbi.org.in/Scripts/AnnualPublications.aspx?head=Handbook+of+Statistics+on+Indian+States,2015,Office of the Registrar General (SRS),,2026-08-06
infant-mortality-rate,Haryana,2016,33.0,"RBI Handbook of Statistics on Indian States, Table 4: State-wise Infant Mortality Rate",https://www.rbi.org.in/Scripts/AnnualPublications.aspx?head=Handbook+of+Statistics+on+Indian+States,2016,Office of the Registrar General (SRS),,2026-08-06
infant-mortality-rate,Haryana,2017,30.0,"RBI Handbook of Statistics on Indian States, Table 4: State-wise Infant Mortality Rate",https://www.rbi.org.in/Scripts/AnnualPublications.aspx?head=Handbook+of+Statistics+on+Indian+States,2017,Office of the Registrar General (SRS),,2026-08-06
infant-mortality-rate,Haryana,2018,30.0,"RBI Handbook of Statistics on Indian States, Table 4: State-wise Infant Mortality Rate",https://www.rbi.org.in/Scripts/AnnualPublications.aspx?head=Handbook+of+Statistics+on+Indian+States,2018,Office of the Registrar General (SRS),,2026-08-06
infant-mortality-rate,Haryana,2019,27.0,"RBI Handbook of Statistics on Indian States, Table 4: State-wise Infant Mortality Rate",https://www.rbi.org.in/Scripts/AnnualPublications.aspx?head=Handbook+of+Statistics+on+Indian+States,2019,Office of the Registrar General (SRS),,2026-08-06
infant-mortality-rate,Haryana,2020,28.0,"RBI Handbook of Statistics on Indian States, Table 4: State-wise Infant Mortality Rate",https://www.rbi.org.in/Scripts/AnnualPublications.aspx?head=Handbook+of+Statistics+on+Indian+States,2020,Office of the Registrar General (SRS),,2026-08-06
infant-mortality-rate,Haryana,2021,27.0,"RBI Handbook of Statistics on Indian States, Table 4: State-wise Infant Mortality Rate",https://www.rbi.org.in/Scripts/AnnualPublications.aspx?head=Handbook+of+Statistics+on+Indian+States,2021,Office of the Registrar General (SRS),,2026-08-06
infant-mortality-rate,Haryana,2022,26.0,"RBI Handbook of Statistics on Indian States, Table 4: State-wise Infant Mortality Rate",https://www.rbi.org.in/Scripts/AnnualPublications.aspx?head=Handbook+of+Statistics+on+Indian+States,2022,Office of the Registrar General (SRS),,2026-08-06
infant-mortality-rate,Haryana,2023,26.0,"RBI Handbook of Statistics on Indian States, Table 4: State-wise Infant Mortality Rate",https://www.rbi.org.in/Scripts/AnnualPublications.aspx?head=Handbook+of+Statistics+on+Indian+States,2023,Office of the Registrar General (SRS),,2026-08-06
infant-mortality-rate,Himachal Pradesh,2011,38.0,"RBI Handbook of Statistics on Indian States, Table 4: State-wise Infant Mortality Rate",https://www.rbi.org.in/Scripts/AnnualPublications.aspx?head=Handbook+of+Statistics+on+Indian+States,2011,Office of the Registrar General (SRS),,2026-08-06
infant-mortality-rate,Himachal Pradesh,2012,36.0,"RBI Handbook of Statistics on Indian States, Table 4: State-wise Infant Mortality Rate",https://www.rbi.org.in/Scripts/AnnualPublications.aspx?head=Handbook+of+Statistics+on+Indian+States,2012,Office of the Registrar General (SRS),,2026-08-06
infant-mortality-rate,Himachal Pradesh,2013,35.0,"RBI Handbook of Statistics on Indian States, Table 4: State-wise Infant Mortality Rate",https://www.rbi.org.in/Scripts/AnnualPublications.aspx?head=Handbook+of+Statistics+on+Indian+States,2013,Office of the Registrar General (SRS),,2026-08-06
infant-mortality-rate,Himachal Pradesh,2014,32.0,"RBI Handbook of Statistics on Indian States, Table 4: State-wise Infant Mortality Rate",https://www.rbi.org.in/Scripts/AnnualPublications.aspx?head=Handbook+of+Statistics+on+Indian+States,2014,Office of the Registrar General (SRS),,2026-08-06
infant-mortality-rate,Himachal Pradesh,2015,28.0,"RBI Handbook of Statistics on Indian States, Table 4: State-wise Infant Mortality Rate",https://www.rbi.org.in/Scripts/AnnualPublications.aspx?head=Handbook+of+Statistics+on+Indian+States,2015,Office of the Registrar General (SRS),,2026-08-06
infant-mortality-rate,Himachal Pradesh,2016,25.0,"RBI Handbook of Statistics on Indian States, Table 4: State-wise Infant Mortality Rate",https://www.rbi.org.in/Scripts/AnnualPublications.aspx?head=Handbook+of+Statistics+on+Indian+States,2016,Office of the Registrar General (SRS),,2026-08-06
infant-mortality-rate,Himachal Pradesh,2017,22.0,"RBI Handbook of Statistics on Indian States, Table 4: State-wise Infant Mortality Rate",https://www.rbi.org.in/Scripts/AnnualPublications.aspx?head=Handbook+of+Statistics+on+Indian+States,2017,Office of the Registrar General (SRS),,2026-08-06
infant-mortality-rate,Himachal Pradesh,2018,19.0,"RBI Handbook of Statistics on Indian States, Table 4: State-wise Infant Mortality Rate",https://www.rbi.org.in/Scripts/AnnualPublications.aspx?head=Handbook+of+Statistics+on+Indian+States,2018,Office of the Registrar General (SRS),,2026-08-06
infant-mortality-rate,Himachal Pradesh,2019,19.0,"RBI Handbook of Statistics on Indian States, Table 4: State-wise Infant Mortality Rate",https://www.rbi.org.in/Scripts/AnnualPublications.aspx?head=Handbook+of+Statistics+on+Indian+States,2019,Office of the Registrar General (SRS),,2026-08-06
infant-mortality-rate,Himachal Pradesh,2020,17.0,"RBI Handbook of Statistics on Indian States, Table 4: State-wise Infant Mortality Rate",https://www.rbi.org.in/Scripts/AnnualPublications.aspx?head=Handbook+of+Statistics+on+Indian+States,2020,Office of the Registrar General (SRS),,2026-08-06
infant-mortality-rate,Himachal Pradesh,2021,17.0,"RBI Handbook of Statistics on Indian States, Table 4: State-wise Infant Mortality Rate",https://www.rbi.org.in/Scripts/AnnualPublications.aspx?head=Handbook+of+Statistics+on+Indian+States,2021,Office of the Registrar General (SRS),,2026-08-06
infant-mortality-rate,Himachal Pradesh,2022,17.0,"RBI Handbook of Statistics on Indian States, Table 4: State-wise Infant Mortality Rate",https://www.rbi.org.in/Scripts/AnnualPublications.aspx?head=Handbook+of+Statistics+on+Indian+States,2022,Office of the Registrar General (SRS),,2026-08-06
infant-mortality-rate,Himachal Pradesh,2023,14.0,"RBI Handbook of Statistics on Indian States, Table 4: State-wise Infant Mortality Rate",https://www.rbi.org.in/Scripts/AnnualPublications.aspx?head=Handbook+of+Statistics+on+Indian+States,2023,Office of the Registrar General (SRS),,2026-08-06
infant-mortality-rate,Jammu and Kashmir,2011,41.0,"RBI Handbook of Statistics on Indian States, Table 4: State-wise Infant Mortality Rate",https://www.rbi.org.in/Scripts/AnnualPublications.aspx?head=Handbook+of+Statistics+on+Indian+States,2011,Office of the Registrar General (SRS),,2026-08-06
infant-mortality-rate,Jammu and Kashmir,2012,39.0,"RBI Handbook of Statistics on Indian States, Table 4: State-wise Infant Mortality Rate",https://www.rbi.org.in/Scripts/AnnualPublications.aspx?head=Handbook+of+Statistics+on+Indian+States,2012,Office of the Registrar General (SRS),,2026-08-06
infant-mortality-rate,Jammu and Kashmir,2013,37.0,"RBI Handbook of Statistics on Indian States, Table 4: State-wise Infant Mortality Rate",https://www.rbi.org.in/Scripts/AnnualPublications.aspx?head=Handbook+of+Statistics+on+Indian+States,2013,Office of the Registrar General (SRS),,2026-08-06
infant-mortality-rate,Jammu and Kashmir,2014,34.0,"RBI Handbook of Statistics on Indian States, Table 4: State-wise Infant Mortality Rate",https://www.rbi.org.in/Scripts/AnnualPublications.aspx?head=Handbook+of+Statistics+on+Indian+States,2014,Office of the Registrar General (SRS),,2026-08-06
infant-mortality-rate,Jammu and Kashmir,2015,26.0,"RBI Handbook of Statistics on Indian States, Table 4: State-wise Infant Mortality Rate",https://www.rbi.org.in/Scripts/AnnualPublications.aspx?head=Handbook+of+Statistics+on+Indian+States,2015,Office of the Registrar General (SRS),,2026-08-06
infant-mortality-rate,Jammu and Kashmir,2016,24.0,"RBI Handbook of Statistics on Indian States, Table 4: State-wise Infant Mortality Rate",https://www.rbi.org.in/Scripts/AnnualPublications.aspx?head=Handbook+of+Statistics+on+Indian+States,2016,Office of the Registrar General (SRS),,2026-08-06
infant-mortality-rate,Jammu and Kashmir,2017,23.0,"RBI Handbook of Statistics on Indian States, Table 4: State-wise Infant Mortality Rate",https://www.rbi.org.in/Scripts/AnnualPublications.aspx?head=Handbook+of+Statistics+on+Indian+States,2017,Office of the Registrar General (SRS),,2026-08-06
infant-mortality-rate,Jammu and Kashmir,2018,22.0,"RBI Handbook of Statistics on Indian States, Table 4: State-wise Infant Mortality Rate",https://www.rbi.org.in/Scripts/AnnualPublications.aspx?head=Handbook+of+Statistics+on+Indian+States,2018,Office of the Registrar General (SRS),,2026-08-06
infant-mortality-rate,Jammu and Kashmir,2019,20.0,"RBI Handbook of Statistics on Indian States, Table 4: State-wise Infant Mortality Rate",https://www.rbi.org.in/Scripts/AnnualPublications.aspx?head=Handbook+of+Statistics+on+Indian+States,2019,Office of the Registrar General (SRS),,2026-08-06
infant-mortality-rate,Jammu and Kashmir,2020,17.0,"RBI Handbook of Statistics on Indian States, Table 4: State-wise Infant Mortality Rate",https://www.rbi.org.in/Scripts/AnnualPublications.aspx?head=Handbook+of+Statistics+on+Indian+States,2020,Office of the Registrar General (SRS),,2026-08-06
infant-mortality-rate,Jammu and Kashmir,2021,16.0,"RBI Handbook of Statistics on Indian States, Table 4: State-wise Infant Mortality Rate",https://www.rbi.org.in/Scripts/AnnualPublications.aspx?head=Handbook+of+Statistics+on+Indian+States,2021,Office of the Registrar General (SRS),,2026-08-06
infant-mortality-rate,Jammu and Kashmir,2022,14.0,"RBI Handbook of Statistics on Indian States, Table 4: State-wise Infant Mortality Rate",https://www.rbi.org.in/Scripts/AnnualPublications.aspx?head=Handbook+of+Statistics+on+Indian+States,2022,Office of the Registrar General (SRS),,2026-08-06
infant-mortality-rate,Jammu and Kashmir,2023,14.0,"RBI Handbook of Statistics on Indian States, Table 4: State-wise Infant Mortality Rate",https://www.rbi.org.in/Scripts/AnnualPublications.aspx?head=Handbook+of+Statistics+on+Indian+States,2023,Office of the Registrar General (SRS),,2026-08-06
infant-mortality-rate,Jharkhand,2011,39.0,"RBI Handbook of Statistics on Indian States, Table 4: State-wise Infant Mortality Rate",https://www.rbi.org.in/Scripts/AnnualPublications.aspx?head=Handbook+of+Statistics+on+Indian+States,2011,Office of the Registrar General (SRS),,2026-08-06
infant-mortality-rate,Jharkhand,2012,38.0,"RBI Handbook of Statistics on Indian States, Table 4: State-wise Infant Mortality Rate",https://www.rbi.org.in/Scripts/AnnualPublications.aspx?head=Handbook+of+Statistics+on+Indian+States,2012,Office of the Registrar General (SRS),,2026-08-06
infant-mortality-rate,Jharkhand,2013,37.0,"RBI Handbook of Statistics on Indian States, Table 4: State-wise Infant Mortality Rate",https://www.rbi.org.in/Scripts/AnnualPublications.aspx?head=Handbook+of+Statistics+on+Indian+States,2013,Office of the Registrar General (SRS),,2026-08-06
infant-mortality-rate,Jharkhand,2014,34.0,"RBI Handbook of Statistics on Indian States, Table 4: State-wise Infant Mortality Rate",https://www.rbi.org.in/Scripts/AnnualPublications.aspx?head=Handbook+of+Statistics+on+Indian+States,2014,Office of the Registrar General (SRS),,2026-08-06
infant-mortality-rate,Jharkhand,2015,32.0,"RBI Handbook of Statistics on Indian States, Table 4: State-wise Infant Mortality Rate",https://www.rbi.org.in/Scripts/AnnualPublications.aspx?head=Handbook+of+Statistics+on+Indian+States,2015,Office of the Registrar General (SRS),,2026-08-06
infant-mortality-rate,Jharkhand,2016,29.0,"RBI Handbook of Statistics on Indian States, Table 4: State-wise Infant Mortality Rate",https://www.rbi.org.in/Scripts/AnnualPublications.aspx?head=Handbook+of+Statistics+on+Indian+States,2016,Office of the Registrar General (SRS),,2026-08-06
infant-mortality-rate,Jharkhand,2017,29.0,"RBI Handbook of Statistics on Indian States, Table 4: State-wise Infant Mortality Rate",https://www.rbi.org.in/Scripts/AnnualPublications.aspx?head=Handbook+of+Statistics+on+Indian+States,2017,Office of the Registrar General (SRS),,2026-08-06
infant-mortality-rate,Jharkhand,2018,30.0,"RBI Handbook of Statistics on Indian States, Table 4: State-wise Infant Mortality Rate",https://www.rbi.org.in/Scripts/AnnualPublications.aspx?head=Handbook+of+Statistics+on+Indian+States,2018,Office of the Registrar General (SRS),,2026-08-06
infant-mortality-rate,Jharkhand,2019,27.0,"RBI Handbook of Statistics on Indian States, Table 4: State-wise Infant Mortality Rate",https://www.rbi.org.in/Scripts/AnnualPublications.aspx?head=Handbook+of+Statistics+on+Indian+States,2019,Office of the Registrar General (SRS),,2026-08-06
infant-mortality-rate,Jharkhand,2020,25.0,"RBI Handbook of Statistics on Indian States, Table 4: State-wise Infant Mortality Rate",https://www.rbi.org.in/Scripts/AnnualPublications.aspx?head=Handbook+of+Statistics+on+Indian+States,2020,Office of the Registrar General (SRS),,2026-08-06
infant-mortality-rate,Jharkhand,2021,25.0,"RBI Handbook of Statistics on Indian States, Table 4: State-wise Infant Mortality Rate",https://www.rbi.org.in/Scripts/AnnualPublications.aspx?head=Handbook+of+Statistics+on+Indian+States,2021,Office of the Registrar General (SRS),,2026-08-06
infant-mortality-rate,Jharkhand,2022,25.0,"RBI Handbook of Statistics on Indian States, Table 4: State-wise Infant Mortality Rate",https://www.rbi.org.in/Scripts/AnnualPublications.aspx?head=Handbook+of+Statistics+on+Indian+States,2022,Office of the Registrar General (SRS),,2026-08-06
infant-mortality-rate,Jharkhand,2023,29.0,"RBI Handbook of Statistics on Indian States, Table 4: State-wise Infant Mortality Rate",https://www.rbi.org.in/Scripts/AnnualPublications.aspx?head=Handbook+of+Statistics+on+Indian+States,2023,Office of the Registrar General (SRS),,2026-08-06
infant-mortality-rate,Karnataka,2011,35.0,"RBI Handbook of Statistics on Indian States, Table 4: State-wise Infant Mortality Rate",https://www.rbi.org.in/Scripts/AnnualPublications.aspx?head=Handbook+of+Statistics+on+Indian+States,2011,Office of the Registrar General (SRS),,2026-08-06
infant-mortality-rate,Karnataka,2012,32.0,"RBI Handbook of Statistics on Indian States, Table 4: State-wise Infant Mortality Rate",https://www.rbi.org.in/Scripts/AnnualPublications.aspx?head=Handbook+of+Statistics+on+Indian+States,2012,Office of the Registrar General (SRS),,2026-08-06
infant-mortality-rate,Karnataka,2013,31.0,"RBI Handbook of Statistics on Indian States, Table 4: State-wise Infant Mortality Rate",https://www.rbi.org.in/Scripts/AnnualPublications.aspx?head=Handbook+of+Statistics+on+Indian+States,2013,Office of the Registrar General (SRS),,2026-08-06
infant-mortality-rate,Karnataka,2014,29.0,"RBI Handbook of Statistics on Indian States, Table 4: State-wise Infant Mortality Rate",https://www.rbi.org.in/Scripts/AnnualPublications.aspx?head=Handbook+of+Statistics+on+Indian+States,2014,Office of the Registrar General (SRS),,2026-08-06
infant-mortality-rate,Karnataka,2015,28.0,"RBI Handbook of Statistics on Indian States, Table 4: State-wise Infant Mortality Rate",https://www.rbi.org.in/Scripts/AnnualPublications.aspx?head=Handbook+of+Statistics+on+Indian+States,2015,Office of the Registrar General (SRS),,2026-08-06
infant-mortality-rate,Karnataka,2016,24.0,"RBI Handbook of Statistics on Indian States, Table 4: State-wise Infant Mortality Rate",https://www.rbi.org.in/Scripts/AnnualPublications.aspx?head=Handbook+of+Statistics+on+Indian+States,2016,Office of the Registrar General (SRS),,2026-08-06
infant-mortality-rate,Karnataka,2017,25.0,"RBI Handbook of Statistics on Indian States, Table 4: State-wise Infant Mortality Rate",https://www.rbi.org.in/Scripts/AnnualPublications.aspx?head=Handbook+of+Statistics+on+Indian+States,2017,Office of the Registrar General (SRS),,2026-08-06
infant-mortality-rate,Karnataka,2018,23.0,"RBI Handbook of Statistics on Indian States, Table 4: State-wise Infant Mortality Rate",https://www.rbi.org.in/Scripts/AnnualPublications.aspx?head=Handbook+of+Statistics+on+Indian+States,2018,Office of the Registrar General (SRS),,2026-08-06
infant-mortality-rate,Karnataka,2019,21.0,"RBI Handbook of Statistics on Indian States, Table 4: State-wise Infant Mortality Rate",https://www.rbi.org.in/Scripts/AnnualPublications.aspx?head=Handbook+of+Statistics+on+Indian+States,2019,Office of the Registrar General (SRS),,2026-08-06
infant-mortality-rate,Karnataka,2020,19.0,"RBI Handbook of Statistics on Indian States, Table 4: State-wise Infant Mortality Rate",https://www.rbi.org.in/Scripts/AnnualPublications.aspx?head=Handbook+of+Statistics+on+Indian+States,2020,Office of the Registrar General (SRS),,2026-08-06
infant-mortality-rate,Karnataka,2021,17.0,"RBI Handbook of Statistics on Indian States, Table 4: State-wise Infant Mortality Rate",https://www.rbi.org.in/Scripts/AnnualPublications.aspx?head=Handbook+of+Statistics+on+Indian+States,2021,Office of the Registrar General (SRS),,2026-08-06
infant-mortality-rate,Karnataka,2022,15.0,"RBI Handbook of Statistics on Indian States, Table 4: State-wise Infant Mortality Rate",https://www.rbi.org.in/Scripts/AnnualPublications.aspx?head=Handbook+of+Statistics+on+Indian+States,2022,Office of the Registrar General (SRS),,2026-08-06
infant-mortality-rate,Karnataka,2023,14.0,"RBI Handbook of Statistics on Indian States, Table 4: State-wise Infant Mortality Rate",https://www.rbi.org.in/Scripts/AnnualPublications.aspx?head=Handbook+of+Statistics+on+Indian+States,2023,Office of the Registrar General (SRS),,2026-08-06
infant-mortality-rate,Kerala,2011,12.0,"RBI Handbook of Statistics on Indian States, Table 4: State-wise Infant Mortality Rate",https://www.rbi.org.in/Scripts/AnnualPublications.aspx?head=Handbook+of+Statistics+on+Indian+States,2011,Office of the Registrar General (SRS),,2026-08-06
infant-mortality-rate,Kerala,2012,12.0,"RBI Handbook of Statistics on Indian States, Table 4: State-wise Infant Mortality Rate",https://www.rbi.org.in/Scripts/AnnualPublications.aspx?head=Handbook+of+Statistics+on+Indian+States,2012,Office of the Registrar General (SRS),,2026-08-06
infant-mortality-rate,Kerala,2013,12.0,"RBI Handbook of Statistics on Indian States, Table 4: State-wise Infant Mortality Rate",https://www.rbi.org.in/Scripts/AnnualPublications.aspx?head=Handbook+of+Statistics+on+Indian+States,2013,Office of the Registrar General (SRS),,2026-08-06
infant-mortality-rate,Kerala,2014,12.0,"RBI Handbook of Statistics on Indian States, Table 4: State-wise Infant Mortality Rate",https://www.rbi.org.in/Scripts/AnnualPublications.aspx?head=Handbook+of+Statistics+on+Indian+States,2014,Office of the Registrar General (SRS),,2026-08-06
infant-mortality-rate,Kerala,2015,12.0,"RBI Handbook of Statistics on Indian States, Table 4: State-wise Infant Mortality Rate",https://www.rbi.org.in/Scripts/AnnualPublications.aspx?head=Handbook+of+Statistics+on+Indian+States,2015,Office of the Registrar General (SRS),,2026-08-06
infant-mortality-rate,Kerala,2016,10.0,"RBI Handbook of Statistics on Indian States, Table 4: State-wise Infant Mortality Rate",https://www.rbi.org.in/Scripts/AnnualPublications.aspx?head=Handbook+of+Statistics+on+Indian+States,2016,Office of the Registrar General (SRS),,2026-08-06
infant-mortality-rate,Kerala,2017,10.0,"RBI Handbook of Statistics on Indian States, Table 4: State-wise Infant Mortality Rate",https://www.rbi.org.in/Scripts/AnnualPublications.aspx?head=Handbook+of+Statistics+on+Indian+States,2017,Office of the Registrar General (SRS),,2026-08-06
infant-mortality-rate,Kerala,2018,7.0,"RBI Handbook of Statistics on Indian States, Table 4: State-wise Infant Mortality Rate",https://www.rbi.org.in/Scripts/AnnualPublications.aspx?head=Handbook+of+Statistics+on+Indian+States,2018,Office of the Registrar General (SRS),,2026-08-06
infant-mortality-rate,Kerala,2019,6.0,"RBI Handbook of Statistics on Indian States, Table 4: State-wise Infant Mortality Rate",https://www.rbi.org.in/Scripts/AnnualPublications.aspx?head=Handbook+of+Statistics+on+Indian+States,2019,Office of the Registrar General (SRS),,2026-08-06
infant-mortality-rate,Kerala,2020,6.0,"RBI Handbook of Statistics on Indian States, Table 4: State-wise Infant Mortality Rate",https://www.rbi.org.in/Scripts/AnnualPublications.aspx?head=Handbook+of+Statistics+on+Indian+States,2020,Office of the Registrar General (SRS),,2026-08-06
infant-mortality-rate,Kerala,2021,6.0,"RBI Handbook of Statistics on Indian States, Table 4: State-wise Infant Mortality Rate",https://www.rbi.org.in/Scripts/AnnualPublications.aspx?head=Handbook+of+Statistics+on+Indian+States,2021,Office of the Registrar General (SRS),,2026-08-06
infant-mortality-rate,Kerala,2022,7.0,"RBI Handbook of Statistics on Indian States, Table 4: State-wise Infant Mortality Rate",https://www.rbi.org.in/Scripts/AnnualPublications.aspx?head=Handbook+of+Statistics+on+Indian+States,2022,Office of the Registrar General (SRS),,2026-08-06
infant-mortality-rate,Kerala,2023,5.0,"RBI Handbook of Statistics on Indian States, Table 4: State-wise Infant Mortality Rate",https://www.rbi.org.in/Scripts/AnnualPublications.aspx?head=Handbook+of+Statistics+on+Indian+States,2023,Office of the Registrar General (SRS),,2026-08-06
infant-mortality-rate,Lakshadweep,2011,24.0,"RBI Handbook of Statistics on Indian States, Table 4: State-wise Infant Mortality Rate",https://www.rbi.org.in/Scripts/AnnualPublications.aspx?head=Handbook+of+Statistics+on+Indian+States,2011,Office of the Registrar General (SRS),,2026-08-06
infant-mortality-rate,Lakshadweep,2012,24.0,"RBI Handbook of Statistics on Indian States, Table 4: State-wise Infant Mortality Rate",https://www.rbi.org.in/Scripts/AnnualPublications.aspx?head=Handbook+of+Statistics+on+Indian+States,2012,Office of the Registrar General (SRS),,2026-08-06
infant-mortality-rate,Lakshadweep,2013,24.0,"RBI Handbook of Statistics on Indian States, Table 4: State-wise Infant Mortality Rate",https://www.rbi.org.in/Scripts/AnnualPublications.aspx?head=Handbook+of+Statistics+on+Indian+States,2013,Office of the Registrar General (SRS),,2026-08-06
infant-mortality-rate,Lakshadweep,2014,20.0,"RBI Handbook of Statistics on Indian States, Table 4: State-wise Infant Mortality Rate",https://www.rbi.org.in/Scripts/AnnualPublications.aspx?head=Handbook+of+Statistics+on+Indian+States,2014,Office of the Registrar General (SRS),,2026-08-06
infant-mortality-rate,Lakshadweep,2015,20.0,"RBI Handbook of Statistics on Indian States, Table 4: State-wise Infant Mortality Rate",https://www.rbi.org.in/Scripts/AnnualPublications.aspx?head=Handbook+of+Statistics+on+Indian+States,2015,Office of the Registrar General (SRS),,2026-08-06
infant-mortality-rate,Lakshadweep,2016,19.0,"RBI Handbook of Statistics on Indian States, Table 4: State-wise Infant Mortality Rate",https://www.rbi.org.in/Scripts/AnnualPublications.aspx?head=Handbook+of+Statistics+on+Indian+States,2016,Office of the Registrar General (SRS),,2026-08-06
infant-mortality-rate,Lakshadweep,2017,20.0,"RBI Handbook of Statistics on Indian States, Table 4: State-wise Infant Mortality Rate",https://www.rbi.org.in/Scripts/AnnualPublications.aspx?head=Handbook+of+Statistics+on+Indian+States,2017,Office of the Registrar General (SRS),,2026-08-06
infant-mortality-rate,Lakshadweep,2018,14.0,"RBI Handbook of Statistics on Indian States, Table 4: State-wise Infant Mortality Rate",https://www.rbi.org.in/Scripts/AnnualPublications.aspx?head=Handbook+of+Statistics+on+Indian+States,2018,Office of the Registrar General (SRS),,2026-08-06
infant-mortality-rate,Lakshadweep,2019,8.0,"RBI Handbook of Statistics on Indian States, Table 4: State-wise Infant Mortality Rate",https://www.rbi.org.in/Scripts/AnnualPublications.aspx?head=Handbook+of+Statistics+on+Indian+States,2019,Office of the Registrar General (SRS),,2026-08-06
infant-mortality-rate,Lakshadweep,2020,9.0,"RBI Handbook of Statistics on Indian States, Table 4: State-wise Infant Mortality Rate",https://www.rbi.org.in/Scripts/AnnualPublications.aspx?head=Handbook+of+Statistics+on+Indian+States,2020,Office of the Registrar General (SRS),,2026-08-06
infant-mortality-rate,Lakshadweep,2021,16.0,"RBI Handbook of Statistics on Indian States, Table 4: State-wise Infant Mortality Rate",https://www.rbi.org.in/Scripts/AnnualPublications.aspx?head=Handbook+of+Statistics+on+Indian+States,2021,Office of the Registrar General (SRS),,2026-08-06
infant-mortality-rate,Lakshadweep,2022,14.0,"RBI Handbook of Statistics on Indian States, Table 4: State-wise Infant Mortality Rate",https://www.rbi.org.in/Scripts/AnnualPublications.aspx?head=Handbook+of+Statistics+on+Indian+States,2022,Office of the Registrar General (SRS),,2026-08-06
infant-mortality-rate,Lakshadweep,2023,9.0,"RBI Handbook of Statistics on Indian States, Table 4: State-wise Infant Mortality Rate",https://www.rbi.org.in/Scripts/AnnualPublications.aspx?head=Handbook+of+Statistics+on+Indian+States,2023,Office of the Registrar General (SRS),,2026-08-06
infant-mortality-rate,Madhya Pradesh,2011,59.0,"RBI Handbook of Statistics on Indian States, Table 4: State-wise Infant Mortality Rate",https://www.rbi.org.in/Scripts/AnnualPublications.aspx?head=Handbook+of+Statistics+on+Indian+States,2011,Office of the Registrar General (SRS),,2026-08-06
infant-mortality-rate,Madhya Pradesh,2012,56.0,"RBI Handbook of Statistics on Indian States, Table 4: State-wise Infant Mortality Rate",https://www.rbi.org.in/Scripts/AnnualPublications.aspx?head=Handbook+of+Statistics+on+Indian+States,2012,Office of the Registrar General (SRS),,2026-08-06
infant-mortality-rate,Madhya Pradesh,2013,54.0,"RBI Handbook of Statistics on Indian States, Table 4: State-wise Infant Mortality Rate",https://www.rbi.org.in/Scripts/AnnualPublications.aspx?head=Handbook+of+Statistics+on+Indian+States,2013,Office of the Registrar General (SRS),,2026-08-06
infant-mortality-rate,Madhya Pradesh,2014,52.0,"RBI Handbook of Statistics on Indian States, Table 4: State-wise Infant Mortality Rate",https://www.rbi.org.in/Scripts/AnnualPublications.aspx?head=Handbook+of+Statistics+on+Indian+States,2014,Office of the Registrar General (SRS),,2026-08-06
infant-mortality-rate,Madhya Pradesh,2015,50.0,"RBI Handbook of Statistics on Indian States, Table 4: State-wise Infant Mortality Rate",https://www.rbi.org.in/Scripts/AnnualPublications.aspx?head=Handbook+of+Statistics+on+Indian+States,2015,Office of the Registrar General (SRS),,2026-08-06
infant-mortality-rate,Madhya Pradesh,2016,47.0,"RBI Handbook of Statistics on Indian States, Table 4: State-wise Infant Mortality Rate",https://www.rbi.org.in/Scripts/AnnualPublications.aspx?head=Handbook+of+Statistics+on+Indian+States,2016,Office of the Registrar General (SRS),,2026-08-06
infant-mortality-rate,Madhya Pradesh,2017,47.0,"RBI Handbook of Statistics on Indian States, Table 4: State-wise Infant Mortality Rate",https://www.rbi.org.in/Scripts/AnnualPublications.aspx?head=Handbook+of+Statistics+on+Indian+States,2017,Office of the Registrar General (SRS),,2026-08-06
infant-mortality-rate,Madhya Pradesh,2018,48.0,"RBI Handbook of Statistics on Indian States, Table 4: State-wise Infant Mortality Rate",https://www.rbi.org.in/Scripts/AnnualPublications.aspx?head=Handbook+of+Statistics+on+Indian+States,2018,Office of the Registrar General (SRS),,2026-08-06
infant-mortality-rate,Madhya Pradesh,2019,46.0,"RBI Handbook of Statistics on Indian States, Table 4: State-wise Infant Mortality Rate",https://www.rbi.org.in/Scripts/AnnualPublications.aspx?head=Handbook+of+Statistics+on+Indian+States,2019,Office of the Registrar General (SRS),,2026-08-06
infant-mortality-rate,Madhya Pradesh,2020,43.0,"RBI Handbook of Statistics on Indian States, Table 4: State-wise Infant Mortality Rate",https://www.rbi.org.in/Scripts/AnnualPublications.aspx?head=Handbook+of+Statistics+on+Indian+States,2020,Office of the Registrar General (SRS),,2026-08-06
infant-mortality-rate,Madhya Pradesh,2021,41.0,"RBI Handbook of Statistics on Indian States, Table 4: State-wise Infant Mortality Rate",https://www.rbi.org.in/Scripts/AnnualPublications.aspx?head=Handbook+of+Statistics+on+Indian+States,2021,Office of the Registrar General (SRS),,2026-08-06
infant-mortality-rate,Madhya Pradesh,2022,40.0,"RBI Handbook of Statistics on Indian States, Table 4: State-wise Infant Mortality Rate",https://www.rbi.org.in/Scripts/AnnualPublications.aspx?head=Handbook+of+Statistics+on+Indian+States,2022,Office of the Registrar General (SRS),,2026-08-06
infant-mortality-rate,Madhya Pradesh,2023,37.0,"RBI Handbook of Statistics on Indian States, Table 4: State-wise Infant Mortality Rate",https://www.rbi.org.in/Scripts/AnnualPublications.aspx?head=Handbook+of+Statistics+on+Indian+States,2023,Office of the Registrar General (SRS),,2026-08-06
infant-mortality-rate,Maharashtra,2011,25.0,"RBI Handbook of Statistics on Indian States, Table 4: State-wise Infant Mortality Rate",https://www.rbi.org.in/Scripts/AnnualPublications.aspx?head=Handbook+of+Statistics+on+Indian+States,2011,Office of the Registrar General (SRS),,2026-08-06
infant-mortality-rate,Maharashtra,2012,25.0,"RBI Handbook of Statistics on Indian States, Table 4: State-wise Infant Mortality Rate",https://www.rbi.org.in/Scripts/AnnualPublications.aspx?head=Handbook+of+Statistics+on+Indian+States,2012,Office of the Registrar General (SRS),,2026-08-06
infant-mortality-rate,Maharashtra,2013,24.0,"RBI Handbook of Statistics on Indian States, Table 4: State-wise Infant Mortality Rate",https://www.rbi.org.in/Scripts/AnnualPublications.aspx?head=Handbook+of+Statistics+on+Indian+States,2013,Office of the Registrar General (SRS),,2026-08-06
infant-mortality-rate,Maharashtra,2014,22.0,"RBI Handbook of Statistics on Indian States, Table 4: State-wise Infant Mortality Rate",https://www.rbi.org.in/Scripts/AnnualPublications.aspx?head=Handbook+of+Statistics+on+Indian+States,2014,Office of the Registrar General (SRS),,2026-08-06
infant-mortality-rate,Maharashtra,2015,21.0,"RBI Handbook of Statistics on Indian States, Table 4: State-wise Infant Mortality Rate",https://www.rbi.org.in/Scripts/AnnualPublications.aspx?head=Handbook+of+Statistics+on+Indian+States,2015,Office of the Registrar General (SRS),,2026-08-06
infant-mortality-rate,Maharashtra,2016,19.0,"RBI Handbook of Statistics on Indian States, Table 4: State-wise Infant Mortality Rate",https://www.rbi.org.in/Scripts/AnnualPublications.aspx?head=Handbook+of+Statistics+on+Indian+States,2016,Office of the Registrar General (SRS),,2026-08-06
infant-mortality-rate,Maharashtra,2017,19.0,"RBI Handbook of Statistics on Indian States, Table 4: State-wise Infant Mortality Rate",https://www.rbi.org.in/Scripts/AnnualPublications.aspx?head=Handbook+of+Statistics+on+Indian+States,2017,Office of the Registrar General (SRS),,2026-08-06
infant-mortality-rate,Maharashtra,2018,19.0,"RBI Handbook of Statistics on Indian States, Table 4: State-wise Infant Mortality Rate",https://www.rbi.org.in/Scripts/AnnualPublications.aspx?head=Handbook+of+Statistics+on+Indian+States,2018,Office of the Registrar General (SRS),,2026-08-06
infant-mortality-rate,Maharashtra,2019,17.0,"RBI Handbook of Statistics on Indian States, Table 4: State-wise Infant Mortality Rate",https://www.rbi.org.in/Scripts/AnnualPublications.aspx?head=Handbook+of+Statistics+on+Indian+States,2019,Office of the Registrar General (SRS),,2026-08-06
infant-mortality-rate,Maharashtra,2020,16.0,"RBI Handbook of Statistics on Indian States, Table 4: State-wise Infant Mortality Rate",https://www.rbi.org.in/Scripts/AnnualPublications.aspx?head=Handbook+of+Statistics+on+Indian+States,2020,Office of the Registrar General (SRS),,2026-08-06
infant-mortality-rate,Maharashtra,2021,15.0,"RBI Handbook of Statistics on Indian States, Table 4: State-wise Infant Mortality Rate",https://www.rbi.org.in/Scripts/AnnualPublications.aspx?head=Handbook+of+Statistics+on+Indian+States,2021,Office of the Registrar General (SRS),,2026-08-06
infant-mortality-rate,Maharashtra,2022,13.0,"RBI Handbook of Statistics on Indian States, Table 4: State-wise Infant Mortality Rate",https://www.rbi.org.in/Scripts/AnnualPublications.aspx?head=Handbook+of+Statistics+on+Indian+States,2022,Office of the Registrar General (SRS),,2026-08-06
infant-mortality-rate,Maharashtra,2023,14.0,"RBI Handbook of Statistics on Indian States, Table 4: State-wise Infant Mortality Rate",https://www.rbi.org.in/Scripts/AnnualPublications.aspx?head=Handbook+of+Statistics+on+Indian+States,2023,Office of the Registrar General (SRS),,2026-08-06
infant-mortality-rate,Manipur,2011,11.0,"RBI Handbook of Statistics on Indian States, Table 4: State-wise Infant Mortality Rate",https://www.rbi.org.in/Scripts/AnnualPublications.aspx?head=Handbook+of+Statistics+on+Indian+States,2011,Office of the Registrar General (SRS),,2026-08-06
infant-mortality-rate,Manipur,2012,10.0,"RBI Handbook of Statistics on Indian States, Table 4: State-wise Infant Mortality Rate",https://www.rbi.org.in/Scripts/AnnualPublications.aspx?head=Handbook+of+Statistics+on+Indian+States,2012,Office of the Registrar General (SRS),,2026-08-06
infant-mortality-rate,Manipur,2013,10.0,"RBI Handbook of Statistics on Indian States, Table 4: State-wise Infant Mortality Rate",https://www.rbi.org.in/Scripts/AnnualPublications.aspx?head=Handbook+of+Statistics+on+Indian+States,2013,Office of the Registrar General (SRS),,2026-08-06
infant-mortality-rate,Manipur,2014,11.0,"RBI Handbook of Statistics on Indian States, Table 4: State-wise Infant Mortality Rate",https://www.rbi.org.in/Scripts/AnnualPublications.aspx?head=Handbook+of+Statistics+on+Indian+States,2014,Office of the Registrar General (SRS),,2026-08-06
infant-mortality-rate,Manipur,2015,9.0,"RBI Handbook of Statistics on Indian States, Table 4: State-wise Infant Mortality Rate",https://www.rbi.org.in/Scripts/AnnualPublications.aspx?head=Handbook+of+Statistics+on+Indian+States,2015,Office of the Registrar General (SRS),,2026-08-06
infant-mortality-rate,Manipur,2016,11.0,"RBI Handbook of Statistics on Indian States, Table 4: State-wise Infant Mortality Rate",https://www.rbi.org.in/Scripts/AnnualPublications.aspx?head=Handbook+of+Statistics+on+Indian+States,2016,Office of the Registrar General (SRS),,2026-08-06
infant-mortality-rate,Manipur,2017,12.0,"RBI Handbook of Statistics on Indian States, Table 4: State-wise Infant Mortality Rate",https://www.rbi.org.in/Scripts/AnnualPublications.aspx?head=Handbook+of+Statistics+on+Indian+States,2017,Office of the Registrar General (SRS),,2026-08-06
infant-mortality-rate,Manipur,2018,11.0,"RBI Handbook of Statistics on Indian States, Table 4: State-wise Infant Mortality Rate",https://www.rbi.org.in/Scripts/AnnualPublications.aspx?head=Handbook+of+Statistics+on+Indian+States,2018,Office of the Registrar General (SRS),,2026-08-06
infant-mortality-rate,Manipur,2019,10.0,"RBI Handbook of Statistics on Indian States, Table 4: State-wise Infant Mortality Rate",https://www.rbi.org.in/Scripts/AnnualPublications.aspx?head=Handbook+of+Statistics+on+Indian+States,2019,Office of the Registrar General (SRS),,2026-08-06
infant-mortality-rate,Manipur,2020,6.0,"RBI Handbook of Statistics on Indian States, Table 4: State-wise Infant Mortality Rate",https://www.rbi.org.in/Scripts/AnnualPublications.aspx?head=Handbook+of+Statistics+on+Indian+States,2020,Office of the Registrar General (SRS),,2026-08-06
infant-mortality-rate,Manipur,2021,4.0,"RBI Handbook of Statistics on Indian States, Table 4: State-wise Infant Mortality Rate",https://www.rbi.org.in/Scripts/AnnualPublications.aspx?head=Handbook+of+Statistics+on+Indian+States,2021,Office of the Registrar General (SRS),,2026-08-06
infant-mortality-rate,Manipur,2022,3.0,"RBI Handbook of Statistics on Indian States, Table 4: State-wise Infant Mortality Rate",https://www.rbi.org.in/Scripts/AnnualPublications.aspx?head=Handbook+of+Statistics+on+Indian+States,2022,Office of the Registrar General (SRS),,2026-08-06
infant-mortality-rate,Manipur,2023,3.0,"RBI Handbook of Statistics on Indian States, Table 4: State-wise Infant Mortality Rate",https://www.rbi.org.in/Scripts/AnnualPublications.aspx?head=Handbook+of+Statistics+on+Indian+States,2023,Office of the Registrar General (SRS),,2026-08-06
infant-mortality-rate,Meghalaya,2011,52.0,"RBI Handbook of Statistics on Indian States, Table 4: State-wise Infant Mortality Rate",https://www.rbi.org.in/Scripts/AnnualPublications.aspx?head=Handbook+of+Statistics+on+Indian+States,2011,Office of the Registrar General (SRS),,2026-08-06
infant-mortality-rate,Meghalaya,2012,49.0,"RBI Handbook of Statistics on Indian States, Table 4: State-wise Infant Mortality Rate",https://www.rbi.org.in/Scripts/AnnualPublications.aspx?head=Handbook+of+Statistics+on+Indian+States,2012,Office of the Registrar General (SRS),,2026-08-06
infant-mortality-rate,Meghalaya,2013,47.0,"RBI Handbook of Statistics on Indian States, Table 4: State-wise Infant Mortality Rate",https://www.rbi.org.in/Scripts/AnnualPublications.aspx?head=Handbook+of+Statistics+on+Indian+States,2013,Office of the Registrar General (SRS),,2026-08-06
infant-mortality-rate,Meghalaya,2014,46.0,"RBI Handbook of Statistics on Indian States, Table 4: State-wise Infant Mortality Rate",https://www.rbi.org.in/Scripts/AnnualPublications.aspx?head=Handbook+of+Statistics+on+Indian+States,2014,Office of the Registrar General (SRS),,2026-08-06
infant-mortality-rate,Meghalaya,2015,42.0,"RBI Handbook of Statistics on Indian States, Table 4: State-wise Infant Mortality Rate",https://www.rbi.org.in/Scripts/AnnualPublications.aspx?head=Handbook+of+Statistics+on+Indian+States,2015,Office of the Registrar General (SRS),,2026-08-06
infant-mortality-rate,Meghalaya,2016,39.0,"RBI Handbook of Statistics on Indian States, Table 4: State-wise Infant Mortality Rate",https://www.rbi.org.in/Scripts/AnnualPublications.aspx?head=Handbook+of+Statistics+on+Indian+States,2016,Office of the Registrar General (SRS),,2026-08-06
infant-mortality-rate,Meghalaya,2017,39.0,"RBI Handbook of Statistics on Indian States, Table 4: State-wise Infant Mortality Rate",https://www.rbi.org.in/Scripts/AnnualPublications.aspx?head=Handbook+of+Statistics+on+Indian+States,2017,Office of the Registrar General (SRS),,2026-08-06
infant-mortality-rate,Meghalaya,2018,33.0,"RBI Handbook of Statistics on Indian States, Table 4: State-wise Infant Mortality Rate",https://www.rbi.org.in/Scripts/AnnualPublications.aspx?head=Handbook+of+Statistics+on+Indian+States,2018,Office of the Registrar General (SRS),,2026-08-06
infant-mortality-rate,Meghalaya,2019,33.0,"RBI Handbook of Statistics on Indian States, Table 4: State-wise Infant Mortality Rate",https://www.rbi.org.in/Scripts/AnnualPublications.aspx?head=Handbook+of+Statistics+on+Indian+States,2019,Office of the Registrar General (SRS),,2026-08-06
infant-mortality-rate,Meghalaya,2020,29.0,"RBI Handbook of Statistics on Indian States, Table 4: State-wise Infant Mortality Rate",https://www.rbi.org.in/Scripts/AnnualPublications.aspx?head=Handbook+of+Statistics+on+Indian+States,2020,Office of the Registrar General (SRS),,2026-08-06
infant-mortality-rate,Meghalaya,2021,30.0,"RBI Handbook of Statistics on Indian States, Table 4: State-wise Infant Mortality Rate",https://www.rbi.org.in/Scripts/AnnualPublications.aspx?head=Handbook+of+Statistics+on+Indian+States,2021,Office of the Registrar General (SRS),,2026-08-06
infant-mortality-rate,Meghalaya,2022,30.0,"RBI Handbook of Statistics on Indian States, Table 4: State-wise Infant Mortality Rate",https://www.rbi.org.in/Scripts/AnnualPublications.aspx?head=Handbook+of+Statistics+on+Indian+States,2022,Office of the Registrar General (SRS),,2026-08-06
infant-mortality-rate,Meghalaya,2023,34.0,"RBI Handbook of Statistics on Indian States, Table 4: State-wise Infant Mortality Rate",https://www.rbi.org.in/Scripts/AnnualPublications.aspx?head=Handbook+of+Statistics+on+Indian+States,2023,Office of the Registrar General (SRS),,2026-08-06
infant-mortality-rate,Mizoram,2011,34.0,"RBI Handbook of Statistics on Indian States, Table 4: State-wise Infant Mortality Rate",https://www.rbi.org.in/Scripts/AnnualPublications.aspx?head=Handbook+of+Statistics+on+Indian+States,2011,Office of the Registrar General (SRS),,2026-08-06
infant-mortality-rate,Mizoram,2012,35.0,"RBI Handbook of Statistics on Indian States, Table 4: State-wise Infant Mortality Rate",https://www.rbi.org.in/Scripts/AnnualPublications.aspx?head=Handbook+of+Statistics+on+Indian+States,2012,Office of the Registrar General (SRS),,2026-08-06
infant-mortality-rate,Mizoram,2013,35.0,"RBI Handbook of Statistics on Indian States, Table 4: State-wise Infant Mortality Rate",https://www.rbi.org.in/Scripts/AnnualPublications.aspx?head=Handbook+of+Statistics+on+Indian+States,2013,Office of the Registrar General (SRS),,2026-08-06
infant-mortality-rate,Mizoram,2014,32.0,"RBI Handbook of Statistics on Indian States, Table 4: State-wise Infant Mortality Rate",https://www.rbi.org.in/Scripts/AnnualPublications.aspx?head=Handbook+of+Statistics+on+Indian+States,2014,Office of the Registrar General (SRS),,2026-08-06
infant-mortality-rate,Mizoram,2015,32.0,"RBI Handbook of Statistics on Indian States, Table 4: State-wise Infant Mortality Rate",https://www.rbi.org.in/Scripts/AnnualPublications.aspx?head=Handbook+of+Statistics+on+Indian+States,2015,Office of the Registrar General (SRS),,2026-08-06
infant-mortality-rate,Mizoram,2016,27.0,"RBI Handbook of Statistics on Indian States, Table 4: State-wise Infant Mortality Rate",https://www.rbi.org.in/Scripts/AnnualPublications.aspx?head=Handbook+of+Statistics+on+Indian+States,2016,Office of the Registrar General (SRS),,2026-08-06
infant-mortality-rate,Mizoram,2017,15.0,"RBI Handbook of Statistics on Indian States, Table 4: State-wise Infant Mortality Rate",https://www.rbi.org.in/Scripts/AnnualPublications.aspx?head=Handbook+of+Statistics+on+Indian+States,2017,Office of the Registrar General (SRS),,2026-08-06
infant-mortality-rate,Mizoram,2018,5.0,"RBI Handbook of Statistics on Indian States, Table 4: State-wise Infant Mortality Rate",https://www.rbi.org.in/Scripts/AnnualPublications.aspx?head=Handbook+of+Statistics+on+Indian+States,2018,Office of the Registrar General (SRS),,2026-08-06
infant-mortality-rate,Mizoram,2019,3.0,"RBI Handbook of Statistics on Indian States, Table 4: State-wise Infant Mortality Rate",https://www.rbi.org.in/Scripts/AnnualPublications.aspx?head=Handbook+of+Statistics+on+Indian+States,2019,Office of the Registrar General (SRS),,2026-08-06
infant-mortality-rate,Mizoram,2020,3.0,"RBI Handbook of Statistics on Indian States, Table 4: State-wise Infant Mortality Rate",https://www.rbi.org.in/Scripts/AnnualPublications.aspx?head=Handbook+of+Statistics+on+Indian+States,2020,Office of the Registrar General (SRS),,2026-08-06
infant-mortality-rate,Mizoram,2021,4.0,"RBI Handbook of Statistics on Indian States, Table 4: State-wise Infant Mortality Rate",https://www.rbi.org.in/Scripts/AnnualPublications.aspx?head=Handbook+of+Statistics+on+Indian+States,2021,Office of the Registrar General (SRS),,2026-08-06
infant-mortality-rate,Mizoram,2022,11.0,"RBI Handbook of Statistics on Indian States, Table 4: State-wise Infant Mortality Rate",https://www.rbi.org.in/Scripts/AnnualPublications.aspx?head=Handbook+of+Statistics+on+Indian+States,2022,Office of the Registrar General (SRS),,2026-08-06
infant-mortality-rate,Mizoram,2023,13.0,"RBI Handbook of Statistics on Indian States, Table 4: State-wise Infant Mortality Rate",https://www.rbi.org.in/Scripts/AnnualPublications.aspx?head=Handbook+of+Statistics+on+Indian+States,2023,Office of the Registrar General (SRS),,2026-08-06
infant-mortality-rate,Nagaland,2011,21.0,"RBI Handbook of Statistics on Indian States, Table 4: State-wise Infant Mortality Rate",https://www.rbi.org.in/Scripts/AnnualPublications.aspx?head=Handbook+of+Statistics+on+Indian+States,2011,Office of the Registrar General (SRS),,2026-08-06
infant-mortality-rate,Nagaland,2012,18.0,"RBI Handbook of Statistics on Indian States, Table 4: State-wise Infant Mortality Rate",https://www.rbi.org.in/Scripts/AnnualPublications.aspx?head=Handbook+of+Statistics+on+Indian+States,2012,Office of the Registrar General (SRS),,2026-08-06
infant-mortality-rate,Nagaland,2013,18.0,"RBI Handbook of Statistics on Indian States, Table 4: State-wise Infant Mortality Rate",https://www.rbi.org.in/Scripts/AnnualPublications.aspx?head=Handbook+of+Statistics+on+Indian+States,2013,Office of the Registrar General (SRS),,2026-08-06
infant-mortality-rate,Nagaland,2014,14.0,"RBI Handbook of Statistics on Indian States, Table 4: State-wise Infant Mortality Rate",https://www.rbi.org.in/Scripts/AnnualPublications.aspx?head=Handbook+of+Statistics+on+Indian+States,2014,Office of the Registrar General (SRS),,2026-08-06
infant-mortality-rate,Nagaland,2015,12.0,"RBI Handbook of Statistics on Indian States, Table 4: State-wise Infant Mortality Rate",https://www.rbi.org.in/Scripts/AnnualPublications.aspx?head=Handbook+of+Statistics+on+Indian+States,2015,Office of the Registrar General (SRS),,2026-08-06
infant-mortality-rate,Nagaland,2016,12.0,"RBI Handbook of Statistics on Indian States, Table 4: State-wise Infant Mortality Rate",https://www.rbi.org.in/Scripts/AnnualPublications.aspx?head=Handbook+of+Statistics+on+Indian+States,2016,Office of the Registrar General (SRS),,2026-08-06
infant-mortality-rate,Nagaland,2017,7.0,"RBI Handbook of Statistics on Indian States, Table 4: State-wise Infant Mortality Rate",https://www.rbi.org.in/Scripts/AnnualPublications.aspx?head=Handbook+of+Statistics+on+Indian+States,2017,Office of the Registrar General (SRS),,2026-08-06
infant-mortality-rate,Nagaland,2018,4.0,"RBI Handbook of Statistics on Indian States, Table 4: State-wise Infant Mortality Rate",https://www.rbi.org.in/Scripts/AnnualPublications.aspx?head=Handbook+of+Statistics+on+Indian+States,2018,Office of the Registrar General (SRS),,2026-08-06
infant-mortality-rate,Nagaland,2019,3.0,"RBI Handbook of Statistics on Indian States, Table 4: State-wise Infant Mortality Rate",https://www.rbi.org.in/Scripts/AnnualPublications.aspx?head=Handbook+of+Statistics+on+Indian+States,2019,Office of the Registrar General (SRS),,2026-08-06
infant-mortality-rate,Nagaland,2020,4.0,"RBI Handbook of Statistics on Indian States, Table 4: State-wise Infant Mortality Rate",https://www.rbi.org.in/Scripts/AnnualPublications.aspx?head=Handbook+of+Statistics+on+Indian+States,2020,Office of the Registrar General (SRS),,2026-08-06
infant-mortality-rate,Nagaland,2021,7.0,"RBI Handbook of Statistics on Indian States, Table 4: State-wise Infant Mortality Rate",https://www.rbi.org.in/Scripts/AnnualPublications.aspx?head=Handbook+of+Statistics+on+Indian+States,2021,Office of the Registrar General (SRS),,2026-08-06
infant-mortality-rate,Nagaland,2022,9.0,"RBI Handbook of Statistics on Indian States, Table 4: State-wise Infant Mortality Rate",https://www.rbi.org.in/Scripts/AnnualPublications.aspx?head=Handbook+of+Statistics+on+Indian+States,2022,Office of the Registrar General (SRS),,2026-08-06
infant-mortality-rate,Nagaland,2023,10.0,"RBI Handbook of Statistics on Indian States, Table 4: State-wise Infant Mortality Rate",https://www.rbi.org.in/Scripts/AnnualPublications.aspx?head=Handbook+of+Statistics+on+Indian+States,2023,Office of the Registrar General (SRS),,2026-08-06
infant-mortality-rate,Odisha,2011,57.0,"RBI Handbook of Statistics on Indian States, Table 4: State-wise Infant Mortality Rate",https://www.rbi.org.in/Scripts/AnnualPublications.aspx?head=Handbook+of+Statistics+on+Indian+States,2011,Office of the Registrar General (SRS),,2026-08-06
infant-mortality-rate,Odisha,2012,53.0,"RBI Handbook of Statistics on Indian States, Table 4: State-wise Infant Mortality Rate",https://www.rbi.org.in/Scripts/AnnualPublications.aspx?head=Handbook+of+Statistics+on+Indian+States,2012,Office of the Registrar General (SRS),,2026-08-06
infant-mortality-rate,Odisha,2013,51.0,"RBI Handbook of Statistics on Indian States, Table 4: State-wise Infant Mortality Rate",https://www.rbi.org.in/Scripts/AnnualPublications.aspx?head=Handbook+of+Statistics+on+Indian+States,2013,Office of the Registrar General (SRS),,2026-08-06
infant-mortality-rate,Odisha,2014,49.0,"RBI Handbook of Statistics on Indian States, Table 4: State-wise Infant Mortality Rate",https://www.rbi.org.in/Scripts/AnnualPublications.aspx?head=Handbook+of+Statistics+on+Indian+States,2014,Office of the Registrar General (SRS),,2026-08-06
infant-mortality-rate,Odisha,2015,46.0,"RBI Handbook of Statistics on Indian States, Table 4: State-wise Infant Mortality Rate",https://www.rbi.org.in/Scripts/AnnualPublications.aspx?head=Handbook+of+Statistics+on+Indian+States,2015,Office of the Registrar General (SRS),,2026-08-06
infant-mortality-rate,Odisha,2016,44.0,"RBI Handbook of Statistics on Indian States, Table 4: State-wise Infant Mortality Rate",https://www.rbi.org.in/Scripts/AnnualPublications.aspx?head=Handbook+of+Statistics+on+Indian+States,2016,Office of the Registrar General (SRS),,2026-08-06
infant-mortality-rate,Odisha,2017,41.0,"RBI Handbook of Statistics on Indian States, Table 4: State-wise Infant Mortality Rate",https://www.rbi.org.in/Scripts/AnnualPublications.aspx?head=Handbook+of+Statistics+on+Indian+States,2017,Office of the Registrar General (SRS),,2026-08-06
infant-mortality-rate,Odisha,2018,40.0,"RBI Handbook of Statistics on Indian States, Table 4: State-wise Infant Mortality Rate",https://www.rbi.org.in/Scripts/AnnualPublications.aspx?head=Handbook+of+Statistics+on+Indian+States,2018,Office of the Registrar General (SRS),,2026-08-06
infant-mortality-rate,Odisha,2019,38.0,"RBI Handbook of Statistics on Indian States, Table 4: State-wise Infant Mortality Rate",https://www.rbi.org.in/Scripts/AnnualPublications.aspx?head=Handbook+of+Statistics+on+Indian+States,2019,Office of the Registrar General (SRS),,2026-08-06
infant-mortality-rate,Odisha,2020,36.0,"RBI Handbook of Statistics on Indian States, Table 4: State-wise Infant Mortality Rate",https://www.rbi.org.in/Scripts/AnnualPublications.aspx?head=Handbook+of+Statistics+on+Indian+States,2020,Office of the Registrar General (SRS),,2026-08-06
infant-mortality-rate,Odisha,2021,35.0,"RBI Handbook of Statistics on Indian States, Table 4: State-wise Infant Mortality Rate",https://www.rbi.org.in/Scripts/AnnualPublications.aspx?head=Handbook+of+Statistics+on+Indian+States,2021,Office of the Registrar General (SRS),,2026-08-06
infant-mortality-rate,Odisha,2022,32.0,"RBI Handbook of Statistics on Indian States, Table 4: State-wise Infant Mortality Rate",https://www.rbi.org.in/Scripts/AnnualPublications.aspx?head=Handbook+of+Statistics+on+Indian+States,2022,Office of the Registrar General (SRS),,2026-08-06
infant-mortality-rate,Odisha,2023,30.0,"RBI Handbook of Statistics on Indian States, Table 4: State-wise Infant Mortality Rate",https://www.rbi.org.in/Scripts/AnnualPublications.aspx?head=Handbook+of+Statistics+on+Indian+States,2023,Office of the Registrar General (SRS),,2026-08-06
infant-mortality-rate,Puducherry,2011,19.0,"RBI Handbook of Statistics on Indian States, Table 4: State-wise Infant Mortality Rate",https://www.rbi.org.in/Scripts/AnnualPublications.aspx?head=Handbook+of+Statistics+on+Indian+States,2011,Office of the Registrar General (SRS),,2026-08-06
infant-mortality-rate,Puducherry,2012,17.0,"RBI Handbook of Statistics on Indian States, Table 4: State-wise Infant Mortality Rate",https://www.rbi.org.in/Scripts/AnnualPublications.aspx?head=Handbook+of+Statistics+on+Indian+States,2012,Office of the Registrar General (SRS),,2026-08-06
infant-mortality-rate,Puducherry,2013,17.0,"RBI Handbook of Statistics on Indian States, Table 4: State-wise Infant Mortality Rate",https://www.rbi.org.in/Scripts/AnnualPublications.aspx?head=Handbook+of+Statistics+on+Indian+States,2013,Office of the Registrar General (SRS),,2026-08-06
infant-mortality-rate,Puducherry,2014,14.0,"RBI Handbook of Statistics on Indian States, Table 4: State-wise Infant Mortality Rate",https://www.rbi.org.in/Scripts/AnnualPublications.aspx?head=Handbook+of+Statistics+on+Indian+States,2014,Office of the Registrar General (SRS),,2026-08-06
infant-mortality-rate,Puducherry,2015,11.0,"RBI Handbook of Statistics on Indian States, Table 4: State-wise Infant Mortality Rate",https://www.rbi.org.in/Scripts/AnnualPublications.aspx?head=Handbook+of+Statistics+on+Indian+States,2015,Office of the Registrar General (SRS),,2026-08-06
infant-mortality-rate,Puducherry,2016,10.0,"RBI Handbook of Statistics on Indian States, Table 4: State-wise Infant Mortality Rate",https://www.rbi.org.in/Scripts/AnnualPublications.aspx?head=Handbook+of+Statistics+on+Indian+States,2016,Office of the Registrar General (SRS),,2026-08-06
infant-mortality-rate,Puducherry,2017,11.0,"RBI Handbook of Statistics on Indian States, Table 4: State-wise Infant Mortality Rate",https://www.rbi.org.in/Scripts/AnnualPublications.aspx?head=Handbook+of+Statistics+on+Indian+States,2017,Office of the Registrar General (SRS),,2026-08-06
infant-mortality-rate,Puducherry,2018,11.0,"RBI Handbook of Statistics on Indian States, Table 4: State-wise Infant Mortality Rate",https://www.rbi.org.in/Scripts/AnnualPublications.aspx?head=Handbook+of+Statistics+on+Indian+States,2018,Office of the Registrar General (SRS),,2026-08-06
infant-mortality-rate,Puducherry,2019,9.0,"RBI Handbook of Statistics on Indian States, Table 4: State-wise Infant Mortality Rate",https://www.rbi.org.in/Scripts/AnnualPublications.aspx?head=Handbook+of+Statistics+on+Indian+States,2019,Office of the Registrar General (SRS),,2026-08-06
infant-mortality-rate,Puducherry,2020,6.0,"RBI Handbook of Statistics on Indian States, Table 4: State-wise Infant Mortality Rate",https://www.rbi.org.in/Scripts/AnnualPublications.aspx?head=Handbook+of+Statistics+on+Indian+States,2020,Office of the Registrar General (SRS),,2026-08-06
infant-mortality-rate,Puducherry,2021,5.0,"RBI Handbook of Statistics on Indian States, Table 4: State-wise Infant Mortality Rate",https://www.rbi.org.in/Scripts/AnnualPublications.aspx?head=Handbook+of+Statistics+on+Indian+States,2021,Office of the Registrar General (SRS),,2026-08-06
infant-mortality-rate,Puducherry,2022,6.0,"RBI Handbook of Statistics on Indian States, Table 4: State-wise Infant Mortality Rate",https://www.rbi.org.in/Scripts/AnnualPublications.aspx?head=Handbook+of+Statistics+on+Indian+States,2022,Office of the Registrar General (SRS),,2026-08-06
infant-mortality-rate,Puducherry,2023,7.0,"RBI Handbook of Statistics on Indian States, Table 4: State-wise Infant Mortality Rate",https://www.rbi.org.in/Scripts/AnnualPublications.aspx?head=Handbook+of+Statistics+on+Indian+States,2023,Office of the Registrar General (SRS),,2026-08-06
infant-mortality-rate,Punjab,2011,30.0,"RBI Handbook of Statistics on Indian States, Table 4: State-wise Infant Mortality Rate",https://www.rbi.org.in/Scripts/AnnualPublications.aspx?head=Handbook+of+Statistics+on+Indian+States,2011,Office of the Registrar General (SRS),,2026-08-06
infant-mortality-rate,Punjab,2012,28.0,"RBI Handbook of Statistics on Indian States, Table 4: State-wise Infant Mortality Rate",https://www.rbi.org.in/Scripts/AnnualPublications.aspx?head=Handbook+of+Statistics+on+Indian+States,2012,Office of the Registrar General (SRS),,2026-08-06
infant-mortality-rate,Punjab,2013,26.0,"RBI Handbook of Statistics on Indian States, Table 4: State-wise Infant Mortality Rate",https://www.rbi.org.in/Scripts/AnnualPublications.aspx?head=Handbook+of+Statistics+on+Indian+States,2013,Office of the Registrar General (SRS),,2026-08-06
infant-mortality-rate,Punjab,2014,24.0,"RBI Handbook of Statistics on Indian States, Table 4: State-wise Infant Mortality Rate",https://www.rbi.org.in/Scripts/AnnualPublications.aspx?head=Handbook+of+Statistics+on+Indian+States,2014,Office of the Registrar General (SRS),,2026-08-06
infant-mortality-rate,Punjab,2015,23.0,"RBI Handbook of Statistics on Indian States, Table 4: State-wise Infant Mortality Rate",https://www.rbi.org.in/Scripts/AnnualPublications.aspx?head=Handbook+of+Statistics+on+Indian+States,2015,Office of the Registrar General (SRS),,2026-08-06
infant-mortality-rate,Punjab,2016,21.0,"RBI Handbook of Statistics on Indian States, Table 4: State-wise Infant Mortality Rate",https://www.rbi.org.in/Scripts/AnnualPublications.aspx?head=Handbook+of+Statistics+on+Indian+States,2016,Office of the Registrar General (SRS),,2026-08-06
infant-mortality-rate,Punjab,2017,21.0,"RBI Handbook of Statistics on Indian States, Table 4: State-wise Infant Mortality Rate",https://www.rbi.org.in/Scripts/AnnualPublications.aspx?head=Handbook+of+Statistics+on+Indian+States,2017,Office of the Registrar General (SRS),,2026-08-06
infant-mortality-rate,Punjab,2018,20.0,"RBI Handbook of Statistics on Indian States, Table 4: State-wise Infant Mortality Rate",https://www.rbi.org.in/Scripts/AnnualPublications.aspx?head=Handbook+of+Statistics+on+Indian+States,2018,Office of the Registrar General (SRS),,2026-08-06
infant-mortality-rate,Punjab,2019,19.0,"RBI Handbook of Statistics on Indian States, Table 4: State-wise Infant Mortality Rate",https://www.rbi.org.in/Scripts/AnnualPublications.aspx?head=Handbook+of+Statistics+on+Indian+States,2019,Office of the Registrar General (SRS),,2026-08-06
infant-mortality-rate,Punjab,2020,18.0,"RBI Handbook of Statistics on Indian States, Table 4: State-wise Infant Mortality Rate",https://www.rbi.org.in/Scripts/AnnualPublications.aspx?head=Handbook+of+Statistics+on+Indian+States,2020,Office of the Registrar General (SRS),,2026-08-06
infant-mortality-rate,Punjab,2021,18.0,"RBI Handbook of Statistics on Indian States, Table 4: State-wise Infant Mortality Rate",https://www.rbi.org.in/Scripts/AnnualPublications.aspx?head=Handbook+of+Statistics+on+Indian+States,2021,Office of the Registrar General (SRS),,2026-08-06
infant-mortality-rate,Punjab,2022,16.0,"RBI Handbook of Statistics on Indian States, Table 4: State-wise Infant Mortality Rate",https://www.rbi.org.in/Scripts/AnnualPublications.aspx?head=Handbook+of+Statistics+on+Indian+States,2022,Office of the Registrar General (SRS),,2026-08-06
infant-mortality-rate,Punjab,2023,17.0,"RBI Handbook of Statistics on Indian States, Table 4: State-wise Infant Mortality Rate",https://www.rbi.org.in/Scripts/AnnualPublications.aspx?head=Handbook+of+Statistics+on+Indian+States,2023,Office of the Registrar General (SRS),,2026-08-06
infant-mortality-rate,Rajasthan,2011,52.0,"RBI Handbook of Statistics on Indian States, Table 4: State-wise Infant Mortality Rate",https://www.rbi.org.in/Scripts/AnnualPublications.aspx?head=Handbook+of+Statistics+on+Indian+States,2011,Office of the Registrar General (SRS),,2026-08-06
infant-mortality-rate,Rajasthan,2012,49.0,"RBI Handbook of Statistics on Indian States, Table 4: State-wise Infant Mortality Rate",https://www.rbi.org.in/Scripts/AnnualPublications.aspx?head=Handbook+of+Statistics+on+Indian+States,2012,Office of the Registrar General (SRS),,2026-08-06
infant-mortality-rate,Rajasthan,2013,47.0,"RBI Handbook of Statistics on Indian States, Table 4: State-wise Infant Mortality Rate",https://www.rbi.org.in/Scripts/AnnualPublications.aspx?head=Handbook+of+Statistics+on+Indian+States,2013,Office of the Registrar General (SRS),,2026-08-06
infant-mortality-rate,Rajasthan,2014,46.0,"RBI Handbook of Statistics on Indian States, Table 4: State-wise Infant Mortality Rate",https://www.rbi.org.in/Scripts/AnnualPublications.aspx?head=Handbook+of+Statistics+on+Indian+States,2014,Office of the Registrar General (SRS),,2026-08-06
infant-mortality-rate,Rajasthan,2015,43.0,"RBI Handbook of Statistics on Indian States, Table 4: State-wise Infant Mortality Rate",https://www.rbi.org.in/Scripts/AnnualPublications.aspx?head=Handbook+of+Statistics+on+Indian+States,2015,Office of the Registrar General (SRS),,2026-08-06
infant-mortality-rate,Rajasthan,2016,41.0,"RBI Handbook of Statistics on Indian States, Table 4: State-wise Infant Mortality Rate",https://www.rbi.org.in/Scripts/AnnualPublications.aspx?head=Handbook+of+Statistics+on+Indian+States,2016,Office of the Registrar General (SRS),,2026-08-06
infant-mortality-rate,Rajasthan,2017,38.0,"RBI Handbook of Statistics on Indian States, Table 4: State-wise Infant Mortality Rate",https://www.rbi.org.in/Scripts/AnnualPublications.aspx?head=Handbook+of+Statistics+on+Indian+States,2017,Office of the Registrar General (SRS),,2026-08-06
infant-mortality-rate,Rajasthan,2018,37.0,"RBI Handbook of Statistics on Indian States, Table 4: State-wise Infant Mortality Rate",https://www.rbi.org.in/Scripts/AnnualPublications.aspx?head=Handbook+of+Statistics+on+Indian+States,2018,Office of the Registrar General (SRS),,2026-08-06
infant-mortality-rate,Rajasthan,2019,35.0,"RBI Handbook of Statistics on Indian States, Table 4: State-wise Infant Mortality Rate",https://www.rbi.org.in/Scripts/AnnualPublications.aspx?head=Handbook+of+Statistics+on+Indian+States,2019,Office of the Registrar General (SRS),,2026-08-06
infant-mortality-rate,Rajasthan,2020,32.0,"RBI Handbook of Statistics on Indian States, Table 4: State-wise Infant Mortality Rate",https://www.rbi.org.in/Scripts/AnnualPublications.aspx?head=Handbook+of+Statistics+on+Indian+States,2020,Office of the Registrar General (SRS),,2026-08-06
infant-mortality-rate,Rajasthan,2021,31.0,"RBI Handbook of Statistics on Indian States, Table 4: State-wise Infant Mortality Rate",https://www.rbi.org.in/Scripts/AnnualPublications.aspx?head=Handbook+of+Statistics+on+Indian+States,2021,Office of the Registrar General (SRS),,2026-08-06
infant-mortality-rate,Rajasthan,2022,30.0,"RBI Handbook of Statistics on Indian States, Table 4: State-wise Infant Mortality Rate",https://www.rbi.org.in/Scripts/AnnualPublications.aspx?head=Handbook+of+Statistics+on+Indian+States,2022,Office of the Registrar General (SRS),,2026-08-06
infant-mortality-rate,Rajasthan,2023,29.0,"RBI Handbook of Statistics on Indian States, Table 4: State-wise Infant Mortality Rate",https://www.rbi.org.in/Scripts/AnnualPublications.aspx?head=Handbook+of+Statistics+on+Indian+States,2023,Office of the Registrar General (SRS),,2026-08-06
infant-mortality-rate,Sikkim,2011,26.0,"RBI Handbook of Statistics on Indian States, Table 4: State-wise Infant Mortality Rate",https://www.rbi.org.in/Scripts/AnnualPublications.aspx?head=Handbook+of+Statistics+on+Indian+States,2011,Office of the Registrar General (SRS),,2026-08-06
infant-mortality-rate,Sikkim,2012,24.0,"RBI Handbook of Statistics on Indian States, Table 4: State-wise Infant Mortality Rate",https://www.rbi.org.in/Scripts/AnnualPublications.aspx?head=Handbook+of+Statistics+on+Indian+States,2012,Office of the Registrar General (SRS),,2026-08-06
infant-mortality-rate,Sikkim,2013,22.0,"RBI Handbook of Statistics on Indian States, Table 4: State-wise Infant Mortality Rate",https://www.rbi.org.in/Scripts/AnnualPublications.aspx?head=Handbook+of+Statistics+on+Indian+States,2013,Office of the Registrar General (SRS),,2026-08-06
infant-mortality-rate,Sikkim,2014,19.0,"RBI Handbook of Statistics on Indian States, Table 4: State-wise Infant Mortality Rate",https://www.rbi.org.in/Scripts/AnnualPublications.aspx?head=Handbook+of+Statistics+on+Indian+States,2014,Office of the Registrar General (SRS),,2026-08-06
infant-mortality-rate,Sikkim,2015,18.0,"RBI Handbook of Statistics on Indian States, Table 4: State-wise Infant Mortality Rate",https://www.rbi.org.in/Scripts/AnnualPublications.aspx?head=Handbook+of+Statistics+on+Indian+States,2015,Office of the Registrar General (SRS),,2026-08-06
infant-mortality-rate,Sikkim,2016,16.0,"RBI Handbook of Statistics on Indian States, Table 4: State-wise Infant Mortality Rate",https://www.rbi.org.in/Scripts/AnnualPublications.aspx?head=Handbook+of+Statistics+on+Indian+States,2016,Office of the Registrar General (SRS),,2026-08-06
infant-mortality-rate,Sikkim,2017,12.0,"RBI Handbook of Statistics on Indian States, Table 4: State-wise Infant Mortality Rate",https://www.rbi.org.in/Scripts/AnnualPublications.aspx?head=Handbook+of+Statistics+on+Indian+States,2017,Office of the Registrar General (SRS),,2026-08-06
infant-mortality-rate,Sikkim,2018,7.0,"RBI Handbook of Statistics on Indian States, Table 4: State-wise Infant Mortality Rate",https://www.rbi.org.in/Scripts/AnnualPublications.aspx?head=Handbook+of+Statistics+on+Indian+States,2018,Office of the Registrar General (SRS),,2026-08-06
infant-mortality-rate,Sikkim,2019,5.0,"RBI Handbook of Statistics on Indian States, Table 4: State-wise Infant Mortality Rate",https://www.rbi.org.in/Scripts/AnnualPublications.aspx?head=Handbook+of+Statistics+on+Indian+States,2019,Office of the Registrar General (SRS),,2026-08-06
infant-mortality-rate,Sikkim,2020,5.0,"RBI Handbook of Statistics on Indian States, Table 4: State-wise Infant Mortality Rate",https://www.rbi.org.in/Scripts/AnnualPublications.aspx?head=Handbook+of+Statistics+on+Indian+States,2020,Office of the Registrar General (SRS),,2026-08-06
infant-mortality-rate,Sikkim,2021,4.0,"RBI Handbook of Statistics on Indian States, Table 4: State-wise Infant Mortality Rate",https://www.rbi.org.in/Scripts/AnnualPublications.aspx?head=Handbook+of+Statistics+on+Indian+States,2021,Office of the Registrar General (SRS),,2026-08-06
infant-mortality-rate,Sikkim,2022,5.0,"RBI Handbook of Statistics on Indian States, Table 4: State-wise Infant Mortality Rate",https://www.rbi.org.in/Scripts/AnnualPublications.aspx?head=Handbook+of+Statistics+on+Indian+States,2022,Office of the Registrar General (SRS),,2026-08-06
infant-mortality-rate,Sikkim,2023,6.0,"RBI Handbook of Statistics on Indian States, Table 4: State-wise Infant Mortality Rate",https://www.rbi.org.in/Scripts/AnnualPublications.aspx?head=Handbook+of+Statistics+on+Indian+States,2023,Office of the Registrar General (SRS),,2026-08-06
infant-mortality-rate,Tamil Nadu,2011,22.0,"RBI Handbook of Statistics on Indian States, Table 4: State-wise Infant Mortality Rate",https://www.rbi.org.in/Scripts/AnnualPublications.aspx?head=Handbook+of+Statistics+on+Indian+States,2011,Office of the Registrar General (SRS),,2026-08-06
infant-mortality-rate,Tamil Nadu,2012,21.0,"RBI Handbook of Statistics on Indian States, Table 4: State-wise Infant Mortality Rate",https://www.rbi.org.in/Scripts/AnnualPublications.aspx?head=Handbook+of+Statistics+on+Indian+States,2012,Office of the Registrar General (SRS),,2026-08-06
infant-mortality-rate,Tamil Nadu,2013,21.0,"RBI Handbook of Statistics on Indian States, Table 4: State-wise Infant Mortality Rate",https://www.rbi.org.in/Scripts/AnnualPublications.aspx?head=Handbook+of+Statistics+on+Indian+States,2013,Office of the Registrar General (SRS),,2026-08-06
infant-mortality-rate,Tamil Nadu,2014,20.0,"RBI Handbook of Statistics on Indian States, Table 4: State-wise Infant Mortality Rate",https://www.rbi.org.in/Scripts/AnnualPublications.aspx?head=Handbook+of+Statistics+on+Indian+States,2014,Office of the Registrar General (SRS),,2026-08-06
infant-mortality-rate,Tamil Nadu,2015,19.0,"RBI Handbook of Statistics on Indian States, Table 4: State-wise Infant Mortality Rate",https://www.rbi.org.in/Scripts/AnnualPublications.aspx?head=Handbook+of+Statistics+on+Indian+States,2015,Office of the Registrar General (SRS),,2026-08-06
infant-mortality-rate,Tamil Nadu,2016,17.0,"RBI Handbook of Statistics on Indian States, Table 4: State-wise Infant Mortality Rate",https://www.rbi.org.in/Scripts/AnnualPublications.aspx?head=Handbook+of+Statistics+on+Indian+States,2016,Office of the Registrar General (SRS),,2026-08-06
infant-mortality-rate,Tamil Nadu,2017,16.0,"RBI Handbook of Statistics on Indian States, Table 4: State-wise Infant Mortality Rate",https://www.rbi.org.in/Scripts/AnnualPublications.aspx?head=Handbook+of+Statistics+on+Indian+States,2017,Office of the Registrar General (SRS),,2026-08-06
infant-mortality-rate,Tamil Nadu,2018,15.0,"RBI Handbook of Statistics on Indian States, Table 4: State-wise Infant Mortality Rate",https://www.rbi.org.in/Scripts/AnnualPublications.aspx?head=Handbook+of+Statistics+on+Indian+States,2018,Office of the Registrar General (SRS),,2026-08-06
infant-mortality-rate,Tamil Nadu,2019,15.0,"RBI Handbook of Statistics on Indian States, Table 4: State-wise Infant Mortality Rate",https://www.rbi.org.in/Scripts/AnnualPublications.aspx?head=Handbook+of+Statistics+on+Indian+States,2019,Office of the Registrar General (SRS),,2026-08-06
infant-mortality-rate,Tamil Nadu,2020,13.0,"RBI Handbook of Statistics on Indian States, Table 4: State-wise Infant Mortality Rate",https://www.rbi.org.in/Scripts/AnnualPublications.aspx?head=Handbook+of+Statistics+on+Indian+States,2020,Office of the Registrar General (SRS),,2026-08-06
infant-mortality-rate,Tamil Nadu,2021,12.0,"RBI Handbook of Statistics on Indian States, Table 4: State-wise Infant Mortality Rate",https://www.rbi.org.in/Scripts/AnnualPublications.aspx?head=Handbook+of+Statistics+on+Indian+States,2021,Office of the Registrar General (SRS),,2026-08-06
infant-mortality-rate,Tamil Nadu,2022,11.0,"RBI Handbook of Statistics on Indian States, Table 4: State-wise Infant Mortality Rate",https://www.rbi.org.in/Scripts/AnnualPublications.aspx?head=Handbook+of+Statistics+on+Indian+States,2022,Office of the Registrar General (SRS),,2026-08-06
infant-mortality-rate,Tamil Nadu,2023,12.0,"RBI Handbook of Statistics on Indian States, Table 4: State-wise Infant Mortality Rate",https://www.rbi.org.in/Scripts/AnnualPublications.aspx?head=Handbook+of+Statistics+on+Indian+States,2023,Office of the Registrar General (SRS),,2026-08-06
infant-mortality-rate,Telangana,2014,35.0,"RBI Handbook of Statistics on Indian States, Table 4: State-wise Infant Mortality Rate",https://www.rbi.org.in/Scripts/AnnualPublications.aspx?head=Handbook+of+Statistics+on+Indian+States,2014,Office of the Registrar General (SRS),,2026-08-06
infant-mortality-rate,Telangana,2015,34.0,"RBI Handbook of Statistics on Indian States, Table 4: State-wise Infant Mortality Rate",https://www.rbi.org.in/Scripts/AnnualPublications.aspx?head=Handbook+of+Statistics+on+Indian+States,2015,Office of the Registrar General (SRS),,2026-08-06
infant-mortality-rate,Telangana,2016,31.0,"RBI Handbook of Statistics on Indian States, Table 4: State-wise Infant Mortality Rate",https://www.rbi.org.in/Scripts/AnnualPublications.aspx?head=Handbook+of+Statistics+on+Indian+States,2016,Office of the Registrar General (SRS),,2026-08-06
infant-mortality-rate,Telangana,2017,29.0,"RBI Handbook of Statistics on Indian States, Table 4: State-wise Infant Mortality Rate",https://www.rbi.org.in/Scripts/AnnualPublications.aspx?head=Handbook+of+Statistics+on+Indian+States,2017,Office of the Registrar General (SRS),,2026-08-06
infant-mortality-rate,Telangana,2018,27.0,"RBI Handbook of Statistics on Indian States, Table 4: State-wise Infant Mortality Rate",https://www.rbi.org.in/Scripts/AnnualPublications.aspx?head=Handbook+of+Statistics+on+Indian+States,2018,Office of the Registrar General (SRS),,2026-08-06
infant-mortality-rate,Telangana,2019,23.0,"RBI Handbook of Statistics on Indian States, Table 4: State-wise Infant Mortality Rate",https://www.rbi.org.in/Scripts/AnnualPublications.aspx?head=Handbook+of+Statistics+on+Indian+States,2019,Office of the Registrar General (SRS),,2026-08-06
infant-mortality-rate,Telangana,2020,21.0,"RBI Handbook of Statistics on Indian States, Table 4: State-wise Infant Mortality Rate",https://www.rbi.org.in/Scripts/AnnualPublications.aspx?head=Handbook+of+Statistics+on+Indian+States,2020,Office of the Registrar General (SRS),,2026-08-06
infant-mortality-rate,Telangana,2021,20.0,"RBI Handbook of Statistics on Indian States, Table 4: State-wise Infant Mortality Rate",https://www.rbi.org.in/Scripts/AnnualPublications.aspx?head=Handbook+of+Statistics+on+Indian+States,2021,Office of the Registrar General (SRS),,2026-08-06
infant-mortality-rate,Telangana,2022,18.0,"RBI Handbook of Statistics on Indian States, Table 4: State-wise Infant Mortality Rate",https://www.rbi.org.in/Scripts/AnnualPublications.aspx?head=Handbook+of+Statistics+on+Indian+States,2022,Office of the Registrar General (SRS),,2026-08-06
infant-mortality-rate,Telangana,2023,18.0,"RBI Handbook of Statistics on Indian States, Table 4: State-wise Infant Mortality Rate",https://www.rbi.org.in/Scripts/AnnualPublications.aspx?head=Handbook+of+Statistics+on+Indian+States,2023,Office of the Registrar General (SRS),,2026-08-06
infant-mortality-rate,Tripura,2011,29.0,"RBI Handbook of Statistics on Indian States, Table 4: State-wise Infant Mortality Rate",https://www.rbi.org.in/Scripts/AnnualPublications.aspx?head=Handbook+of+Statistics+on+Indian+States,2011,Office of the Registrar General (SRS),,2026-08-06
infant-mortality-rate,Tripura,2012,28.0,"RBI Handbook of Statistics on Indian States, Table 4: State-wise Infant Mortality Rate",https://www.rbi.org.in/Scripts/AnnualPublications.aspx?head=Handbook+of+Statistics+on+Indian+States,2012,Office of the Registrar General (SRS),,2026-08-06
infant-mortality-rate,Tripura,2013,26.0,"RBI Handbook of Statistics on Indian States, Table 4: State-wise Infant Mortality Rate",https://www.rbi.org.in/Scripts/AnnualPublications.aspx?head=Handbook+of+Statistics+on+Indian+States,2013,Office of the Registrar General (SRS),,2026-08-06
infant-mortality-rate,Tripura,2014,21.0,"RBI Handbook of Statistics on Indian States, Table 4: State-wise Infant Mortality Rate",https://www.rbi.org.in/Scripts/AnnualPublications.aspx?head=Handbook+of+Statistics+on+Indian+States,2014,Office of the Registrar General (SRS),,2026-08-06
infant-mortality-rate,Tripura,2015,20.0,"RBI Handbook of Statistics on Indian States, Table 4: State-wise Infant Mortality Rate",https://www.rbi.org.in/Scripts/AnnualPublications.aspx?head=Handbook+of+Statistics+on+Indian+States,2015,Office of the Registrar General (SRS),,2026-08-06
infant-mortality-rate,Tripura,2016,24.0,"RBI Handbook of Statistics on Indian States, Table 4: State-wise Infant Mortality Rate",https://www.rbi.org.in/Scripts/AnnualPublications.aspx?head=Handbook+of+Statistics+on+Indian+States,2016,Office of the Registrar General (SRS),,2026-08-06
infant-mortality-rate,Tripura,2017,29.0,"RBI Handbook of Statistics on Indian States, Table 4: State-wise Infant Mortality Rate",https://www.rbi.org.in/Scripts/AnnualPublications.aspx?head=Handbook+of+Statistics+on+Indian+States,2017,Office of the Registrar General (SRS),,2026-08-06
infant-mortality-rate,Tripura,2018,27.0,"RBI Handbook of Statistics on Indian States, Table 4: State-wise Infant Mortality Rate",https://www.rbi.org.in/Scripts/AnnualPublications.aspx?head=Handbook+of+Statistics+on+Indian+States,2018,Office of the Registrar General (SRS),,2026-08-06
infant-mortality-rate,Tripura,2019,21.0,"RBI Handbook of Statistics on Indian States, Table 4: State-wise Infant Mortality Rate",https://www.rbi.org.in/Scripts/AnnualPublications.aspx?head=Handbook+of+Statistics+on+Indian+States,2019,Office of the Registrar General (SRS),,2026-08-06
infant-mortality-rate,Tripura,2020,18.0,"RBI Handbook of Statistics on Indian States, Table 4: State-wise Infant Mortality Rate",https://www.rbi.org.in/Scripts/AnnualPublications.aspx?head=Handbook+of+Statistics+on+Indian+States,2020,Office of the Registrar General (SRS),,2026-08-06
infant-mortality-rate,Tripura,2021,19.0,"RBI Handbook of Statistics on Indian States, Table 4: State-wise Infant Mortality Rate",https://www.rbi.org.in/Scripts/AnnualPublications.aspx?head=Handbook+of+Statistics+on+Indian+States,2021,Office of the Registrar General (SRS),,2026-08-06
infant-mortality-rate,Tripura,2022,17.0,"RBI Handbook of Statistics on Indian States, Table 4: State-wise Infant Mortality Rate",https://www.rbi.org.in/Scripts/AnnualPublications.aspx?head=Handbook+of+Statistics+on+Indian+States,2022,Office of the Registrar General (SRS),,2026-08-06
infant-mortality-rate,Tripura,2023,15.0,"RBI Handbook of Statistics on Indian States, Table 4: State-wise Infant Mortality Rate",https://www.rbi.org.in/Scripts/AnnualPublications.aspx?head=Handbook+of+Statistics+on+Indian+States,2023,Office of the Registrar General (SRS),,2026-08-06
infant-mortality-rate,Uttar Pradesh,2011,57.0,"RBI Handbook of Statistics on Indian States, Table 4: State-wise Infant Mortality Rate",https://www.rbi.org.in/Scripts/AnnualPublications.aspx?head=Handbook+of+Statistics+on+Indian+States,2011,Office of the Registrar General (SRS),,2026-08-06
infant-mortality-rate,Uttar Pradesh,2012,53.0,"RBI Handbook of Statistics on Indian States, Table 4: State-wise Infant Mortality Rate",https://www.rbi.org.in/Scripts/AnnualPublications.aspx?head=Handbook+of+Statistics+on+Indian+States,2012,Office of the Registrar General (SRS),,2026-08-06
infant-mortality-rate,Uttar Pradesh,2013,50.0,"RBI Handbook of Statistics on Indian States, Table 4: State-wise Infant Mortality Rate",https://www.rbi.org.in/Scripts/AnnualPublications.aspx?head=Handbook+of+Statistics+on+Indian+States,2013,Office of the Registrar General (SRS),,2026-08-06
infant-mortality-rate,Uttar Pradesh,2014,48.0,"RBI Handbook of Statistics on Indian States, Table 4: State-wise Infant Mortality Rate",https://www.rbi.org.in/Scripts/AnnualPublications.aspx?head=Handbook+of+Statistics+on+Indian+States,2014,Office of the Registrar General (SRS),,2026-08-06
infant-mortality-rate,Uttar Pradesh,2015,46.0,"RBI Handbook of Statistics on Indian States, Table 4: State-wise Infant Mortality Rate",https://www.rbi.org.in/Scripts/AnnualPublications.aspx?head=Handbook+of+Statistics+on+Indian+States,2015,Office of the Registrar General (SRS),,2026-08-06
infant-mortality-rate,Uttar Pradesh,2016,43.0,"RBI Handbook of Statistics on Indian States, Table 4: State-wise Infant Mortality Rate",https://www.rbi.org.in/Scripts/AnnualPublications.aspx?head=Handbook+of+Statistics+on+Indian+States,2016,Office of the Registrar General (SRS),,2026-08-06
infant-mortality-rate,Uttar Pradesh,2017,41.0,"RBI Handbook of Statistics on Indian States, Table 4: State-wise Infant Mortality Rate",https://www.rbi.org.in/Scripts/AnnualPublications.aspx?head=Handbook+of+Statistics+on+Indian+States,2017,Office of the Registrar General (SRS),,2026-08-06
infant-mortality-rate,Uttar Pradesh,2018,43.0,"RBI Handbook of Statistics on Indian States, Table 4: State-wise Infant Mortality Rate",https://www.rbi.org.in/Scripts/AnnualPublications.aspx?head=Handbook+of+Statistics+on+Indian+States,2018,Office of the Registrar General (SRS),,2026-08-06
infant-mortality-rate,Uttar Pradesh,2019,41.0,"RBI Handbook of Statistics on Indian States, Table 4: State-wise Infant Mortality Rate",https://www.rbi.org.in/Scripts/AnnualPublications.aspx?head=Handbook+of+Statistics+on+Indian+States,2019,Office of the Registrar General (SRS),,2026-08-06
infant-mortality-rate,Uttar Pradesh,2020,38.0,"RBI Handbook of Statistics on Indian States, Table 4: State-wise Infant Mortality Rate",https://www.rbi.org.in/Scripts/AnnualPublications.aspx?head=Handbook+of+Statistics+on+Indian+States,2020,Office of the Registrar General (SRS),,2026-08-06
infant-mortality-rate,Uttar Pradesh,2021,37.0,"RBI Handbook of Statistics on Indian States, Table 4: State-wise Infant Mortality Rate",https://www.rbi.org.in/Scripts/AnnualPublications.aspx?head=Handbook+of+Statistics+on+Indian+States,2021,Office of the Registrar General (SRS),,2026-08-06
infant-mortality-rate,Uttar Pradesh,2022,38.0,"RBI Handbook of Statistics on Indian States, Table 4: State-wise Infant Mortality Rate",https://www.rbi.org.in/Scripts/AnnualPublications.aspx?head=Handbook+of+Statistics+on+Indian+States,2022,Office of the Registrar General (SRS),,2026-08-06
infant-mortality-rate,Uttar Pradesh,2023,37.0,"RBI Handbook of Statistics on Indian States, Table 4: State-wise Infant Mortality Rate",https://www.rbi.org.in/Scripts/AnnualPublications.aspx?head=Handbook+of+Statistics+on+Indian+States,2023,Office of the Registrar General (SRS),,2026-08-06
infant-mortality-rate,Uttarakhand,2011,36.0,"RBI Handbook of Statistics on Indian States, Table 4: State-wise Infant Mortality Rate",https://www.rbi.org.in/Scripts/AnnualPublications.aspx?head=Handbook+of+Statistics+on+Indian+States,2011,Office of the Registrar General (SRS),,2026-08-06
infant-mortality-rate,Uttarakhand,2012,34.0,"RBI Handbook of Statistics on Indian States, Table 4: State-wise Infant Mortality Rate",https://www.rbi.org.in/Scripts/AnnualPublications.aspx?head=Handbook+of+Statistics+on+Indian+States,2012,Office of the Registrar General (SRS),,2026-08-06
infant-mortality-rate,Uttarakhand,2013,32.0,"RBI Handbook of Statistics on Indian States, Table 4: State-wise Infant Mortality Rate",https://www.rbi.org.in/Scripts/AnnualPublications.aspx?head=Handbook+of+Statistics+on+Indian+States,2013,Office of the Registrar General (SRS),,2026-08-06
infant-mortality-rate,Uttarakhand,2014,33.0,"RBI Handbook of Statistics on Indian States, Table 4: State-wise Infant Mortality Rate",https://www.rbi.org.in/Scripts/AnnualPublications.aspx?head=Handbook+of+Statistics+on+Indian+States,2014,Office of the Registrar General (SRS),,2026-08-06
infant-mortality-rate,Uttarakhand,2015,34.0,"RBI Handbook of Statistics on Indian States, Table 4: State-wise Infant Mortality Rate",https://www.rbi.org.in/Scripts/AnnualPublications.aspx?head=Handbook+of+Statistics+on+Indian+States,2015,Office of the Registrar General (SRS),,2026-08-06
infant-mortality-rate,Uttarakhand,2016,38.0,"RBI Handbook of Statistics on Indian States, Table 4: State-wise Infant Mortality Rate",https://www.rbi.org.in/Scripts/AnnualPublications.aspx?head=Handbook+of+Statistics+on+Indian+States,2016,Office of the Registrar General (SRS),,2026-08-06
infant-mortality-rate,Uttarakhand,2017,32.0,"RBI Handbook of Statistics on Indian States, Table 4: State-wise Infant Mortality Rate",https://www.rbi.org.in/Scripts/AnnualPublications.aspx?head=Handbook+of+Statistics+on+Indian+States,2017,Office of the Registrar General (SRS),,2026-08-06
infant-mortality-rate,Uttarakhand,2018,31.0,"RBI Handbook of Statistics on Indian States, Table 4: State-wise Infant Mortality Rate",https://www.rbi.org.in/Scripts/AnnualPublications.aspx?head=Handbook+of+Statistics+on+Indian+States,2018,Office of the Registrar General (SRS),,2026-08-06
infant-mortality-rate,Uttarakhand,2019,27.0,"RBI Handbook of Statistics on Indian States, Table 4: State-wise Infant Mortality Rate",https://www.rbi.org.in/Scripts/AnnualPublications.aspx?head=Handbook+of+Statistics+on+Indian+States,2019,Office of the Registrar General (SRS),,2026-08-06
infant-mortality-rate,Uttarakhand,2020,24.0,"RBI Handbook of Statistics on Indian States, Table 4: State-wise Infant Mortality Rate",https://www.rbi.org.in/Scripts/AnnualPublications.aspx?head=Handbook+of+Statistics+on+Indian+States,2020,Office of the Registrar General (SRS),,2026-08-06
infant-mortality-rate,Uttarakhand,2021,23.0,"RBI Handbook of Statistics on Indian States, Table 4: State-wise Infant Mortality Rate",https://www.rbi.org.in/Scripts/AnnualPublications.aspx?head=Handbook+of+Statistics+on+Indian+States,2021,Office of the Registrar General (SRS),,2026-08-06
infant-mortality-rate,Uttarakhand,2022,21.0,"RBI Handbook of Statistics on Indian States, Table 4: State-wise Infant Mortality Rate",https://www.rbi.org.in/Scripts/AnnualPublications.aspx?head=Handbook+of+Statistics+on+Indian+States,2022,Office of the Registrar General (SRS),,2026-08-06
infant-mortality-rate,Uttarakhand,2023,20.0,"RBI Handbook of Statistics on Indian States, Table 4: State-wise Infant Mortality Rate",https://www.rbi.org.in/Scripts/AnnualPublications.aspx?head=Handbook+of+Statistics+on+Indian+States,2023,Office of the Registrar General (SRS),,2026-08-06
infant-mortality-rate,West Bengal,2011,32.0,"RBI Handbook of Statistics on Indian States, Table 4: State-wise Infant Mortality Rate",https://www.rbi.org.in/Scripts/AnnualPublications.aspx?head=Handbook+of+Statistics+on+Indian+States,2011,Office of the Registrar General (SRS),,2026-08-06
infant-mortality-rate,West Bengal,2012,32.0,"RBI Handbook of Statistics on Indian States, Table 4: State-wise Infant Mortality Rate",https://www.rbi.org.in/Scripts/AnnualPublications.aspx?head=Handbook+of+Statistics+on+Indian+States,2012,Office of the Registrar General (SRS),,2026-08-06
infant-mortality-rate,West Bengal,2013,31.0,"RBI Handbook of Statistics on Indian States, Table 4: State-wise Infant Mortality Rate",https://www.rbi.org.in/Scripts/AnnualPublications.aspx?head=Handbook+of+Statistics+on+Indian+States,2013,Office of the Registrar General (SRS),,2026-08-06
infant-mortality-rate,West Bengal,2014,28.0,"RBI Handbook of Statistics on Indian States, Table 4: State-wise Infant Mortality Rate",https://www.rbi.org.in/Scripts/AnnualPublications.aspx?head=Handbook+of+Statistics+on+Indian+States,2014,Office of the Registrar General (SRS),,2026-08-06
infant-mortality-rate,West Bengal,2015,26.0,"RBI Handbook of Statistics on Indian States, Table 4: State-wise Infant Mortality Rate",https://www.rbi.org.in/Scripts/AnnualPublications.aspx?head=Handbook+of+Statistics+on+Indian+States,2015,Office of the Registrar General (SRS),,2026-08-06
infant-mortality-rate,West Bengal,2016,25.0,"RBI Handbook of Statistics on Indian States, Table 4: State-wise Infant Mortality Rate",https://www.rbi.org.in/Scripts/AnnualPublications.aspx?head=Handbook+of+Statistics+on+Indian+States,2016,Office of the Registrar General (SRS),,2026-08-06
infant-mortality-rate,West Bengal,2017,24.0,"RBI Handbook of Statistics on Indian States, Table 4: State-wise Infant Mortality Rate",https://www.rbi.org.in/Scripts/AnnualPublications.aspx?head=Handbook+of+Statistics+on+Indian+States,2017,Office of the Registrar General (SRS),,2026-08-06
infant-mortality-rate,West Bengal,2018,22.0,"RBI Handbook of Statistics on Indian States, Table 4: State-wise Infant Mortality Rate",https://www.rbi.org.in/Scripts/AnnualPublications.aspx?head=Handbook+of+Statistics+on+Indian+States,2018,Office of the Registrar General (SRS),,2026-08-06
infant-mortality-rate,West Bengal,2019,20.0,"RBI Handbook of Statistics on Indian States, Table 4: State-wise Infant Mortality Rate",https://www.rbi.org.in/Scripts/AnnualPublications.aspx?head=Handbook+of+Statistics+on+Indian+States,2019,Office of the Registrar General (SRS),,2026-08-06
infant-mortality-rate,West Bengal,2020,19.0,"RBI Handbook of Statistics on Indian States, Table 4: State-wise Infant Mortality Rate",https://www.rbi.org.in/Scripts/AnnualPublications.aspx?head=Handbook+of+Statistics+on+Indian+States,2020,Office of the Registrar General (SRS),,2026-08-06
infant-mortality-rate,West Bengal,2021,18.0,"RBI Handbook of Statistics on Indian States, Table 4: State-wise Infant Mortality Rate",https://www.rbi.org.in/Scripts/AnnualPublications.aspx?head=Handbook+of+Statistics+on+Indian+States,2021,Office of the Registrar General (SRS),,2026-08-06
infant-mortality-rate,West Bengal,2022,17.0,"RBI Handbook of Statistics on Indian States, Table 4: State-wise Infant Mortality Rate",https://www.rbi.org.in/Scripts/AnnualPublications.aspx?head=Handbook+of+Statistics+on+Indian+States,2022,Office of the Registrar General (SRS),,2026-08-06
infant-mortality-rate,West Bengal,2023,17.0,"RBI Handbook of Statistics on Indian States, Table 4: State-wise Infant Mortality Rate",https://www.rbi.org.in/Scripts/AnnualPublications.aspx?head=Handbook+of+Statistics+on+Indian+States,2023,Office of the Registrar General (SRS),,2026-08-06
infant-mortality-rate,India,2011,44.0,"RBI Handbook of Statistics on Indian States, Table 4: State-wise Infant Mortality Rate",https://www.rbi.org.in/Scripts/AnnualPublications.aspx?head=Handbook+of+Statistics+on+Indian+States,2011,Office of the Registrar General (SRS),,2026-08-06
infant-mortality-rate,India,2012,42.0,"RBI Handbook of Statistics on Indian States, Table 4: State-wise Infant Mortality Rate",https://www.rbi.org.in/Scripts/AnnualPublications.aspx?head=Handbook+of+Statistics+on+Indian+States,2012,Office of the Registrar General (SRS),,2026-08-06
infant-mortality-rate,India,2013,40.0,"RBI Handbook of Statistics on Indian States, Table 4: State-wise Infant Mortality Rate",https://www.rbi.org.in/Scripts/AnnualPublications.aspx?head=Handbook+of+Statistics+on+Indian+States,2013,Office of the Registrar General (SRS),,2026-08-06
infant-mortality-rate,India,2014,39.0,"RBI Handbook of Statistics on Indian States, Table 4: State-wise Infant Mortality Rate",https://www.rbi.org.in/Scripts/AnnualPublications.aspx?head=Handbook+of+Statistics+on+Indian+States,2014,Office of the Registrar General (SRS),,2026-08-06
infant-mortality-rate,India,2015,37.0,"RBI Handbook of Statistics on Indian States, Table 4: State-wise Infant Mortality Rate",https://www.rbi.org.in/Scripts/AnnualPublications.aspx?head=Handbook+of+Statistics+on+Indian+States,2015,Office of the Registrar General (SRS),,2026-08-06
infant-mortality-rate,India,2016,34.0,"RBI Handbook of Statistics on Indian States, Table 4: State-wise Infant Mortality Rate",https://www.rbi.org.in/Scripts/AnnualPublications.aspx?head=Handbook+of+Statistics+on+Indian+States,2016,Office of the Registrar General (SRS),,2026-08-06
infant-mortality-rate,India,2017,33.0,"RBI Handbook of Statistics on Indian States, Table 4: State-wise Infant Mortality Rate",https://www.rbi.org.in/Scripts/AnnualPublications.aspx?head=Handbook+of+Statistics+on+Indian+States,2017,Office of the Registrar General (SRS),,2026-08-06
infant-mortality-rate,India,2018,32.0,"RBI Handbook of Statistics on Indian States, Table 4: State-wise Infant Mortality Rate",https://www.rbi.org.in/Scripts/AnnualPublications.aspx?head=Handbook+of+Statistics+on+Indian+States,2018,Office of the Registrar General (SRS),,2026-08-06
infant-mortality-rate,India,2019,30.0,"RBI Handbook of Statistics on Indian States, Table 4: State-wise Infant Mortality Rate",https://www.rbi.org.in/Scripts/AnnualPublications.aspx?head=Handbook+of+Statistics+on+Indian+States,2019,Office of the Registrar General (SRS),,2026-08-06
infant-mortality-rate,India,2020,28.0,"RBI Handbook of Statistics on Indian States, Table 4: State-wise Infant Mortality Rate",https://www.rbi.org.in/Scripts/AnnualPublications.aspx?head=Handbook+of+Statistics+on+Indian+States,2020,Office of the Registrar General (SRS),,2026-08-06
infant-mortality-rate,India,2021,27.0,"RBI Handbook of Statistics on Indian States, Table 4: State-wise Infant Mortality Rate",https://www.rbi.org.in/Scripts/AnnualPublications.aspx?head=Handbook+of+Statistics+on+Indian+States,2021,Office of the Registrar General (SRS),,2026-08-06
infant-mortality-rate,India,2022,26.0,"RBI Handbook of Statistics on Indian States, Table 4: State-wise Infant Mortality Rate",https://www.rbi.org.in/Scripts/AnnualPublications.aspx?head=Handbook+of+Statistics+on+Indian+States,2022,Office of the Registrar General (SRS),,2026-08-06
infant-mortality-rate,India,2023,25.0,"RBI Handbook of Statistics on Indian States, Table 4: State-wise Infant Mortality Rate",https://www.rbi.org.in/Scripts/AnnualPublications.aspx?head=Handbook+of+Statistics+on+Indian+States,2023,Office of the Registrar General (SRS),,2026-08-06
total-fertility-rate,Andhra Pradesh,2003,2.2,"RBI Handbook of Statistics on Indian States, Table 6: State-wise Total Fertility Rate",https://www.rbi.org.in/Scripts/AnnualPublications.aspx?head=Handbook+of+Statistics+on+Indian+States,2003,Office of the Registrar General (SRS),,2026-08-06
total-fertility-rate,Andhra Pradesh,2004,2.1,"RBI Handbook of Statistics on Indian States, Table 6: State-wise Total Fertility Rate",https://www.rbi.org.in/Scripts/AnnualPublications.aspx?head=Handbook+of+Statistics+on+Indian+States,2004,Office of the Registrar General (SRS),,2026-08-06
total-fertility-rate,Andhra Pradesh,2005,2.0,"RBI Handbook of Statistics on Indian States, Table 6: State-wise Total Fertility Rate",https://www.rbi.org.in/Scripts/AnnualPublications.aspx?head=Handbook+of+Statistics+on+Indian+States,2005,Office of the Registrar General (SRS),,2026-08-06
total-fertility-rate,Andhra Pradesh,2006,2.0,"RBI Handbook of Statistics on Indian States, Table 6: State-wise Total Fertility Rate",https://www.rbi.org.in/Scripts/AnnualPublications.aspx?head=Handbook+of+Statistics+on+Indian+States,2006,Office of the Registrar General (SRS),,2026-08-06
total-fertility-rate,Andhra Pradesh,2007,1.9,"RBI Handbook of Statistics on Indian States, Table 6: State-wise Total Fertility Rate",https://www.rbi.org.in/Scripts/AnnualPublications.aspx?head=Handbook+of+Statistics+on+Indian+States,2007,Office of the Registrar General (SRS),,2026-08-06
total-fertility-rate,Andhra Pradesh,2008,1.8,"RBI Handbook of Statistics on Indian States, Table 6: State-wise Total Fertility Rate",https://www.rbi.org.in/Scripts/AnnualPublications.aspx?head=Handbook+of+Statistics+on+Indian+States,2008,Office of the Registrar General (SRS),,2026-08-06
total-fertility-rate,Andhra Pradesh,2009,1.9,"RBI Handbook of Statistics on Indian States, Table 6: State-wise Total Fertility Rate",https://www.rbi.org.in/Scripts/AnnualPublications.aspx?head=Handbook+of+Statistics+on+Indian+States,2009,Office of the Registrar General (SRS),,2026-08-06
total-fertility-rate,Andhra Pradesh,2010,1.8,"RBI Handbook of Statistics on Indian States, Table 6: State-wise Total Fertility Rate",https://www.rbi.org.in/Scripts/AnnualPublications.aspx?head=Handbook+of+Statistics+on+Indian+States,2010,Office of the Registrar General (SRS),,2026-08-06
total-fertility-rate,Andhra Pradesh,2011,1.8,"RBI Handbook of Statistics on Indian States, Table 6: State-wise Total Fertility Rate",https://www.rbi.org.in/Scripts/AnnualPublications.aspx?head=Handbook+of+Statistics+on+Indian+States,2011,Office of the Registrar General (SRS),,2026-08-06
total-fertility-rate,Assam,2003,2.9,"RBI Handbook of Statistics on Indian States, Table 6: State-wise Total Fertility Rate",https://www.rbi.org.in/Scripts/AnnualPublications.aspx?head=Handbook+of+Statistics+on+Indian+States,2003,Office of the Registrar General (SRS),,2026-08-06
total-fertility-rate,Assam,2004,2.9,"RBI Handbook of Statistics on Indian States, Table 6: State-wise Total Fertility Rate",https://www.rbi.org.in/Scripts/AnnualPublications.aspx?head=Handbook+of+Statistics+on+Indian+States,2004,Office of the Registrar General (SRS),,2026-08-06
total-fertility-rate,Assam,2005,2.9,"RBI Handbook of Statistics on Indian States, Table 6: State-wise Total Fertility Rate",https://www.rbi.org.in/Scripts/AnnualPublications.aspx?head=Handbook+of+Statistics+on+Indian+States,2005,Office of the Registrar General (SRS),,2026-08-06
total-fertility-rate,Assam,2006,2.7,"RBI Handbook of Statistics on Indian States, Table 6: State-wise Total Fertility Rate",https://www.rbi.org.in/Scripts/AnnualPublications.aspx?head=Handbook+of+Statistics+on+Indian+States,2006,Office of the Registrar General (SRS),,2026-08-06
total-fertility-rate,Assam,2007,2.7,"RBI Handbook of Statistics on Indian States, Table 6: State-wise Total Fertility Rate",https://www.rbi.org.in/Scripts/AnnualPublications.aspx?head=Handbook+of+Statistics+on+Indian+States,2007,Office of the Registrar General (SRS),,2026-08-06
total-fertility-rate,Assam,2008,2.6,"RBI Handbook of Statistics on Indian States, Table 6: State-wise Total Fertility Rate",https://www.rbi.org.in/Scripts/AnnualPublications.aspx?head=Handbook+of+Statistics+on+Indian+States,2008,Office of the Registrar General (SRS),,2026-08-06
total-fertility-rate,Assam,2009,2.6,"RBI Handbook of Statistics on Indian States, Table 6: State-wise Total Fertility Rate",https://www.rbi.org.in/Scripts/AnnualPublications.aspx?head=Handbook+of+Statistics+on+Indian+States,2009,Office of the Registrar General (SRS),,2026-08-06
total-fertility-rate,Assam,2010,2.5,"RBI Handbook of Statistics on Indian States, Table 6: State-wise Total Fertility Rate",https://www.rbi.org.in/Scripts/AnnualPublications.aspx?head=Handbook+of+Statistics+on+Indian+States,2010,Office of the Registrar General (SRS),,2026-08-06
total-fertility-rate,Assam,2011,2.4,"RBI Handbook of Statistics on Indian States, Table 6: State-wise Total Fertility Rate",https://www.rbi.org.in/Scripts/AnnualPublications.aspx?head=Handbook+of+Statistics+on+Indian+States,2011,Office of the Registrar General (SRS),,2026-08-06
total-fertility-rate,Bihar,2003,4.2,"RBI Handbook of Statistics on Indian States, Table 6: State-wise Total Fertility Rate",https://www.rbi.org.in/Scripts/AnnualPublications.aspx?head=Handbook+of+Statistics+on+Indian+States,2003,Office of the Registrar General (SRS),,2026-08-06
total-fertility-rate,Bihar,2004,4.3,"RBI Handbook of Statistics on Indian States, Table 6: State-wise Total Fertility Rate",https://www.rbi.org.in/Scripts/AnnualPublications.aspx?head=Handbook+of+Statistics+on+Indian+States,2004,Office of the Registrar General (SRS),,2026-08-06
total-fertility-rate,Bihar,2005,4.3,"RBI Handbook of Statistics on Indian States, Table 6: State-wise Total Fertility Rate",https://www.rbi.org.in/Scripts/AnnualPublications.aspx?head=Handbook+of+Statistics+on+Indian+States,2005,Office of the Registrar General (SRS),,2026-08-06
total-fertility-rate,Bihar,2006,4.2,"RBI Handbook of Statistics on Indian States, Table 6: State-wise Total Fertility Rate",https://www.rbi.org.in/Scripts/AnnualPublications.aspx?head=Handbook+of+Statistics+on+Indian+States,2006,Office of the Registrar General (SRS),,2026-08-06
total-fertility-rate,Bihar,2007,3.9,"RBI Handbook of Statistics on Indian States, Table 6: State-wise Total Fertility Rate",https://www.rbi.org.in/Scripts/AnnualPublications.aspx?head=Handbook+of+Statistics+on+Indian+States,2007,Office of the Registrar General (SRS),,2026-08-06
total-fertility-rate,Bihar,2008,3.9,"RBI Handbook of Statistics on Indian States, Table 6: State-wise Total Fertility Rate",https://www.rbi.org.in/Scripts/AnnualPublications.aspx?head=Handbook+of+Statistics+on+Indian+States,2008,Office of the Registrar General (SRS),,2026-08-06
total-fertility-rate,Bihar,2009,3.9,"RBI Handbook of Statistics on Indian States, Table 6: State-wise Total Fertility Rate",https://www.rbi.org.in/Scripts/AnnualPublications.aspx?head=Handbook+of+Statistics+on+Indian+States,2009,Office of the Registrar General (SRS),,2026-08-06
total-fertility-rate,Bihar,2010,3.7,"RBI Handbook of Statistics on Indian States, Table 6: State-wise Total Fertility Rate",https://www.rbi.org.in/Scripts/AnnualPublications.aspx?head=Handbook+of+Statistics+on+Indian+States,2010,Office of the Registrar General (SRS),,2026-08-06
total-fertility-rate,Bihar,2011,3.6,"RBI Handbook of Statistics on Indian States, Table 6: State-wise Total Fertility Rate",https://www.rbi.org.in/Scripts/AnnualPublications.aspx?head=Handbook+of+Statistics+on+Indian+States,2011,Office of the Registrar General (SRS),,2026-08-06
total-fertility-rate,Chhattisgarh,2004,3.3,"RBI Handbook of Statistics on Indian States, Table 6: State-wise Total Fertility Rate",https://www.rbi.org.in/Scripts/AnnualPublications.aspx?head=Handbook+of+Statistics+on+Indian+States,2004,Office of the Registrar General (SRS),,2026-08-06
total-fertility-rate,Chhattisgarh,2005,3.4,"RBI Handbook of Statistics on Indian States, Table 6: State-wise Total Fertility Rate",https://www.rbi.org.in/Scripts/AnnualPublications.aspx?head=Handbook+of+Statistics+on+Indian+States,2005,Office of the Registrar General (SRS),,2026-08-06
total-fertility-rate,Chhattisgarh,2006,3.3,"RBI Handbook of Statistics on Indian States, Table 6: State-wise Total Fertility Rate",https://www.rbi.org.in/Scripts/AnnualPublications.aspx?head=Handbook+of+Statistics+on+Indian+States,2006,Office of the Registrar General (SRS),,2026-08-06
total-fertility-rate,Chhattisgarh,2007,3.1,"RBI Handbook of Statistics on Indian States, Table 6: State-wise Total Fertility Rate",https://www.rbi.org.in/Scripts/AnnualPublications.aspx?head=Handbook+of+Statistics+on+Indian+States,2007,Office of the Registrar General (SRS),,2026-08-06
total-fertility-rate,Chhattisgarh,2008,3.0,"RBI Handbook of Statistics on Indian States, Table 6: State-wise Total Fertility Rate",https://www.rbi.org.in/Scripts/AnnualPublications.aspx?head=Handbook+of+Statistics+on+Indian+States,2008,Office of the Registrar General (SRS),,2026-08-06
total-fertility-rate,Chhattisgarh,2009,3.0,"RBI Handbook of Statistics on Indian States, Table 6: State-wise Total Fertility Rate",https://www.rbi.org.in/Scripts/AnnualPublications.aspx?head=Handbook+of+Statistics+on+Indian+States,2009,Office of the Registrar General (SRS),,2026-08-06
total-fertility-rate,Chhattisgarh,2010,2.8,"RBI Handbook of Statistics on Indian States, Table 6: State-wise Total Fertility Rate",https://www.rbi.org.in/Scripts/AnnualPublications.aspx?head=Handbook+of+Statistics+on+Indian+States,2010,Office of the Registrar General (SRS),,2026-08-06
total-fertility-rate,Chhattisgarh,2011,2.7,"RBI Handbook of Statistics on Indian States, Table 6: State-wise Total Fertility Rate",https://www.rbi.org.in/Scripts/AnnualPublications.aspx?head=Handbook+of+Statistics+on+Indian+States,2011,Office of the Registrar General (SRS),,2026-08-06
total-fertility-rate,Delhi,2004,2.1,"RBI Handbook of Statistics on Indian States, Table 6: State-wise Total Fertility Rate",https://www.rbi.org.in/Scripts/AnnualPublications.aspx?head=Handbook+of+Statistics+on+Indian+States,2004,Office of the Registrar General (SRS),,2026-08-06
total-fertility-rate,Delhi,2005,2.1,"RBI Handbook of Statistics on Indian States, Table 6: State-wise Total Fertility Rate",https://www.rbi.org.in/Scripts/AnnualPublications.aspx?head=Handbook+of+Statistics+on+Indian+States,2005,Office of the Registrar General (SRS),,2026-08-06
total-fertility-rate,Delhi,2006,2.1,"RBI Handbook of Statistics on Indian States, Table 6: State-wise Total Fertility Rate",https://www.rbi.org.in/Scripts/AnnualPublications.aspx?head=Handbook+of+Statistics+on+Indian+States,2006,Office of the Registrar General (SRS),,2026-08-06
total-fertility-rate,Delhi,2007,2.0,"RBI Handbook of Statistics on Indian States, Table 6: State-wise Total Fertility Rate",https://www.rbi.org.in/Scripts/AnnualPublications.aspx?head=Handbook+of+Statistics+on+Indian+States,2007,Office of the Registrar General (SRS),,2026-08-06
total-fertility-rate,Delhi,2008,2.0,"RBI Handbook of Statistics on Indian States, Table 6: State-wise Total Fertility Rate",https://www.rbi.org.in/Scripts/AnnualPublications.aspx?head=Handbook+of+Statistics+on+Indian+States,2008,Office of the Registrar General (SRS),,2026-08-06
total-fertility-rate,Delhi,2009,1.9,"RBI Handbook of Statistics on Indian States, Table 6: State-wise Total Fertility Rate",https://www.rbi.org.in/Scripts/AnnualPublications.aspx?head=Handbook+of+Statistics+on+Indian+States,2009,Office of the Registrar General (SRS),,2026-08-06
total-fertility-rate,Delhi,2010,1.9,"RBI Handbook of Statistics on Indian States, Table 6: State-wise Total Fertility Rate",https://www.rbi.org.in/Scripts/AnnualPublications.aspx?head=Handbook+of+Statistics+on+Indian+States,2010,Office of the Registrar General (SRS),,2026-08-06
total-fertility-rate,Delhi,2011,1.8,"RBI Handbook of Statistics on Indian States, Table 6: State-wise Total Fertility Rate",https://www.rbi.org.in/Scripts/AnnualPublications.aspx?head=Handbook+of+Statistics+on+Indian+States,2011,Office of the Registrar General (SRS),,2026-08-06
total-fertility-rate,Gujarat,2003,2.8,"RBI Handbook of Statistics on Indian States, Table 6: State-wise Total Fertility Rate",https://www.rbi.org.in/Scripts/AnnualPublications.aspx?head=Handbook+of+Statistics+on+Indian+States,2003,Office of the Registrar General (SRS),,2026-08-06
total-fertility-rate,Gujarat,2004,2.8,"RBI Handbook of Statistics on Indian States, Table 6: State-wise Total Fertility Rate",https://www.rbi.org.in/Scripts/AnnualPublications.aspx?head=Handbook+of+Statistics+on+Indian+States,2004,Office of the Registrar General (SRS),,2026-08-06
total-fertility-rate,Gujarat,2005,2.8,"RBI Handbook of Statistics on Indian States, Table 6: State-wise Total Fertility Rate",https://www.rbi.org.in/Scripts/AnnualPublications.aspx?head=Handbook+of+Statistics+on+Indian+States,2005,Office of the Registrar General (SRS),,2026-08-06
total-fertility-rate,Gujarat,2006,2.7,"RBI Handbook of Statistics on Indian States, Table 6: State-wise Total Fertility Rate",https://www.rbi.org.in/Scripts/AnnualPublications.aspx?head=Handbook+of+Statistics+on+Indian+States,2006,Office of the Registrar General (SRS),,2026-08-06
total-fertility-rate,Gujarat,2007,2.6,"RBI Handbook of Statistics on Indian States, Table 6: State-wise Total Fertility Rate",https://www.rbi.org.in/Scripts/AnnualPublications.aspx?head=Handbook+of+Statistics+on+Indian+States,2007,Office of the Registrar General (SRS),,2026-08-06
total-fertility-rate,Gujarat,2008,2.5,"RBI Handbook of Statistics on Indian States, Table 6: State-wise Total Fertility Rate",https://www.rbi.org.in/Scripts/AnnualPublications.aspx?head=Handbook+of+Statistics+on+Indian+States,2008,Office of the Registrar General (SRS),,2026-08-06
total-fertility-rate,Gujarat,2009,2.5,"RBI Handbook of Statistics on Indian States, Table 6: State-wise Total Fertility Rate",https://www.rbi.org.in/Scripts/AnnualPublications.aspx?head=Handbook+of+Statistics+on+Indian+States,2009,Office of the Registrar General (SRS),,2026-08-06
total-fertility-rate,Gujarat,2010,2.5,"RBI Handbook of Statistics on Indian States, Table 6: State-wise Total Fertility Rate",https://www.rbi.org.in/Scripts/AnnualPublications.aspx?head=Handbook+of+Statistics+on+Indian+States,2010,Office of the Registrar General (SRS),,2026-08-06
total-fertility-rate,Gujarat,2011,2.4,"RBI Handbook of Statistics on Indian States, Table 6: State-wise Total Fertility Rate",https://www.rbi.org.in/Scripts/AnnualPublications.aspx?head=Handbook+of+Statistics+on+Indian+States,2011,Office of the Registrar General (SRS),,2026-08-06
total-fertility-rate,Haryana,2003,3.0,"RBI Handbook of Statistics on Indian States, Table 6: State-wise Total Fertility Rate",https://www.rbi.org.in/Scripts/AnnualPublications.aspx?head=Handbook+of+Statistics+on+Indian+States,2003,Office of the Registrar General (SRS),,2026-08-06
total-fertility-rate,Haryana,2004,3.0,"RBI Handbook of Statistics on Indian States, Table 6: State-wise Total Fertility Rate",https://www.rbi.org.in/Scripts/AnnualPublications.aspx?head=Handbook+of+Statistics+on+Indian+States,2004,Office of the Registrar General (SRS),,2026-08-06
total-fertility-rate,Haryana,2005,2.8,"RBI Handbook of Statistics on Indian States, Table 6: State-wise Total Fertility Rate",https://www.rbi.org.in/Scripts/AnnualPublications.aspx?head=Handbook+of+Statistics+on+Indian+States,2005,Office of the Registrar General (SRS),,2026-08-06
total-fertility-rate,Haryana,2006,2.7,"RBI Handbook of Statistics on Indian States, Table 6: State-wise Total Fertility Rate",https://www.rbi.org.in/Scripts/AnnualPublications.aspx?head=Handbook+of+Statistics+on+Indian+States,2006,Office of the Registrar General (SRS),,2026-08-06
total-fertility-rate,Haryana,2007,2.6,"RBI Handbook of Statistics on Indian States, Table 6: State-wise Total Fertility Rate",https://www.rbi.org.in/Scripts/AnnualPublications.aspx?head=Handbook+of+Statistics+on+Indian+States,2007,Office of the Registrar General (SRS),,2026-08-06
total-fertility-rate,Haryana,2008,2.5,"RBI Handbook of Statistics on Indian States, Table 6: State-wise Total Fertility Rate",https://www.rbi.org.in/Scripts/AnnualPublications.aspx?head=Handbook+of+Statistics+on+Indian+States,2008,Office of the Registrar General (SRS),,2026-08-06
total-fertility-rate,Haryana,2009,2.5,"RBI Handbook of Statistics on Indian States, Table 6: State-wise Total Fertility Rate",https://www.rbi.org.in/Scripts/AnnualPublications.aspx?head=Handbook+of+Statistics+on+Indian+States,2009,Office of the Registrar General (SRS),,2026-08-06
total-fertility-rate,Haryana,2010,2.3,"RBI Handbook of Statistics on Indian States, Table 6: State-wise Total Fertility Rate",https://www.rbi.org.in/Scripts/AnnualPublications.aspx?head=Handbook+of+Statistics+on+Indian+States,2010,Office of the Registrar General (SRS),,2026-08-06
total-fertility-rate,Haryana,2011,2.3,"RBI Handbook of Statistics on Indian States, Table 6: State-wise Total Fertility Rate",https://www.rbi.org.in/Scripts/AnnualPublications.aspx?head=Handbook+of+Statistics+on+Indian+States,2011,Office of the Registrar General (SRS),,2026-08-06
total-fertility-rate,Himachal Pradesh,2003,2.1,"RBI Handbook of Statistics on Indian States, Table 6: State-wise Total Fertility Rate",https://www.rbi.org.in/Scripts/AnnualPublications.aspx?head=Handbook+of+Statistics+on+Indian+States,2003,Office of the Registrar General (SRS),,2026-08-06
total-fertility-rate,Himachal Pradesh,2004,2.1,"RBI Handbook of Statistics on Indian States, Table 6: State-wise Total Fertility Rate",https://www.rbi.org.in/Scripts/AnnualPublications.aspx?head=Handbook+of+Statistics+on+Indian+States,2004,Office of the Registrar General (SRS),,2026-08-06
total-fertility-rate,Himachal Pradesh,2005,2.2,"RBI Handbook of Statistics on Indian States, Table 6: State-wise Total Fertility Rate",https://www.rbi.org.in/Scripts/AnnualPublications.aspx?head=Handbook+of+Statistics+on+Indian+States,2005,Office of the Registrar General (SRS),,2026-08-06
total-fertility-rate,Himachal Pradesh,2006,2.0,"RBI Handbook of Statistics on Indian States, Table 6: State-wise Total Fertility Rate",https://www.rbi.org.in/Scripts/AnnualPublications.aspx?head=Handbook+of+Statistics+on+Indian+States,2006,Office of the Registrar General (SRS),,2026-08-06
total-fertility-rate,Himachal Pradesh,2007,1.9,"RBI Handbook of Statistics on Indian States, Table 6: State-wise Total Fertility Rate",https://www.rbi.org.in/Scripts/AnnualPublications.aspx?head=Handbook+of+Statistics+on+Indian+States,2007,Office of the Registrar General (SRS),,2026-08-06
total-fertility-rate,Himachal Pradesh,2008,1.9,"RBI Handbook of Statistics on Indian States, Table 6: State-wise Total Fertility Rate",https://www.rbi.org.in/Scripts/AnnualPublications.aspx?head=Handbook+of+Statistics+on+Indian+States,2008,Office of the Registrar General (SRS),,2026-08-06
total-fertility-rate,Himachal Pradesh,2009,1.9,"RBI Handbook of Statistics on Indian States, Table 6: State-wise Total Fertility Rate",https://www.rbi.org.in/Scripts/AnnualPublications.aspx?head=Handbook+of+Statistics+on+Indian+States,2009,Office of the Registrar General (SRS),,2026-08-06
total-fertility-rate,Himachal Pradesh,2010,1.8,"RBI Handbook of Statistics on Indian States, Table 6: State-wise Total Fertility Rate",https://www.rbi.org.in/Scripts/AnnualPublications.aspx?head=Handbook+of+Statistics+on+Indian+States,2010,Office of the Registrar General (SRS),,2026-08-06
total-fertility-rate,Himachal Pradesh,2011,1.8,"RBI Handbook of Statistics on Indian States, Table 6: State-wise Total Fertility Rate",https://www.rbi.org.in/Scripts/AnnualPublications.aspx?head=Handbook+of+Statistics+on+Indian+States,2011,Office of the Registrar General (SRS),,2026-08-06
total-fertility-rate,Jammu and Kashmir,2004,2.4,"RBI Handbook of Statistics on Indian States, Table 6: State-wise Total Fertility Rate",https://www.rbi.org.in/Scripts/AnnualPublications.aspx?head=Handbook+of+Statistics+on+Indian+States,2004,Office of the Registrar General (SRS),,2026-08-06
total-fertility-rate,Jammu and Kashmir,2005,2.4,"RBI Handbook of Statistics on Indian States, Table 6: State-wise Total Fertility Rate",https://www.rbi.org.in/Scripts/AnnualPublications.aspx?head=Handbook+of+Statistics+on+Indian+States,2005,Office of the Registrar General (SRS),,2026-08-06
total-fertility-rate,Jammu and Kashmir,2006,2.3,"RBI Handbook of Statistics on Indian States, Table 6: State-wise Total Fertility Rate",https://www.rbi.org.in/Scripts/AnnualPublications.aspx?head=Handbook+of+Statistics+on+Indian+States,2006,Office of the Registrar General (SRS),,2026-08-06
total-fertility-rate,Jammu and Kashmir,2007,2.3,"RBI Handbook of Statistics on Indian States, Table 6: State-wise Total Fertility Rate",https://www.rbi.org.in/Scripts/AnnualPublications.aspx?head=Handbook+of+Statistics+on+Indian+States,2007,Office of the Registrar General (SRS),,2026-08-06
total-fertility-rate,Jammu and Kashmir,2008,2.2,"RBI Handbook of Statistics on Indian States, Table 6: State-wise Total Fertility Rate",https://www.rbi.org.in/Scripts/AnnualPublications.aspx?head=Handbook+of+Statistics+on+Indian+States,2008,Office of the Registrar General (SRS),,2026-08-06
total-fertility-rate,Jammu and Kashmir,2009,2.2,"RBI Handbook of Statistics on Indian States, Table 6: State-wise Total Fertility Rate",https://www.rbi.org.in/Scripts/AnnualPublications.aspx?head=Handbook+of+Statistics+on+Indian+States,2009,Office of the Registrar General (SRS),,2026-08-06
total-fertility-rate,Jammu and Kashmir,2010,2.0,"RBI Handbook of Statistics on Indian States, Table 6: State-wise Total Fertility Rate",https://www.rbi.org.in/Scripts/AnnualPublications.aspx?head=Handbook+of+Statistics+on+Indian+States,2010,Office of the Registrar General (SRS),,2026-08-06
total-fertility-rate,Jammu and Kashmir,2011,1.9,"RBI Handbook of Statistics on Indian States, Table 6: State-wise Total Fertility Rate",https://www.rbi.org.in/Scripts/AnnualPublications.aspx?head=Handbook+of+Statistics+on+Indian+States,2011,Office of the Registrar General (SRS),,2026-08-06
total-fertility-rate,Jharkhand,2004,3.5,"RBI Handbook of Statistics on Indian States, Table 6: State-wise Total Fertility Rate",https://www.rbi.org.in/Scripts/AnnualPublications.aspx?head=Handbook+of+Statistics+on+Indian+States,2004,Office of the Registrar General (SRS),,2026-08-06
total-fertility-rate,Jharkhand,2005,3.5,"RBI Handbook of Statistics on Indian States, Table 6: State-wise Total Fertility Rate",https://www.rbi.org.in/Scripts/AnnualPublications.aspx?head=Handbook+of+Statistics+on+Indian+States,2005,Office of the Registrar General (SRS),,2026-08-06
total-fertility-rate,Jharkhand,2006,3.4,"RBI Handbook of Statistics on Indian States, Table 6: State-wise Total Fertility Rate",https://www.rbi.org.in/Scripts/AnnualPublications.aspx?head=Handbook+of+Statistics+on+Indian+States,2006,Office of the Registrar General (SRS),,2026-08-06
total-fertility-rate,Jharkhand,2007,3.2,"RBI Handbook of Statistics on Indian States, Table 6: State-wise Total Fertility Rate",https://www.rbi.org.in/Scripts/AnnualPublications.aspx?head=Handbook+of+Statistics+on+Indian+States,2007,Office of the Registrar General (SRS),,2026-08-06
total-fertility-rate,Jharkhand,2008,3.2,"RBI Handbook of Statistics on Indian States, Table 6: State-wise Total Fertility Rate",https://www.rbi.org.in/Scripts/AnnualPublications.aspx?head=Handbook+of+Statistics+on+Indian+States,2008,Office of the Registrar General (SRS),,2026-08-06
total-fertility-rate,Jharkhand,2009,3.2,"RBI Handbook of Statistics on Indian States, Table 6: State-wise Total Fertility Rate",https://www.rbi.org.in/Scripts/AnnualPublications.aspx?head=Handbook+of+Statistics+on+Indian+States,2009,Office of the Registrar General (SRS),,2026-08-06
total-fertility-rate,Jharkhand,2010,3.0,"RBI Handbook of Statistics on Indian States, Table 6: State-wise Total Fertility Rate",https://www.rbi.org.in/Scripts/AnnualPublications.aspx?head=Handbook+of+Statistics+on+Indian+States,2010,Office of the Registrar General (SRS),,2026-08-06
total-fertility-rate,Jharkhand,2011,2.9,"RBI Handbook of Statistics on Indian States, Table 6: State-wise Total Fertility Rate",https://www.rbi.org.in/Scripts/AnnualPublications.aspx?head=Handbook+of+Statistics+on+Indian+States,2011,Office of the Registrar General (SRS),,2026-08-06
total-fertility-rate,Karnataka,2003,2.3,"RBI Handbook of Statistics on Indian States, Table 6: State-wise Total Fertility Rate",https://www.rbi.org.in/Scripts/AnnualPublications.aspx?head=Handbook+of+Statistics+on+Indian+States,2003,Office of the Registrar General (SRS),,2026-08-06
total-fertility-rate,Karnataka,2004,2.3,"RBI Handbook of Statistics on Indian States, Table 6: State-wise Total Fertility Rate",https://www.rbi.org.in/Scripts/AnnualPublications.aspx?head=Handbook+of+Statistics+on+Indian+States,2004,Office of the Registrar General (SRS),,2026-08-06
total-fertility-rate,Karnataka,2005,2.2,"RBI Handbook of Statistics on Indian States, Table 6: State-wise Total Fertility Rate",https://www.rbi.org.in/Scripts/AnnualPublications.aspx?head=Handbook+of+Statistics+on+Indian+States,2005,Office of the Registrar General (SRS),,2026-08-06
total-fertility-rate,Karnataka,2006,2.1,"RBI Handbook of Statistics on Indian States, Table 6: State-wise Total Fertility Rate",https://www.rbi.org.in/Scripts/AnnualPublications.aspx?head=Handbook+of+Statistics+on+Indian+States,2006,Office of the Registrar General (SRS),,2026-08-06
total-fertility-rate,Karnataka,2007,2.1,"RBI Handbook of Statistics on Indian States, Table 6: State-wise Total Fertility Rate",https://www.rbi.org.in/Scripts/AnnualPublications.aspx?head=Handbook+of+Statistics+on+Indian+States,2007,Office of the Registrar General (SRS),,2026-08-06
total-fertility-rate,Karnataka,2008,2.0,"RBI Handbook of Statistics on Indian States, Table 6: State-wise Total Fertility Rate",https://www.rbi.org.in/Scripts/AnnualPublications.aspx?head=Handbook+of+Statistics+on+Indian+States,2008,Office of the Registrar General (SRS),,2026-08-06
total-fertility-rate,Karnataka,2009,2.0,"RBI Handbook of Statistics on Indian States, Table 6: State-wise Total Fertility Rate",https://www.rbi.org.in/Scripts/AnnualPublications.aspx?head=Handbook+of+Statistics+on+Indian+States,2009,Office of the Registrar General (SRS),,2026-08-06
total-fertility-rate,Karnataka,2010,2.0,"RBI Handbook of Statistics on Indian States, Table 6: State-wise Total Fertility Rate",https://www.rbi.org.in/Scripts/AnnualPublications.aspx?head=Handbook+of+Statistics+on+Indian+States,2010,Office of the Registrar General (SRS),,2026-08-06
total-fertility-rate,Karnataka,2011,1.9,"RBI Handbook of Statistics on Indian States, Table 6: State-wise Total Fertility Rate",https://www.rbi.org.in/Scripts/AnnualPublications.aspx?head=Handbook+of+Statistics+on+Indian+States,2011,Office of the Registrar General (SRS),,2026-08-06
total-fertility-rate,Kerala,2003,1.8,"RBI Handbook of Statistics on Indian States, Table 6: State-wise Total Fertility Rate",https://www.rbi.org.in/Scripts/AnnualPublications.aspx?head=Handbook+of+Statistics+on+Indian+States,2003,Office of the Registrar General (SRS),,2026-08-06
total-fertility-rate,Kerala,2004,1.7,"RBI Handbook of Statistics on Indian States, Table 6: State-wise Total Fertility Rate",https://www.rbi.org.in/Scripts/AnnualPublications.aspx?head=Handbook+of+Statistics+on+Indian+States,2004,Office of the Registrar General (SRS),,2026-08-06
total-fertility-rate,Kerala,2005,1.7,"RBI Handbook of Statistics on Indian States, Table 6: State-wise Total Fertility Rate",https://www.rbi.org.in/Scripts/AnnualPublications.aspx?head=Handbook+of+Statistics+on+Indian+States,2005,Office of the Registrar General (SRS),,2026-08-06
total-fertility-rate,Kerala,2006,1.7,"RBI Handbook of Statistics on Indian States, Table 6: State-wise Total Fertility Rate",https://www.rbi.org.in/Scripts/AnnualPublications.aspx?head=Handbook+of+Statistics+on+Indian+States,2006,Office of the Registrar General (SRS),,2026-08-06
total-fertility-rate,Kerala,2007,1.7,"RBI Handbook of Statistics on Indian States, Table 6: State-wise Total Fertility Rate",https://www.rbi.org.in/Scripts/AnnualPublications.aspx?head=Handbook+of+Statistics+on+Indian+States,2007,Office of the Registrar General (SRS),,2026-08-06
total-fertility-rate,Kerala,2008,1.7,"RBI Handbook of Statistics on Indian States, Table 6: State-wise Total Fertility Rate",https://www.rbi.org.in/Scripts/AnnualPublications.aspx?head=Handbook+of+Statistics+on+Indian+States,2008,Office of the Registrar General (SRS),,2026-08-06
total-fertility-rate,Kerala,2009,1.7,"RBI Handbook of Statistics on Indian States, Table 6: State-wise Total Fertility Rate",https://www.rbi.org.in/Scripts/AnnualPublications.aspx?head=Handbook+of+Statistics+on+Indian+States,2009,Office of the Registrar General (SRS),,2026-08-06
total-fertility-rate,Kerala,2010,1.8,"RBI Handbook of Statistics on Indian States, Table 6: State-wise Total Fertility Rate",https://www.rbi.org.in/Scripts/AnnualPublications.aspx?head=Handbook+of+Statistics+on+Indian+States,2010,Office of the Registrar General (SRS),,2026-08-06
total-fertility-rate,Kerala,2011,1.8,"RBI Handbook of Statistics on Indian States, Table 6: State-wise Total Fertility Rate",https://www.rbi.org.in/Scripts/AnnualPublications.aspx?head=Handbook+of+Statistics+on+Indian+States,2011,Office of the Registrar General (SRS),,2026-08-06
total-fertility-rate,Madhya Pradesh,2003,3.8,"RBI Handbook of Statistics on Indian States, Table 6: State-wise Total Fertility Rate",https://www.rbi.org.in/Scripts/AnnualPublications.aspx?head=Handbook+of+Statistics+on+Indian+States,2003,Office of the Registrar General (SRS),,2026-08-06
total-fertility-rate,Madhya Pradesh,2004,3.7,"RBI Handbook of Statistics on Indian States, Table 6: State-wise Total Fertility Rate",https://www.rbi.org.in/Scripts/AnnualPublications.aspx?head=Handbook+of+Statistics+on+Indian+States,2004,Office of the Registrar General (SRS),,2026-08-06
total-fertility-rate,Madhya Pradesh,2005,3.6,"RBI Handbook of Statistics on Indian States, Table 6: State-wise Total Fertility Rate",https://www.rbi.org.in/Scripts/AnnualPublications.aspx?head=Handbook+of+Statistics+on+Indian+States,2005,Office of the Registrar General (SRS),,2026-08-06
total-fertility-rate,Madhya Pradesh,2006,3.5,"RBI Handbook of Statistics on Indian States, Table 6: State-wise Total Fertility Rate",https://www.rbi.org.in/Scripts/AnnualPublications.aspx?head=Handbook+of+Statistics+on+Indian+States,2006,Office of the Registrar General (SRS),,2026-08-06
total-fertility-rate,Madhya Pradesh,2007,3.4,"RBI Handbook of Statistics on Indian States, Table 6: State-wise Total Fertility Rate",https://www.rbi.org.in/Scripts/AnnualPublications.aspx?head=Handbook+of+Statistics+on+Indian+States,2007,Office of the Registrar General (SRS),,2026-08-06
total-fertility-rate,Madhya Pradesh,2008,3.3,"RBI Handbook of Statistics on Indian States, Table 6: State-wise Total Fertility Rate",https://www.rbi.org.in/Scripts/AnnualPublications.aspx?head=Handbook+of+Statistics+on+Indian+States,2008,Office of the Registrar General (SRS),,2026-08-06
total-fertility-rate,Madhya Pradesh,2009,3.3,"RBI Handbook of Statistics on Indian States, Table 6: State-wise Total Fertility Rate",https://www.rbi.org.in/Scripts/AnnualPublications.aspx?head=Handbook+of+Statistics+on+Indian+States,2009,Office of the Registrar General (SRS),,2026-08-06
total-fertility-rate,Madhya Pradesh,2010,3.2,"RBI Handbook of Statistics on Indian States, Table 6: State-wise Total Fertility Rate",https://www.rbi.org.in/Scripts/AnnualPublications.aspx?head=Handbook+of+Statistics+on+Indian+States,2010,Office of the Registrar General (SRS),,2026-08-06
total-fertility-rate,Madhya Pradesh,2011,3.1,"RBI Handbook of Statistics on Indian States, Table 6: State-wise Total Fertility Rate",https://www.rbi.org.in/Scripts/AnnualPublications.aspx?head=Handbook+of+Statistics+on+Indian+States,2011,Office of the Registrar General (SRS),,2026-08-06
total-fertility-rate,Maharashtra,2003,2.3,"RBI Handbook of Statistics on Indian States, Table 6: State-wise Total Fertility Rate",https://www.rbi.org.in/Scripts/AnnualPublications.aspx?head=Handbook+of+Statistics+on+Indian+States,2003,Office of the Registrar General (SRS),,2026-08-06
total-fertility-rate,Maharashtra,2004,2.2,"RBI Handbook of Statistics on Indian States, Table 6: State-wise Total Fertility Rate",https://www.rbi.org.in/Scripts/AnnualPublications.aspx?head=Handbook+of+Statistics+on+Indian+States,2004,Office of the Registrar General (SRS),,2026-08-06
total-fertility-rate,Maharashtra,2005,2.2,"RBI Handbook of Statistics on Indian States, Table 6: State-wise Total Fertility Rate",https://www.rbi.org.in/Scripts/AnnualPublications.aspx?head=Handbook+of+Statistics+on+Indian+States,2005,Office of the Registrar General (SRS),,2026-08-06
total-fertility-rate,Maharashtra,2006,2.1,"RBI Handbook of Statistics on Indian States, Table 6: State-wise Total Fertility Rate",https://www.rbi.org.in/Scripts/AnnualPublications.aspx?head=Handbook+of+Statistics+on+Indian+States,2006,Office of the Registrar General (SRS),,2026-08-06
total-fertility-rate,Maharashtra,2007,2.0,"RBI Handbook of Statistics on Indian States, Table 6: State-wise Total Fertility Rate",https://www.rbi.org.in/Scripts/AnnualPublications.aspx?head=Handbook+of+Statistics+on+Indian+States,2007,Office of the Registrar General (SRS),,2026-08-06
total-fertility-rate,Maharashtra,2008,2.0,"RBI Handbook of Statistics on Indian States, Table 6: State-wise Total Fertility Rate",https://www.rbi.org.in/Scripts/AnnualPublications.aspx?head=Handbook+of+Statistics+on+Indian+States,2008,Office of the Registrar General (SRS),,2026-08-06
total-fertility-rate,Maharashtra,2009,1.9,"RBI Handbook of Statistics on Indian States, Table 6: State-wise Total Fertility Rate",https://www.rbi.org.in/Scripts/AnnualPublications.aspx?head=Handbook+of+Statistics+on+Indian+States,2009,Office of the Registrar General (SRS),,2026-08-06
total-fertility-rate,Maharashtra,2010,1.9,"RBI Handbook of Statistics on Indian States, Table 6: State-wise Total Fertility Rate",https://www.rbi.org.in/Scripts/AnnualPublications.aspx?head=Handbook+of+Statistics+on+Indian+States,2010,Office of the Registrar General (SRS),,2026-08-06
total-fertility-rate,Maharashtra,2011,1.8,"RBI Handbook of Statistics on Indian States, Table 6: State-wise Total Fertility Rate",https://www.rbi.org.in/Scripts/AnnualPublications.aspx?head=Handbook+of+Statistics+on+Indian+States,2011,Office of the Registrar General (SRS),,2026-08-06
total-fertility-rate,Odisha,2003,2.6,"RBI Handbook of Statistics on Indian States, Table 6: State-wise Total Fertility Rate",https://www.rbi.org.in/Scripts/AnnualPublications.aspx?head=Handbook+of+Statistics+on+Indian+States,2003,Office of the Registrar General (SRS),,2026-08-06
total-fertility-rate,Odisha,2004,2.7,"RBI Handbook of Statistics on Indian States, Table 6: State-wise Total Fertility Rate",https://www.rbi.org.in/Scripts/AnnualPublications.aspx?head=Handbook+of+Statistics+on+Indian+States,2004,Office of the Registrar General (SRS),,2026-08-06
total-fertility-rate,Odisha,2005,2.6,"RBI Handbook of Statistics on Indian States, Table 6: State-wise Total Fertility Rate",https://www.rbi.org.in/Scripts/AnnualPublications.aspx?head=Handbook+of+Statistics+on+Indian+States,2005,Office of the Registrar General (SRS),,2026-08-06
total-fertility-rate,Odisha,2006,2.5,"RBI Handbook of Statistics on Indian States, Table 6: State-wise Total Fertility Rate",https://www.rbi.org.in/Scripts/AnnualPublications.aspx?head=Handbook+of+Statistics+on+Indian+States,2006,Office of the Registrar General (SRS),,2026-08-06
total-fertility-rate,Odisha,2007,2.4,"RBI Handbook of Statistics on Indian States, Table 6: State-wise Total Fertility Rate",https://www.rbi.org.in/Scripts/AnnualPublications.aspx?head=Handbook+of+Statistics+on+Indian+States,2007,Office of the Registrar General (SRS),,2026-08-06
total-fertility-rate,Odisha,2008,2.4,"RBI Handbook of Statistics on Indian States, Table 6: State-wise Total Fertility Rate",https://www.rbi.org.in/Scripts/AnnualPublications.aspx?head=Handbook+of+Statistics+on+Indian+States,2008,Office of the Registrar General (SRS),,2026-08-06
total-fertility-rate,Odisha,2009,2.4,"RBI Handbook of Statistics on Indian States, Table 6: State-wise Total Fertility Rate",https://www.rbi.org.in/Scripts/AnnualPublications.aspx?head=Handbook+of+Statistics+on+Indian+States,2009,Office of the Registrar General (SRS),,2026-08-06
total-fertility-rate,Odisha,2010,2.3,"RBI Handbook of Statistics on Indian States, Table 6: State-wise Total Fertility Rate",https://www.rbi.org.in/Scripts/AnnualPublications.aspx?head=Handbook+of+Statistics+on+Indian+States,2010,Office of the Registrar General (SRS),,2026-08-06
total-fertility-rate,Odisha,2011,2.2,"RBI Handbook of Statistics on Indian States, Table 6: State-wise Total Fertility Rate",https://www.rbi.org.in/Scripts/AnnualPublications.aspx?head=Handbook+of+Statistics+on+Indian+States,2011,Office of the Registrar General (SRS),,2026-08-06
total-fertility-rate,Punjab,2003,2.3,"RBI Handbook of Statistics on Indian States, Table 6: State-wise Total Fertility Rate",https://www.rbi.org.in/Scripts/AnnualPublications.aspx?head=Handbook+of+Statistics+on+Indian+States,2003,Office of the Registrar General (SRS),,2026-08-06
total-fertility-rate,Punjab,2004,2.2,"RBI Handbook of Statistics on Indian States, Table 6: State-wise Total Fertility Rate",https://www.rbi.org.in/Scripts/AnnualPublications.aspx?head=Handbook+of+Statistics+on+Indian+States,2004,Office of the Registrar General (SRS),,2026-08-06
total-fertility-rate,Punjab,2005,2.1,"RBI Handbook of Statistics on Indian States, Table 6: State-wise Total Fertility Rate",https://www.rbi.org.in/Scripts/AnnualPublications.aspx?head=Handbook+of+Statistics+on+Indian+States,2005,Office of the Registrar General (SRS),,2026-08-06
total-fertility-rate,Punjab,2006,2.1,"RBI Handbook of Statistics on Indian States, Table 6: State-wise Total Fertility Rate",https://www.rbi.org.in/Scripts/AnnualPublications.aspx?head=Handbook+of+Statistics+on+Indian+States,2006,Office of the Registrar General (SRS),,2026-08-06
total-fertility-rate,Punjab,2007,2.0,"RBI Handbook of Statistics on Indian States, Table 6: State-wise Total Fertility Rate",https://www.rbi.org.in/Scripts/AnnualPublications.aspx?head=Handbook+of+Statistics+on+Indian+States,2007,Office of the Registrar General (SRS),,2026-08-06
total-fertility-rate,Punjab,2008,1.9,"RBI Handbook of Statistics on Indian States, Table 6: State-wise Total Fertility Rate",https://www.rbi.org.in/Scripts/AnnualPublications.aspx?head=Handbook+of+Statistics+on+Indian+States,2008,Office of the Registrar General (SRS),,2026-08-06
total-fertility-rate,Punjab,2009,1.9,"RBI Handbook of Statistics on Indian States, Table 6: State-wise Total Fertility Rate",https://www.rbi.org.in/Scripts/AnnualPublications.aspx?head=Handbook+of+Statistics+on+Indian+States,2009,Office of the Registrar General (SRS),,2026-08-06
total-fertility-rate,Punjab,2010,1.8,"RBI Handbook of Statistics on Indian States, Table 6: State-wise Total Fertility Rate",https://www.rbi.org.in/Scripts/AnnualPublications.aspx?head=Handbook+of+Statistics+on+Indian+States,2010,Office of the Registrar General (SRS),,2026-08-06
total-fertility-rate,Punjab,2011,1.8,"RBI Handbook of Statistics on Indian States, Table 6: State-wise Total Fertility Rate",https://www.rbi.org.in/Scripts/AnnualPublications.aspx?head=Handbook+of+Statistics+on+Indian+States,2011,Office of the Registrar General (SRS),,2026-08-06
total-fertility-rate,Rajasthan,2003,3.8,"RBI Handbook of Statistics on Indian States, Table 6: State-wise Total Fertility Rate",https://www.rbi.org.in/Scripts/AnnualPublications.aspx?head=Handbook+of+Statistics+on+Indian+States,2003,Office of the Registrar General (SRS),,2026-08-06
total-fertility-rate,Rajasthan,2004,3.7,"RBI Handbook of Statistics on Indian States, Table 6: State-wise Total Fertility Rate",https://www.rbi.org.in/Scripts/AnnualPublications.aspx?head=Handbook+of+Statistics+on+Indian+States,2004,Office of the Registrar General (SRS),,2026-08-06
total-fertility-rate,Rajasthan,2005,3.7,"RBI Handbook of Statistics on Indian States, Table 6: State-wise Total Fertility Rate",https://www.rbi.org.in/Scripts/AnnualPublications.aspx?head=Handbook+of+Statistics+on+Indian+States,2005,Office of the Registrar General (SRS),,2026-08-06
total-fertility-rate,Rajasthan,2006,3.5,"RBI Handbook of Statistics on Indian States, Table 6: State-wise Total Fertility Rate",https://www.rbi.org.in/Scripts/AnnualPublications.aspx?head=Handbook+of+Statistics+on+Indian+States,2006,Office of the Registrar General (SRS),,2026-08-06
total-fertility-rate,Rajasthan,2007,3.4,"RBI Handbook of Statistics on Indian States, Table 6: State-wise Total Fertility Rate",https://www.rbi.org.in/Scripts/AnnualPublications.aspx?head=Handbook+of+Statistics+on+Indian+States,2007,Office of the Registrar General (SRS),,2026-08-06
total-fertility-rate,Rajasthan,2008,3.3,"RBI Handbook of Statistics on Indian States, Table 6: State-wise Total Fertility Rate",https://www.rbi.org.in/Scripts/AnnualPublications.aspx?head=Handbook+of+Statistics+on+Indian+States,2008,Office of the Registrar General (SRS),,2026-08-06
total-fertility-rate,Rajasthan,2009,3.3,"RBI Handbook of Statistics on Indian States, Table 6: State-wise Total Fertility Rate",https://www.rbi.org.in/Scripts/AnnualPublications.aspx?head=Handbook+of+Statistics+on+Indian+States,2009,Office of the Registrar General (SRS),,2026-08-06
total-fertility-rate,Rajasthan,2010,3.1,"RBI Handbook of Statistics on Indian States, Table 6: State-wise Total Fertility Rate",https://www.rbi.org.in/Scripts/AnnualPublications.aspx?head=Handbook+of+Statistics+on+Indian+States,2010,Office of the Registrar General (SRS),,2026-08-06
total-fertility-rate,Rajasthan,2011,3.0,"RBI Handbook of Statistics on Indian States, Table 6: State-wise Total Fertility Rate",https://www.rbi.org.in/Scripts/AnnualPublications.aspx?head=Handbook+of+Statistics+on+Indian+States,2011,Office of the Registrar General (SRS),,2026-08-06
total-fertility-rate,Tamil Nadu,2003,1.9,"RBI Handbook of Statistics on Indian States, Table 6: State-wise Total Fertility Rate",https://www.rbi.org.in/Scripts/AnnualPublications.aspx?head=Handbook+of+Statistics+on+Indian+States,2003,Office of the Registrar General (SRS),,2026-08-06
total-fertility-rate,Tamil Nadu,2004,1.8,"RBI Handbook of Statistics on Indian States, Table 6: State-wise Total Fertility Rate",https://www.rbi.org.in/Scripts/AnnualPublications.aspx?head=Handbook+of+Statistics+on+Indian+States,2004,Office of the Registrar General (SRS),,2026-08-06
total-fertility-rate,Tamil Nadu,2005,1.7,"RBI Handbook of Statistics on Indian States, Table 6: State-wise Total Fertility Rate",https://www.rbi.org.in/Scripts/AnnualPublications.aspx?head=Handbook+of+Statistics+on+Indian+States,2005,Office of the Registrar General (SRS),,2026-08-06
total-fertility-rate,Tamil Nadu,2006,1.7,"RBI Handbook of Statistics on Indian States, Table 6: State-wise Total Fertility Rate",https://www.rbi.org.in/Scripts/AnnualPublications.aspx?head=Handbook+of+Statistics+on+Indian+States,2006,Office of the Registrar General (SRS),,2026-08-06
total-fertility-rate,Tamil Nadu,2007,1.6,"RBI Handbook of Statistics on Indian States, Table 6: State-wise Total Fertility Rate",https://www.rbi.org.in/Scripts/AnnualPublications.aspx?head=Handbook+of+Statistics+on+Indian+States,2007,Office of the Registrar General (SRS),,2026-08-06
total-fertility-rate,Tamil Nadu,2008,1.7,"RBI Handbook of Statistics on Indian States, Table 6: State-wise Total Fertility Rate",https://www.rbi.org.in/Scripts/AnnualPublications.aspx?head=Handbook+of+Statistics+on+Indian+States,2008,Office of the Registrar General (SRS),,2026-08-06
total-fertility-rate,Tamil Nadu,2009,1.7,"RBI Handbook of Statistics on Indian States, Table 6: State-wise Total Fertility Rate",https://www.rbi.org.in/Scripts/AnnualPublications.aspx?head=Handbook+of+Statistics+on+Indian+States,2009,Office of the Registrar General (SRS),,2026-08-06
total-fertility-rate,Tamil Nadu,2010,1.7,"RBI Handbook of Statistics on Indian States, Table 6: State-wise Total Fertility Rate",https://www.rbi.org.in/Scripts/AnnualPublications.aspx?head=Handbook+of+Statistics+on+Indian+States,2010,Office of the Registrar General (SRS),,2026-08-06
total-fertility-rate,Tamil Nadu,2011,1.7,"RBI Handbook of Statistics on Indian States, Table 6: State-wise Total Fertility Rate",https://www.rbi.org.in/Scripts/AnnualPublications.aspx?head=Handbook+of+Statistics+on+Indian+States,2011,Office of the Registrar General (SRS),,2026-08-06
total-fertility-rate,Uttar Pradesh,2003,4.4,"RBI Handbook of Statistics on Indian States, Table 6: State-wise Total Fertility Rate",https://www.rbi.org.in/Scripts/AnnualPublications.aspx?head=Handbook+of+Statistics+on+Indian+States,2003,Office of the Registrar General (SRS),,2026-08-06
total-fertility-rate,Uttar Pradesh,2004,4.4,"RBI Handbook of Statistics on Indian States, Table 6: State-wise Total Fertility Rate",https://www.rbi.org.in/Scripts/AnnualPublications.aspx?head=Handbook+of+Statistics+on+Indian+States,2004,Office of the Registrar General (SRS),,2026-08-06
total-fertility-rate,Uttar Pradesh,2005,4.2,"RBI Handbook of Statistics on Indian States, Table 6: State-wise Total Fertility Rate",https://www.rbi.org.in/Scripts/AnnualPublications.aspx?head=Handbook+of+Statistics+on+Indian+States,2005,Office of the Registrar General (SRS),,2026-08-06
total-fertility-rate,Uttar Pradesh,2006,4.2,"RBI Handbook of Statistics on Indian States, Table 6: State-wise Total Fertility Rate",https://www.rbi.org.in/Scripts/AnnualPublications.aspx?head=Handbook+of+Statistics+on+Indian+States,2006,Office of the Registrar General (SRS),,2026-08-06
total-fertility-rate,Uttar Pradesh,2007,3.9,"RBI Handbook of Statistics on Indian States, Table 6: State-wise Total Fertility Rate",https://www.rbi.org.in/Scripts/AnnualPublications.aspx?head=Handbook+of+Statistics+on+Indian+States,2007,Office of the Registrar General (SRS),,2026-08-06
total-fertility-rate,Uttar Pradesh,2008,3.8,"RBI Handbook of Statistics on Indian States, Table 6: State-wise Total Fertility Rate",https://www.rbi.org.in/Scripts/AnnualPublications.aspx?head=Handbook+of+Statistics+on+Indian+States,2008,Office of the Registrar General (SRS),,2026-08-06
total-fertility-rate,Uttar Pradesh,2009,3.7,"RBI Handbook of Statistics on Indian States, Table 6: State-wise Total Fertility Rate",https://www.rbi.org.in/Scripts/AnnualPublications.aspx?head=Handbook+of+Statistics+on+Indian+States,2009,Office of the Registrar General (SRS),,2026-08-06
total-fertility-rate,Uttar Pradesh,2010,3.5,"RBI Handbook of Statistics on Indian States, Table 6: State-wise Total Fertility Rate",https://www.rbi.org.in/Scripts/AnnualPublications.aspx?head=Handbook+of+Statistics+on+Indian+States,2010,Office of the Registrar General (SRS),,2026-08-06
total-fertility-rate,Uttar Pradesh,2011,3.4,"RBI Handbook of Statistics on Indian States, Table 6: State-wise Total Fertility Rate",https://www.rbi.org.in/Scripts/AnnualPublications.aspx?head=Handbook+of+Statistics+on+Indian+States,2011,Office of the Registrar General (SRS),,2026-08-06
total-fertility-rate,West Bengal,2003,2.3,"RBI Handbook of Statistics on Indian States, Table 6: State-wise Total Fertility Rate",https://www.rbi.org.in/Scripts/AnnualPublications.aspx?head=Handbook+of+Statistics+on+Indian+States,2003,Office of the Registrar General (SRS),,2026-08-06
total-fertility-rate,West Bengal,2004,2.2,"RBI Handbook of Statistics on Indian States, Table 6: State-wise Total Fertility Rate",https://www.rbi.org.in/Scripts/AnnualPublications.aspx?head=Handbook+of+Statistics+on+Indian+States,2004,Office of the Registrar General (SRS),,2026-08-06
total-fertility-rate,West Bengal,2005,2.1,"RBI Handbook of Statistics on Indian States, Table 6: State-wise Total Fertility Rate",https://www.rbi.org.in/Scripts/AnnualPublications.aspx?head=Handbook+of+Statistics+on+Indian+States,2005,Office of the Registrar General (SRS),,2026-08-06
total-fertility-rate,West Bengal,2006,2.0,"RBI Handbook of Statistics on Indian States, Table 6: State-wise Total Fertility Rate",https://www.rbi.org.in/Scripts/AnnualPublications.aspx?head=Handbook+of+Statistics+on+Indian+States,2006,Office of the Registrar General (SRS),,2026-08-06
total-fertility-rate,West Bengal,2007,1.9,"RBI Handbook of Statistics on Indian States, Table 6: State-wise Total Fertility Rate",https://www.rbi.org.in/Scripts/AnnualPublications.aspx?head=Handbook+of+Statistics+on+Indian+States,2007,Office of the Registrar General (SRS),,2026-08-06
total-fertility-rate,West Bengal,2008,1.9,"RBI Handbook of Statistics on Indian States, Table 6: State-wise Total Fertility Rate",https://www.rbi.org.in/Scripts/AnnualPublications.aspx?head=Handbook+of+Statistics+on+Indian+States,2008,Office of the Registrar General (SRS),,2026-08-06
total-fertility-rate,West Bengal,2009,1.9,"RBI Handbook of Statistics on Indian States, Table 6: State-wise Total Fertility Rate",https://www.rbi.org.in/Scripts/AnnualPublications.aspx?head=Handbook+of+Statistics+on+Indian+States,2009,Office of the Registrar General (SRS),,2026-08-06
total-fertility-rate,West Bengal,2010,1.8,"RBI Handbook of Statistics on Indian States, Table 6: State-wise Total Fertility Rate",https://www.rbi.org.in/Scripts/AnnualPublications.aspx?head=Handbook+of+Statistics+on+Indian+States,2010,Office of the Registrar General (SRS),,2026-08-06
total-fertility-rate,West Bengal,2011,1.7,"RBI Handbook of Statistics on Indian States, Table 6: State-wise Total Fertility Rate",https://www.rbi.org.in/Scripts/AnnualPublications.aspx?head=Handbook+of+Statistics+on+Indian+States,2011,Office of the Registrar General (SRS),,2026-08-06
total-fertility-rate,India,2003,3.0,"RBI Handbook of Statistics on Indian States, Table 6: State-wise Total Fertility Rate",https://www.rbi.org.in/Scripts/AnnualPublications.aspx?head=Handbook+of+Statistics+on+Indian+States,2003,Office of the Registrar General (SRS),,2026-08-06
total-fertility-rate,India,2004,2.9,"RBI Handbook of Statistics on Indian States, Table 6: State-wise Total Fertility Rate",https://www.rbi.org.in/Scripts/AnnualPublications.aspx?head=Handbook+of+Statistics+on+Indian+States,2004,Office of the Registrar General (SRS),,2026-08-06
total-fertility-rate,India,2005,2.9,"RBI Handbook of Statistics on Indian States, Table 6: State-wise Total Fertility Rate",https://www.rbi.org.in/Scripts/AnnualPublications.aspx?head=Handbook+of+Statistics+on+Indian+States,2005,Office of the Registrar General (SRS),,2026-08-06
total-fertility-rate,India,2006,2.8,"RBI Handbook of Statistics on Indian States, Table 6: State-wise Total Fertility Rate",https://www.rbi.org.in/Scripts/AnnualPublications.aspx?head=Handbook+of+Statistics+on+Indian+States,2006,Office of the Registrar General (SRS),,2026-08-06
total-fertility-rate,India,2007,2.7,"RBI Handbook of Statistics on Indian States, Table 6: State-wise Total Fertility Rate",https://www.rbi.org.in/Scripts/AnnualPublications.aspx?head=Handbook+of+Statistics+on+Indian+States,2007,Office of the Registrar General (SRS),,2026-08-06
total-fertility-rate,India,2008,2.6,"RBI Handbook of Statistics on Indian States, Table 6: State-wise Total Fertility Rate",https://www.rbi.org.in/Scripts/AnnualPublications.aspx?head=Handbook+of+Statistics+on+Indian+States,2008,Office of the Registrar General (SRS),,2026-08-06
total-fertility-rate,India,2009,2.6,"RBI Handbook of Statistics on Indian States, Table 6: State-wise Total Fertility Rate",https://www.rbi.org.in/Scripts/AnnualPublications.aspx?head=Handbook+of+Statistics+on+Indian+States,2009,Office of the Registrar General (SRS),,2026-08-06
total-fertility-rate,India,2010,2.5,"RBI Handbook of Statistics on Indian States, Table 6: State-wise Total Fertility Rate",https://www.rbi.org.in/Scripts/AnnualPublications.aspx?head=Handbook+of+Statistics+on+Indian+States,2010,Office of the Registrar General (SRS),,2026-08-06
total-fertility-rate,India,2011,2.4,"RBI Handbook of Statistics on Indian States, Table 6: State-wise Total Fertility Rate",https://www.rbi.org.in/Scripts/AnnualPublications.aspx?head=Handbook+of+Statistics+on+Indian+States,2011,Office of the Registrar General (SRS),,2026-08-06
total-fertility-rate,Andhra Pradesh,2012,1.8,"RBI Handbook of Statistics on Indian States, Table 6: State-wise Total Fertility Rate",https://www.rbi.org.in/Scripts/AnnualPublications.aspx?head=Handbook+of+Statistics+on+Indian+States,2012,Office of the Registrar General (SRS),,2026-08-06
total-fertility-rate,Andhra Pradesh,2013,1.8,"RBI Handbook of Statistics on Indian States, Table 6: State-wise Total Fertility Rate",https://www.rbi.org.in/Scripts/AnnualPublications.aspx?head=Handbook+of+Statistics+on+Indian+States,2013,Office of the Registrar General (SRS),,2026-08-06
total-fertility-rate,Andhra Pradesh,2014,1.8,"RBI Handbook of Statistics on Indian States, Table 6: State-wise Total Fertility Rate",https://www.rbi.org.in/Scripts/AnnualPublications.aspx?head=Handbook+of+Statistics+on+Indian+States,2014,Office of the Registrar General (SRS),,2026-08-06
total-fertility-rate,Andhra Pradesh,2015,1.7,"RBI Handbook of Statistics on Indian States, Table 6: State-wise Total Fertility Rate",https://www.rbi.org.in/Scripts/AnnualPublications.aspx?head=Handbook+of+Statistics+on+Indian+States,2015,Office of the Registrar General (SRS),,2026-08-06
total-fertility-rate,Andhra Pradesh,2016,1.7,"RBI Handbook of Statistics on Indian States, Table 6: State-wise Total Fertility Rate",https://www.rbi.org.in/Scripts/AnnualPublications.aspx?head=Handbook+of+Statistics+on+Indian+States,2016,Office of the Registrar General (SRS),,2026-08-06
total-fertility-rate,Andhra Pradesh,2017,1.6,"RBI Handbook of Statistics on Indian States, Table 6: State-wise Total Fertility Rate",https://www.rbi.org.in/Scripts/AnnualPublications.aspx?head=Handbook+of+Statistics+on+Indian+States,2017,Office of the Registrar General (SRS),,2026-08-06
total-fertility-rate,Andhra Pradesh,2018,1.6,"RBI Handbook of Statistics on Indian States, Table 6: State-wise Total Fertility Rate",https://www.rbi.org.in/Scripts/AnnualPublications.aspx?head=Handbook+of+Statistics+on+Indian+States,2018,Office of the Registrar General (SRS),,2026-08-06
total-fertility-rate,Andhra Pradesh,2019,1.5,"RBI Handbook of Statistics on Indian States, Table 6: State-wise Total Fertility Rate",https://www.rbi.org.in/Scripts/AnnualPublications.aspx?head=Handbook+of+Statistics+on+Indian+States,2019,Office of the Registrar General (SRS),,2026-08-06
total-fertility-rate,Andhra Pradesh,2020,1.5,"RBI Handbook of Statistics on Indian States, Table 6: State-wise Total Fertility Rate",https://www.rbi.org.in/Scripts/AnnualPublications.aspx?head=Handbook+of+Statistics+on+Indian+States,2020,Office of the Registrar General (SRS),,2026-08-06
total-fertility-rate,Andhra Pradesh,2021,1.5,"RBI Handbook of Statistics on Indian States, Table 6: State-wise Total Fertility Rate",https://www.rbi.org.in/Scripts/AnnualPublications.aspx?head=Handbook+of+Statistics+on+Indian+States,2021,Office of the Registrar General (SRS),,2026-08-06
total-fertility-rate,Andhra Pradesh,2022,1.6,"RBI Handbook of Statistics on Indian States, Table 6: State-wise Total Fertility Rate",https://www.rbi.org.in/Scripts/AnnualPublications.aspx?head=Handbook+of+Statistics+on+Indian+States,2022,Office of the Registrar General (SRS),,2026-08-06
total-fertility-rate,Andhra Pradesh,2023,1.5,"RBI Handbook of Statistics on Indian States, Table 6: State-wise Total Fertility Rate",https://www.rbi.org.in/Scripts/AnnualPublications.aspx?head=Handbook+of+Statistics+on+Indian+States,2023,Office of the Registrar General (SRS),,2026-08-06
total-fertility-rate,Assam,2012,2.4,"RBI Handbook of Statistics on Indian States, Table 6: State-wise Total Fertility Rate",https://www.rbi.org.in/Scripts/AnnualPublications.aspx?head=Handbook+of+Statistics+on+Indian+States,2012,Office of the Registrar General (SRS),,2026-08-06
total-fertility-rate,Assam,2013,2.3,"RBI Handbook of Statistics on Indian States, Table 6: State-wise Total Fertility Rate",https://www.rbi.org.in/Scripts/AnnualPublications.aspx?head=Handbook+of+Statistics+on+Indian+States,2013,Office of the Registrar General (SRS),,2026-08-06
total-fertility-rate,Assam,2014,2.3,"RBI Handbook of Statistics on Indian States, Table 6: State-wise Total Fertility Rate",https://www.rbi.org.in/Scripts/AnnualPublications.aspx?head=Handbook+of+Statistics+on+Indian+States,2014,Office of the Registrar General (SRS),,2026-08-06
total-fertility-rate,Assam,2015,2.3,"RBI Handbook of Statistics on Indian States, Table 6: State-wise Total Fertility Rate",https://www.rbi.org.in/Scripts/AnnualPublications.aspx?head=Handbook+of+Statistics+on+Indian+States,2015,Office of the Registrar General (SRS),,2026-08-06
total-fertility-rate,Assam,2016,2.3,"RBI Handbook of Statistics on Indian States, Table 6: State-wise Total Fertility Rate",https://www.rbi.org.in/Scripts/AnnualPublications.aspx?head=Handbook+of+Statistics+on+Indian+States,2016,Office of the Registrar General (SRS),,2026-08-06
total-fertility-rate,Assam,2017,2.3,"RBI Handbook of Statistics on Indian States, Table 6: State-wise Total Fertility Rate",https://www.rbi.org.in/Scripts/AnnualPublications.aspx?head=Handbook+of+Statistics+on+Indian+States,2017,Office of the Registrar General (SRS),,2026-08-06
total-fertility-rate,Assam,2018,2.2,"RBI Handbook of Statistics on Indian States, Table 6: State-wise Total Fertility Rate",https://www.rbi.org.in/Scripts/AnnualPublications.aspx?head=Handbook+of+Statistics+on+Indian+States,2018,Office of the Registrar General (SRS),,2026-08-06
total-fertility-rate,Assam,2019,2.2,"RBI Handbook of Statistics on Indian States, Table 6: State-wise Total Fertility Rate",https://www.rbi.org.in/Scripts/AnnualPublications.aspx?head=Handbook+of+Statistics+on+Indian+States,2019,Office of the Registrar General (SRS),,2026-08-06
total-fertility-rate,Assam,2020,2.1,"RBI Handbook of Statistics on Indian States, Table 6: State-wise Total Fertility Rate",https://www.rbi.org.in/Scripts/AnnualPublications.aspx?head=Handbook+of+Statistics+on+Indian+States,2020,Office of the Registrar General (SRS),,2026-08-06
total-fertility-rate,Assam,2021,2.1,"RBI Handbook of Statistics on Indian States, Table 6: State-wise Total Fertility Rate",https://www.rbi.org.in/Scripts/AnnualPublications.aspx?head=Handbook+of+Statistics+on+Indian+States,2021,Office of the Registrar General (SRS),,2026-08-06
total-fertility-rate,Assam,2022,2.1,"RBI Handbook of Statistics on Indian States, Table 6: State-wise Total Fertility Rate",https://www.rbi.org.in/Scripts/AnnualPublications.aspx?head=Handbook+of+Statistics+on+Indian+States,2022,Office of the Registrar General (SRS),,2026-08-06
total-fertility-rate,Assam,2023,2.0,"RBI Handbook of Statistics on Indian States, Table 6: State-wise Total Fertility Rate",https://www.rbi.org.in/Scripts/AnnualPublications.aspx?head=Handbook+of+Statistics+on+Indian+States,2023,Office of the Registrar General (SRS),,2026-08-06
total-fertility-rate,Bihar,2012,3.5,"RBI Handbook of Statistics on Indian States, Table 6: State-wise Total Fertility Rate",https://www.rbi.org.in/Scripts/AnnualPublications.aspx?head=Handbook+of+Statistics+on+Indian+States,2012,Office of the Registrar General (SRS),,2026-08-06
total-fertility-rate,Bihar,2013,3.4,"RBI Handbook of Statistics on Indian States, Table 6: State-wise Total Fertility Rate",https://www.rbi.org.in/Scripts/AnnualPublications.aspx?head=Handbook+of+Statistics+on+Indian+States,2013,Office of the Registrar General (SRS),,2026-08-06
total-fertility-rate,Bihar,2014,3.2,"RBI Handbook of Statistics on Indian States, Table 6: State-wise Total Fertility Rate",https://www.rbi.org.in/Scripts/AnnualPublications.aspx?head=Handbook+of+Statistics+on+Indian+States,2014,Office of the Registrar General (SRS),,2026-08-06
total-fertility-rate,Bihar,2015,3.2,"RBI Handbook of Statistics on Indian States, Table 6: State-wise Total Fertility Rate",https://www.rbi.org.in/Scripts/AnnualPublications.aspx?head=Handbook+of+Statistics+on+Indian+States,2015,Office of the Registrar General (SRS),,2026-08-06
total-fertility-rate,Bihar,2016,3.3,"RBI Handbook of Statistics on Indian States, Table 6: State-wise Total Fertility Rate",https://www.rbi.org.in/Scripts/AnnualPublications.aspx?head=Handbook+of+Statistics+on+Indian+States,2016,Office of the Registrar General (SRS),,2026-08-06
total-fertility-rate,Bihar,2017,3.2,"RBI Handbook of Statistics on Indian States, Table 6: State-wise Total Fertility Rate",https://www.rbi.org.in/Scripts/AnnualPublications.aspx?head=Handbook+of+Statistics+on+Indian+States,2017,Office of the Registrar General (SRS),,2026-08-06
total-fertility-rate,Bihar,2018,3.2,"RBI Handbook of Statistics on Indian States, Table 6: State-wise Total Fertility Rate",https://www.rbi.org.in/Scripts/AnnualPublications.aspx?head=Handbook+of+Statistics+on+Indian+States,2018,Office of the Registrar General (SRS),,2026-08-06
total-fertility-rate,Bihar,2019,3.1,"RBI Handbook of Statistics on Indian States, Table 6: State-wise Total Fertility Rate",https://www.rbi.org.in/Scripts/AnnualPublications.aspx?head=Handbook+of+Statistics+on+Indian+States,2019,Office of the Registrar General (SRS),,2026-08-06
total-fertility-rate,Bihar,2020,3.0,"RBI Handbook of Statistics on Indian States, Table 6: State-wise Total Fertility Rate",https://www.rbi.org.in/Scripts/AnnualPublications.aspx?head=Handbook+of+Statistics+on+Indian+States,2020,Office of the Registrar General (SRS),,2026-08-06
total-fertility-rate,Bihar,2021,3.0,"RBI Handbook of Statistics on Indian States, Table 6: State-wise Total Fertility Rate",https://www.rbi.org.in/Scripts/AnnualPublications.aspx?head=Handbook+of+Statistics+on+Indian+States,2021,Office of the Registrar General (SRS),,2026-08-06
total-fertility-rate,Bihar,2022,3.0,"RBI Handbook of Statistics on Indian States, Table 6: State-wise Total Fertility Rate",https://www.rbi.org.in/Scripts/AnnualPublications.aspx?head=Handbook+of+Statistics+on+Indian+States,2022,Office of the Registrar General (SRS),,2026-08-06
total-fertility-rate,Bihar,2023,2.8,"RBI Handbook of Statistics on Indian States, Table 6: State-wise Total Fertility Rate",https://www.rbi.org.in/Scripts/AnnualPublications.aspx?head=Handbook+of+Statistics+on+Indian+States,2023,Office of the Registrar General (SRS),,2026-08-06
total-fertility-rate,Chhattisgarh,2012,2.7,"RBI Handbook of Statistics on Indian States, Table 6: State-wise Total Fertility Rate",https://www.rbi.org.in/Scripts/AnnualPublications.aspx?head=Handbook+of+Statistics+on+Indian+States,2012,Office of the Registrar General (SRS),,2026-08-06
total-fertility-rate,Chhattisgarh,2013,2.6,"RBI Handbook of Statistics on Indian States, Table 6: State-wise Total Fertility Rate",https://www.rbi.org.in/Scripts/AnnualPublications.aspx?head=Handbook+of+Statistics+on+Indian+States,2013,Office of the Registrar General (SRS),,2026-08-06
total-fertility-rate,Chhattisgarh,2014,2.6,"RBI Handbook of Statistics on Indian States, Table 6: State-wise Total Fertility Rate",https://www.rbi.org.in/Scripts/AnnualPublications.aspx?head=Handbook+of+Statistics+on+Indian+States,2014,Office of the Registrar General (SRS),,2026-08-06
total-fertility-rate,Chhattisgarh,2015,2.5,"RBI Handbook of Statistics on Indian States, Table 6: State-wise Total Fertility Rate",https://www.rbi.org.in/Scripts/AnnualPublications.aspx?head=Handbook+of+Statistics+on+Indian+States,2015,Office of the Registrar General (SRS),,2026-08-06
total-fertility-rate,Chhattisgarh,2016,2.5,"RBI Handbook of Statistics on Indian States, Table 6: State-wise Total Fertility Rate",https://www.rbi.org.in/Scripts/AnnualPublications.aspx?head=Handbook+of+Statistics+on+Indian+States,2016,Office of the Registrar General (SRS),,2026-08-06
total-fertility-rate,Chhattisgarh,2017,2.4,"RBI Handbook of Statistics on Indian States, Table 6: State-wise Total Fertility Rate",https://www.rbi.org.in/Scripts/AnnualPublications.aspx?head=Handbook+of+Statistics+on+Indian+States,2017,Office of the Registrar General (SRS),,2026-08-06
total-fertility-rate,Chhattisgarh,2018,2.4,"RBI Handbook of Statistics on Indian States, Table 6: State-wise Total Fertility Rate",https://www.rbi.org.in/Scripts/AnnualPublications.aspx?head=Handbook+of+Statistics+on+Indian+States,2018,Office of the Registrar General (SRS),,2026-08-06
total-fertility-rate,Chhattisgarh,2019,2.3,"RBI Handbook of Statistics on Indian States, Table 6: State-wise Total Fertility Rate",https://www.rbi.org.in/Scripts/AnnualPublications.aspx?head=Handbook+of+Statistics+on+Indian+States,2019,Office of the Registrar General (SRS),,2026-08-06
total-fertility-rate,Chhattisgarh,2020,2.2,"RBI Handbook of Statistics on Indian States, Table 6: State-wise Total Fertility Rate",https://www.rbi.org.in/Scripts/AnnualPublications.aspx?head=Handbook+of+Statistics+on+Indian+States,2020,Office of the Registrar General (SRS),,2026-08-06
total-fertility-rate,Chhattisgarh,2021,2.2,"RBI Handbook of Statistics on Indian States, Table 6: State-wise Total Fertility Rate",https://www.rbi.org.in/Scripts/AnnualPublications.aspx?head=Handbook+of+Statistics+on+Indian+States,2021,Office of the Registrar General (SRS),,2026-08-06
total-fertility-rate,Chhattisgarh,2022,2.3,"RBI Handbook of Statistics on Indian States, Table 6: State-wise Total Fertility Rate",https://www.rbi.org.in/Scripts/AnnualPublications.aspx?head=Handbook+of+Statistics+on+Indian+States,2022,Office of the Registrar General (SRS),,2026-08-06
total-fertility-rate,Chhattisgarh,2023,2.2,"RBI Handbook of Statistics on Indian States, Table 6: State-wise Total Fertility Rate",https://www.rbi.org.in/Scripts/AnnualPublications.aspx?head=Handbook+of+Statistics+on+Indian+States,2023,Office of the Registrar General (SRS),,2026-08-06
total-fertility-rate,Delhi,2012,1.8,"RBI Handbook of Statistics on Indian States, Table 6: State-wise Total Fertility Rate",https://www.rbi.org.in/Scripts/AnnualPublications.aspx?head=Handbook+of+Statistics+on+Indian+States,2012,Office of the Registrar General (SRS),,2026-08-06
total-fertility-rate,Delhi,2013,1.7,"RBI Handbook of Statistics on Indian States, Table 6: State-wise Total Fertility Rate",https://www.rbi.org.in/Scripts/AnnualPublications.aspx?head=Handbook+of+Statistics+on+Indian+States,2013,Office of the Registrar General (SRS),,2026-08-06
total-fertility-rate,Delhi,2014,1.7,"RBI Handbook of Statistics on Indian States, Table 6: State-wise Total Fertility Rate",https://www.rbi.org.in/Scripts/AnnualPublications.aspx?head=Handbook+of+Statistics+on+Indian+States,2014,Office of the Registrar General (SRS),,2026-08-06
total-fertility-rate,Delhi,2015,1.7,"RBI Handbook of Statistics on Indian States, Table 6: State-wise Total Fertility Rate",https://www.rbi.org.in/Scripts/AnnualPublications.aspx?head=Handbook+of+Statistics+on+Indian+States,2015,Office of the Registrar General (SRS),,2026-08-06
total-fertility-rate,Delhi,2016,1.6,"RBI Handbook of Statistics on Indian States, Table 6: State-wise Total Fertility Rate",https://www.rbi.org.in/Scripts/AnnualPublications.aspx?head=Handbook+of+Statistics+on+Indian+States,2016,Office of the Registrar General (SRS),,2026-08-06
total-fertility-rate,Delhi,2017,1.5,"RBI Handbook of Statistics on Indian States, Table 6: State-wise Total Fertility Rate",https://www.rbi.org.in/Scripts/AnnualPublications.aspx?head=Handbook+of+Statistics+on+Indian+States,2017,Office of the Registrar General (SRS),,2026-08-06
total-fertility-rate,Delhi,2018,1.5,"RBI Handbook of Statistics on Indian States, Table 6: State-wise Total Fertility Rate",https://www.rbi.org.in/Scripts/AnnualPublications.aspx?head=Handbook+of+Statistics+on+Indian+States,2018,Office of the Registrar General (SRS),,2026-08-06
total-fertility-rate,Delhi,2019,1.5,"RBI Handbook of Statistics on Indian States, Table 6: State-wise Total Fertility Rate",https://www.rbi.org.in/Scripts/AnnualPublications.aspx?head=Handbook+of+Statistics+on+Indian+States,2019,Office of the Registrar General (SRS),,2026-08-06
total-fertility-rate,Delhi,2020,1.4,"RBI Handbook of Statistics on Indian States, Table 6: State-wise Total Fertility Rate",https://www.rbi.org.in/Scripts/AnnualPublications.aspx?head=Handbook+of+Statistics+on+Indian+States,2020,Office of the Registrar General (SRS),,2026-08-06
total-fertility-rate,Delhi,2021,1.4,"RBI Handbook of Statistics on Indian States, Table 6: State-wise Total Fertility Rate",https://www.rbi.org.in/Scripts/AnnualPublications.aspx?head=Handbook+of+Statistics+on+Indian+States,2021,Office of the Registrar General (SRS),,2026-08-06
total-fertility-rate,Delhi,2022,1.3,"RBI Handbook of Statistics on Indian States, Table 6: State-wise Total Fertility Rate",https://www.rbi.org.in/Scripts/AnnualPublications.aspx?head=Handbook+of+Statistics+on+Indian+States,2022,Office of the Registrar General (SRS),,2026-08-06
total-fertility-rate,Delhi,2023,1.2,"RBI Handbook of Statistics on Indian States, Table 6: State-wise Total Fertility Rate",https://www.rbi.org.in/Scripts/AnnualPublications.aspx?head=Handbook+of+Statistics+on+Indian+States,2023,Office of the Registrar General (SRS),,2026-08-06
total-fertility-rate,Gujarat,2012,2.3,"RBI Handbook of Statistics on Indian States, Table 6: State-wise Total Fertility Rate",https://www.rbi.org.in/Scripts/AnnualPublications.aspx?head=Handbook+of+Statistics+on+Indian+States,2012,Office of the Registrar General (SRS),,2026-08-06
total-fertility-rate,Gujarat,2013,2.3,"RBI Handbook of Statistics on Indian States, Table 6: State-wise Total Fertility Rate",https://www.rbi.org.in/Scripts/AnnualPublications.aspx?head=Handbook+of+Statistics+on+Indian+States,2013,Office of the Registrar General (SRS),,2026-08-06
total-fertility-rate,Gujarat,2014,2.3,"RBI Handbook of Statistics on Indian States, Table 6: State-wise Total Fertility Rate",https://www.rbi.org.in/Scripts/AnnualPublications.aspx?head=Handbook+of+Statistics+on+Indian+States,2014,Office of the Registrar General (SRS),,2026-08-06
total-fertility-rate,Gujarat,2015,2.2,"RBI Handbook of Statistics on Indian States, Table 6: State-wise Total Fertility Rate",https://www.rbi.org.in/Scripts/AnnualPublications.aspx?head=Handbook+of+Statistics+on+Indian+States,2015,Office of the Registrar General (SRS),,2026-08-06
total-fertility-rate,Gujarat,2016,2.2,"RBI Handbook of Statistics on Indian States, Table 6: State-wise Total Fertility Rate",https://www.rbi.org.in/Scripts/AnnualPublications.aspx?head=Handbook+of+Statistics+on+Indian+States,2016,Office of the Registrar General (SRS),,2026-08-06
total-fertility-rate,Gujarat,2017,2.2,"RBI Handbook of Statistics on Indian States, Table 6: State-wise Total Fertility Rate",https://www.rbi.org.in/Scripts/AnnualPublications.aspx?head=Handbook+of+Statistics+on+Indian+States,2017,Office of the Registrar General (SRS),,2026-08-06
total-fertility-rate,Gujarat,2018,2.1,"RBI Handbook of Statistics on Indian States, Table 6: State-wise Total Fertility Rate",https://www.rbi.org.in/Scripts/AnnualPublications.aspx?head=Handbook+of+Statistics+on+Indian+States,2018,Office of the Registrar General (SRS),,2026-08-06
total-fertility-rate,Gujarat,2019,2.1,"RBI Handbook of Statistics on Indian States, Table 6: State-wise Total Fertility Rate",https://www.rbi.org.in/Scripts/AnnualPublications.aspx?head=Handbook+of+Statistics+on+Indian+States,2019,Office of the Registrar General (SRS),,2026-08-06
total-fertility-rate,Gujarat,2020,2.0,"RBI Handbook of Statistics on Indian States, Table 6: State-wise Total Fertility Rate",https://www.rbi.org.in/Scripts/AnnualPublications.aspx?head=Handbook+of+Statistics+on+Indian+States,2020,Office of the Registrar General (SRS),,2026-08-06
total-fertility-rate,Gujarat,2021,2.0,"RBI Handbook of Statistics on Indian States, Table 6: State-wise Total Fertility Rate",https://www.rbi.org.in/Scripts/AnnualPublications.aspx?head=Handbook+of+Statistics+on+Indian+States,2021,Office of the Registrar General (SRS),,2026-08-06
total-fertility-rate,Gujarat,2022,1.9,"RBI Handbook of Statistics on Indian States, Table 6: State-wise Total Fertility Rate",https://www.rbi.org.in/Scripts/AnnualPublications.aspx?head=Handbook+of+Statistics+on+Indian+States,2022,Office of the Registrar General (SRS),,2026-08-06
total-fertility-rate,Gujarat,2023,1.8,"RBI Handbook of Statistics on Indian States, Table 6: State-wise Total Fertility Rate",https://www.rbi.org.in/Scripts/AnnualPublications.aspx?head=Handbook+of+Statistics+on+Indian+States,2023,Office of the Registrar General (SRS),,2026-08-06
total-fertility-rate,Haryana,2012,2.3,"RBI Handbook of Statistics on Indian States, Table 6: State-wise Total Fertility Rate",https://www.rbi.org.in/Scripts/AnnualPublications.aspx?head=Handbook+of+Statistics+on+Indian+States,2012,Office of the Registrar General (SRS),,2026-08-06
total-fertility-rate,Haryana,2013,2.2,"RBI Handbook of Statistics on Indian States, Table 6: State-wise Total Fertility Rate",https://www.rbi.org.in/Scripts/AnnualPublications.aspx?head=Handbook+of+Statistics+on+Indian+States,2013,Office of the Registrar General (SRS),,2026-08-06
total-fertility-rate,Haryana,2014,2.3,"RBI Handbook of Statistics on Indian States, Table 6: State-wise Total Fertility Rate",https://www.rbi.org.in/Scripts/AnnualPublications.aspx?head=Handbook+of+Statistics+on+Indian+States,2014,Office of the Registrar General (SRS),,2026-08-06
total-fertility-rate,Haryana,2015,2.2,"RBI Handbook of Statistics on Indian States, Table 6: State-wise Total Fertility Rate",https://www.rbi.org.in/Scripts/AnnualPublications.aspx?head=Handbook+of+Statistics+on+Indian+States,2015,Office of the Registrar General (SRS),,2026-08-06
total-fertility-rate,Haryana,2016,2.3,"RBI Handbook of Statistics on Indian States, Table 6: State-wise Total Fertility Rate",https://www.rbi.org.in/Scripts/AnnualPublications.aspx?head=Handbook+of+Statistics+on+Indian+States,2016,Office of the Registrar General (SRS),,2026-08-06
total-fertility-rate,Haryana,2017,2.2,"RBI Handbook of Statistics on Indian States, Table 6: State-wise Total Fertility Rate",https://www.rbi.org.in/Scripts/AnnualPublications.aspx?head=Handbook+of+Statistics+on+Indian+States,2017,Office of the Registrar General (SRS),,2026-08-06
total-fertility-rate,Haryana,2018,2.2,"RBI Handbook of Statistics on Indian States, Table 6: State-wise Total Fertility Rate",https://www.rbi.org.in/Scripts/AnnualPublications.aspx?head=Handbook+of+Statistics+on+Indian+States,2018,Office of the Registrar General (SRS),,2026-08-06
total-fertility-rate,Haryana,2019,2.1,"RBI Handbook of Statistics on Indian States, Table 6: State-wise Total Fertility Rate",https://www.rbi.org.in/Scripts/AnnualPublications.aspx?head=Handbook+of+Statistics+on+Indian+States,2019,Office of the Registrar General (SRS),,2026-08-06
total-fertility-rate,Haryana,2020,2.0,"RBI Handbook of Statistics on Indian States, Table 6: State-wise Total Fertility Rate",https://www.rbi.org.in/Scripts/AnnualPublications.aspx?head=Handbook+of+Statistics+on+Indian+States,2020,Office of the Registrar General (SRS),,2026-08-06
total-fertility-rate,Haryana,2021,2.0,"RBI Handbook of Statistics on Indian States, Table 6: State-wise Total Fertility Rate",https://www.rbi.org.in/Scripts/AnnualPublications.aspx?head=Handbook+of+Statistics+on+Indian+States,2021,Office of the Registrar General (SRS),,2026-08-06
total-fertility-rate,Haryana,2022,2.0,"RBI Handbook of Statistics on Indian States, Table 6: State-wise Total Fertility Rate",https://www.rbi.org.in/Scripts/AnnualPublications.aspx?head=Handbook+of+Statistics+on+Indian+States,2022,Office of the Registrar General (SRS),,2026-08-06
total-fertility-rate,Haryana,2023,1.9,"RBI Handbook of Statistics on Indian States, Table 6: State-wise Total Fertility Rate",https://www.rbi.org.in/Scripts/AnnualPublications.aspx?head=Handbook+of+Statistics+on+Indian+States,2023,Office of the Registrar General (SRS),,2026-08-06
total-fertility-rate,Himachal Pradesh,2012,1.7,"RBI Handbook of Statistics on Indian States, Table 6: State-wise Total Fertility Rate",https://www.rbi.org.in/Scripts/AnnualPublications.aspx?head=Handbook+of+Statistics+on+Indian+States,2012,Office of the Registrar General (SRS),,2026-08-06
total-fertility-rate,Himachal Pradesh,2013,1.7,"RBI Handbook of Statistics on Indian States, Table 6: State-wise Total Fertility Rate",https://www.rbi.org.in/Scripts/AnnualPublications.aspx?head=Handbook+of+Statistics+on+Indian+States,2013,Office of the Registrar General (SRS),,2026-08-06
total-fertility-rate,Himachal Pradesh,2014,1.7,"RBI Handbook of Statistics on Indian States, Table 6: State-wise Total Fertility Rate",https://www.rbi.org.in/Scripts/AnnualPublications.aspx?head=Handbook+of+Statistics+on+Indian+States,2014,Office of the Registrar General (SRS),,2026-08-06
total-fertility-rate,Himachal Pradesh,2015,1.7,"RBI Handbook of Statistics on Indian States, Table 6: State-wise Total Fertility Rate",https://www.rbi.org.in/Scripts/AnnualPublications.aspx?head=Handbook+of+Statistics+on+Indian+States,2015,Office of the Registrar General (SRS),,2026-08-06
total-fertility-rate,Himachal Pradesh,2016,1.7,"RBI Handbook of Statistics on Indian States, Table 6: State-wise Total Fertility Rate",https://www.rbi.org.in/Scripts/AnnualPublications.aspx?head=Handbook+of+Statistics+on+Indian+States,2016,Office of the Registrar General (SRS),,2026-08-06
total-fertility-rate,Himachal Pradesh,2017,1.6,"RBI Handbook of Statistics on Indian States, Table 6: State-wise Total Fertility Rate",https://www.rbi.org.in/Scripts/AnnualPublications.aspx?head=Handbook+of+Statistics+on+Indian+States,2017,Office of the Registrar General (SRS),,2026-08-06
total-fertility-rate,Himachal Pradesh,2018,1.6,"RBI Handbook of Statistics on Indian States, Table 6: State-wise Total Fertility Rate",https://www.rbi.org.in/Scripts/AnnualPublications.aspx?head=Handbook+of+Statistics+on+Indian+States,2018,Office of the Registrar General (SRS),,2026-08-06
total-fertility-rate,Himachal Pradesh,2019,1.6,"RBI Handbook of Statistics on Indian States, Table 6: State-wise Total Fertility Rate",https://www.rbi.org.in/Scripts/AnnualPublications.aspx?head=Handbook+of+Statistics+on+Indian+States,2019,Office of the Registrar General (SRS),,2026-08-06
total-fertility-rate,Himachal Pradesh,2020,1.5,"RBI Handbook of Statistics on Indian States, Table 6: State-wise Total Fertility Rate",https://www.rbi.org.in/Scripts/AnnualPublications.aspx?head=Handbook+of+Statistics+on+Indian+States,2020,Office of the Registrar General (SRS),,2026-08-06
total-fertility-rate,Himachal Pradesh,2021,1.6,"RBI Handbook of Statistics on Indian States, Table 6: State-wise Total Fertility Rate",https://www.rbi.org.in/Scripts/AnnualPublications.aspx?head=Handbook+of+Statistics+on+Indian+States,2021,Office of the Registrar General (SRS),,2026-08-06
total-fertility-rate,Himachal Pradesh,2022,1.5,"RBI Handbook of Statistics on Indian States, Table 6: State-wise Total Fertility Rate",https://www.rbi.org.in/Scripts/AnnualPublications.aspx?head=Handbook+of+Statistics+on+Indian+States,2022,Office of the Registrar General (SRS),,2026-08-06
total-fertility-rate,Himachal Pradesh,2023,1.6,"RBI Handbook of Statistics on Indian States, Table 6: State-wise Total Fertility Rate",https://www.rbi.org.in/Scripts/AnnualPublications.aspx?head=Handbook+of+Statistics+on+Indian+States,2023,Office of the Registrar General (SRS),,2026-08-06
total-fertility-rate,Jammu and Kashmir,2012,1.9,"RBI Handbook of Statistics on Indian States, Table 6: State-wise Total Fertility Rate",https://www.rbi.org.in/Scripts/AnnualPublications.aspx?head=Handbook+of+Statistics+on+Indian+States,2012,Office of the Registrar General (SRS),,2026-08-06
total-fertility-rate,Jammu and Kashmir,2013,1.9,"RBI Handbook of Statistics on Indian States, Table 6: State-wise Total Fertility Rate",https://www.rbi.org.in/Scripts/AnnualPublications.aspx?head=Handbook+of+Statistics+on+Indian+States,2013,Office of the Registrar General (SRS),,2026-08-06
total-fertility-rate,Jammu and Kashmir,2014,1.7,"RBI Handbook of Statistics on Indian States, Table 6: State-wise Total Fertility Rate",https://www.rbi.org.in/Scripts/AnnualPublications.aspx?head=Handbook+of+Statistics+on+Indian+States,2014,Office of the Registrar General (SRS),,2026-08-06
total-fertility-rate,Jammu and Kashmir,2015,1.6,"RBI Handbook of Statistics on Indian States, Table 6: State-wise Total Fertility Rate",https://www.rbi.org.in/Scripts/AnnualPublications.aspx?head=Handbook+of+Statistics+on+Indian+States,2015,Office of the Registrar General (SRS),,2026-08-06
total-fertility-rate,Jammu and Kashmir,2016,1.7,"RBI Handbook of Statistics on Indian States, Table 6: State-wise Total Fertility Rate",https://www.rbi.org.in/Scripts/AnnualPublications.aspx?head=Handbook+of+Statistics+on+Indian+States,2016,Office of the Registrar General (SRS),,2026-08-06
total-fertility-rate,Jammu and Kashmir,2017,1.6,"RBI Handbook of Statistics on Indian States, Table 6: State-wise Total Fertility Rate",https://www.rbi.org.in/Scripts/AnnualPublications.aspx?head=Handbook+of+Statistics+on+Indian+States,2017,Office of the Registrar General (SRS),,2026-08-06
total-fertility-rate,Jammu and Kashmir,2018,1.6,"RBI Handbook of Statistics on Indian States, Table 6: State-wise Total Fertility Rate",https://www.rbi.org.in/Scripts/AnnualPublications.aspx?head=Handbook+of+Statistics+on+Indian+States,2018,Office of the Registrar General (SRS),,2026-08-06
total-fertility-rate,Jammu and Kashmir,2019,1.5,"RBI Handbook of Statistics on Indian States, Table 6: State-wise Total Fertility Rate",https://www.rbi.org.in/Scripts/AnnualPublications.aspx?head=Handbook+of+Statistics+on+Indian+States,2019,Office of the Registrar General (SRS),,2026-08-06
total-fertility-rate,Jammu and Kashmir,2020,1.5,"RBI Handbook of Statistics on Indian States, Table 6: State-wise Total Fertility Rate",https://www.rbi.org.in/Scripts/AnnualPublications.aspx?head=Handbook+of+Statistics+on+Indian+States,2020,Office of the Registrar General (SRS),,2026-08-06
total-fertility-rate,Jammu and Kashmir,2021,1.5,"RBI Handbook of Statistics on Indian States, Table 6: State-wise Total Fertility Rate",https://www.rbi.org.in/Scripts/AnnualPublications.aspx?head=Handbook+of+Statistics+on+Indian+States,2021,Office of the Registrar General (SRS),,2026-08-06
total-fertility-rate,Jammu and Kashmir,2022,1.6,"RBI Handbook of Statistics on Indian States, Table 6: State-wise Total Fertility Rate",https://www.rbi.org.in/Scripts/AnnualPublications.aspx?head=Handbook+of+Statistics+on+Indian+States,2022,Office of the Registrar General (SRS),,2026-08-06
total-fertility-rate,Jammu and Kashmir,2023,1.5,"RBI Handbook of Statistics on Indian States, Table 6: State-wise Total Fertility Rate",https://www.rbi.org.in/Scripts/AnnualPublications.aspx?head=Handbook+of+Statistics+on+Indian+States,2023,Office of the Registrar General (SRS),,2026-08-06
total-fertility-rate,Jharkhand,2012,2.8,"RBI Handbook of Statistics on Indian States, Table 6: State-wise Total Fertility Rate",https://www.rbi.org.in/Scripts/AnnualPublications.aspx?head=Handbook+of+Statistics+on+Indian+States,2012,Office of the Registrar General (SRS),,2026-08-06
total-fertility-rate,Jharkhand,2013,2.7,"RBI Handbook of Statistics on Indian States, Table 6: State-wise Total Fertility Rate",https://www.rbi.org.in/Scripts/AnnualPublications.aspx?head=Handbook+of+Statistics+on+Indian+States,2013,Office of the Registrar General (SRS),,2026-08-06
total-fertility-rate,Jharkhand,2014,2.8,"RBI Handbook of Statistics on Indian States, Table 6: State-wise Total Fertility Rate",https://www.rbi.org.in/Scripts/AnnualPublications.aspx?head=Handbook+of+Statistics+on+Indian+States,2014,Office of the Registrar General (SRS),,2026-08-06
total-fertility-rate,Jharkhand,2015,2.7,"RBI Handbook of Statistics on Indian States, Table 6: State-wise Total Fertility Rate",https://www.rbi.org.in/Scripts/AnnualPublications.aspx?head=Handbook+of+Statistics+on+Indian+States,2015,Office of the Registrar General (SRS),,2026-08-06
total-fertility-rate,Jharkhand,2016,2.6,"RBI Handbook of Statistics on Indian States, Table 6: State-wise Total Fertility Rate",https://www.rbi.org.in/Scripts/AnnualPublications.aspx?head=Handbook+of+Statistics+on+Indian+States,2016,Office of the Registrar General (SRS),,2026-08-06
total-fertility-rate,Jharkhand,2017,2.5,"RBI Handbook of Statistics on Indian States, Table 6: State-wise Total Fertility Rate",https://www.rbi.org.in/Scripts/AnnualPublications.aspx?head=Handbook+of+Statistics+on+Indian+States,2017,Office of the Registrar General (SRS),,2026-08-06
total-fertility-rate,Jharkhand,2018,2.5,"RBI Handbook of Statistics on Indian States, Table 6: State-wise Total Fertility Rate",https://www.rbi.org.in/Scripts/AnnualPublications.aspx?head=Handbook+of+Statistics+on+Indian+States,2018,Office of the Registrar General (SRS),,2026-08-06
total-fertility-rate,Jharkhand,2019,2.4,"RBI Handbook of Statistics on Indian States, Table 6: State-wise Total Fertility Rate",https://www.rbi.org.in/Scripts/AnnualPublications.aspx?head=Handbook+of+Statistics+on+Indian+States,2019,Office of the Registrar General (SRS),,2026-08-06
total-fertility-rate,Jharkhand,2020,2.4,"RBI Handbook of Statistics on Indian States, Table 6: State-wise Total Fertility Rate",https://www.rbi.org.in/Scripts/AnnualPublications.aspx?head=Handbook+of+Statistics+on+Indian+States,2020,Office of the Registrar General (SRS),,2026-08-06
total-fertility-rate,Jharkhand,2021,2.3,"RBI Handbook of Statistics on Indian States, Table 6: State-wise Total Fertility Rate",https://www.rbi.org.in/Scripts/AnnualPublications.aspx?head=Handbook+of+Statistics+on+Indian+States,2021,Office of the Registrar General (SRS),,2026-08-06
total-fertility-rate,Jharkhand,2022,2.2,"RBI Handbook of Statistics on Indian States, Table 6: State-wise Total Fertility Rate",https://www.rbi.org.in/Scripts/AnnualPublications.aspx?head=Handbook+of+Statistics+on+Indian+States,2022,Office of the Registrar General (SRS),,2026-08-06
total-fertility-rate,Jharkhand,2023,2.1,"RBI Handbook of Statistics on Indian States, Table 6: State-wise Total Fertility Rate",https://www.rbi.org.in/Scripts/AnnualPublications.aspx?head=Handbook+of+Statistics+on+Indian+States,2023,Office of the Registrar General (SRS),,2026-08-06
total-fertility-rate,Karnataka,2012,1.9,"RBI Handbook of Statistics on Indian States, Table 6: State-wise Total Fertility Rate",https://www.rbi.org.in/Scripts/AnnualPublications.aspx?head=Handbook+of+Statistics+on+Indian+States,2012,Office of the Registrar General (SRS),,2026-08-06
total-fertility-rate,Karnataka,2013,1.9,"RBI Handbook of Statistics on Indian States, Table 6: State-wise Total Fertility Rate",https://www.rbi.org.in/Scripts/AnnualPublications.aspx?head=Handbook+of+Statistics+on+Indian+States,2013,Office of the Registrar General (SRS),,2026-08-06
total-fertility-rate,Karnataka,2014,1.8,"RBI Handbook of Statistics on Indian States, Table 6: State-wise Total Fertility Rate",https://www.rbi.org.in/Scripts/AnnualPublications.aspx?head=Handbook+of+Statistics+on+Indian+States,2014,Office of the Registrar General (SRS),,2026-08-06
total-fertility-rate,Karnataka,2015,1.8,"RBI Handbook of Statistics on Indian States, Table 6: State-wise Total Fertility Rate",https://www.rbi.org.in/Scripts/AnnualPublications.aspx?head=Handbook+of+Statistics+on+Indian+States,2015,Office of the Registrar General (SRS),,2026-08-06
total-fertility-rate,Karnataka,2016,1.8,"RBI Handbook of Statistics on Indian States, Table 6: State-wise Total Fertility Rate",https://www.rbi.org.in/Scripts/AnnualPublications.aspx?head=Handbook+of+Statistics+on+Indian+States,2016,Office of the Registrar General (SRS),,2026-08-06
total-fertility-rate,Karnataka,2017,1.7,"RBI Handbook of Statistics on Indian States, Table 6: State-wise Total Fertility Rate",https://www.rbi.org.in/Scripts/AnnualPublications.aspx?head=Handbook+of+Statistics+on+Indian+States,2017,Office of the Registrar General (SRS),,2026-08-06
total-fertility-rate,Karnataka,2018,1.7,"RBI Handbook of Statistics on Indian States, Table 6: State-wise Total Fertility Rate",https://www.rbi.org.in/Scripts/AnnualPublications.aspx?head=Handbook+of+Statistics+on+Indian+States,2018,Office of the Registrar General (SRS),,2026-08-06
total-fertility-rate,Karnataka,2019,1.7,"RBI Handbook of Statistics on Indian States, Table 6: State-wise Total Fertility Rate",https://www.rbi.org.in/Scripts/AnnualPublications.aspx?head=Handbook+of+Statistics+on+Indian+States,2019,Office of the Registrar General (SRS),,2026-08-06
total-fertility-rate,Karnataka,2020,1.6,"RBI Handbook of Statistics on Indian States, Table 6: State-wise Total Fertility Rate",https://www.rbi.org.in/Scripts/AnnualPublications.aspx?head=Handbook+of+Statistics+on+Indian+States,2020,Office of the Registrar General (SRS),,2026-08-06
total-fertility-rate,Karnataka,2021,1.6,"RBI Handbook of Statistics on Indian States, Table 6: State-wise Total Fertility Rate",https://www.rbi.org.in/Scripts/AnnualPublications.aspx?head=Handbook+of+Statistics+on+Indian+States,2021,Office of the Registrar General (SRS),,2026-08-06
total-fertility-rate,Karnataka,2022,1.6,"RBI Handbook of Statistics on Indian States, Table 6: State-wise Total Fertility Rate",https://www.rbi.org.in/Scripts/AnnualPublications.aspx?head=Handbook+of+Statistics+on+Indian+States,2022,Office of the Registrar General (SRS),,2026-08-06
total-fertility-rate,Karnataka,2023,1.5,"RBI Handbook of Statistics on Indian States, Table 6: State-wise Total Fertility Rate",https://www.rbi.org.in/Scripts/AnnualPublications.aspx?head=Handbook+of+Statistics+on+Indian+States,2023,Office of the Registrar General (SRS),,2026-08-06
total-fertility-rate,Kerala,2012,1.8,"RBI Handbook of Statistics on Indian States, Table 6: State-wise Total Fertility Rate",https://www.rbi.org.in/Scripts/AnnualPublications.aspx?head=Handbook+of+Statistics+on+Indian+States,2012,Office of the Registrar General (SRS),,2026-08-06
total-fertility-rate,Kerala,2013,1.8,"RBI Handbook of Statistics on Indian States, Table 6: State-wise Total Fertility Rate",https://www.rbi.org.in/Scripts/AnnualPublications.aspx?head=Handbook+of+Statistics+on+Indian+States,2013,Office of the Registrar General (SRS),,2026-08-06
total-fertility-rate,Kerala,2014,1.9,"RBI Handbook of Statistics on Indian States, Table 6: State-wise Total Fertility Rate",https://www.rbi.org.in/Scripts/AnnualPublications.aspx?head=Handbook+of+Statistics+on+Indian+States,2014,Office of the Registrar General (SRS),,2026-08-06
total-fertility-rate,Kerala,2015,1.8,"RBI Handbook of Statistics on Indian States, Table 6: State-wise Total Fertility Rate",https://www.rbi.org.in/Scripts/AnnualPublications.aspx?head=Handbook+of+Statistics+on+Indian+States,2015,Office of the Registrar General (SRS),,2026-08-06
total-fertility-rate,Kerala,2016,1.8,"RBI Handbook of Statistics on Indian States, Table 6: State-wise Total Fertility Rate",https://www.rbi.org.in/Scripts/AnnualPublications.aspx?head=Handbook+of+Statistics+on+Indian+States,2016,Office of the Registrar General (SRS),,2026-08-06
total-fertility-rate,Kerala,2017,1.7,"RBI Handbook of Statistics on Indian States, Table 6: State-wise Total Fertility Rate",https://www.rbi.org.in/Scripts/AnnualPublications.aspx?head=Handbook+of+Statistics+on+Indian+States,2017,Office of the Registrar General (SRS),,2026-08-06
total-fertility-rate,Kerala,2018,1.7,"RBI Handbook of Statistics on Indian States, Table 6: State-wise Total Fertility Rate",https://www.rbi.org.in/Scripts/AnnualPublications.aspx?head=Handbook+of+Statistics+on+Indian+States,2018,Office of the Registrar General (SRS),,2026-08-06
total-fertility-rate,Kerala,2019,1.6,"RBI Handbook of Statistics on Indian States, Table 6: State-wise Total Fertility Rate",https://www.rbi.org.in/Scripts/AnnualPublications.aspx?head=Handbook+of+Statistics+on+Indian+States,2019,Office of the Registrar General (SRS),,2026-08-06
total-fertility-rate,Kerala,2020,1.5,"RBI Handbook of Statistics on Indian States, Table 6: State-wise Total Fertility Rate",https://www.rbi.org.in/Scripts/AnnualPublications.aspx?head=Handbook+of+Statistics+on+Indian+States,2020,Office of the Registrar General (SRS),,2026-08-06
total-fertility-rate,Kerala,2021,1.5,"RBI Handbook of Statistics on Indian States, Table 6: State-wise Total Fertility Rate",https://www.rbi.org.in/Scripts/AnnualPublications.aspx?head=Handbook+of+Statistics+on+Indian+States,2021,Office of the Registrar General (SRS),,2026-08-06
total-fertility-rate,Kerala,2022,1.5,"RBI Handbook of Statistics on Indian States, Table 6: State-wise Total Fertility Rate",https://www.rbi.org.in/Scripts/AnnualPublications.aspx?head=Handbook+of+Statistics+on+Indian+States,2022,Office of the Registrar General (SRS),,2026-08-06
total-fertility-rate,Kerala,2023,1.5,"RBI Handbook of Statistics on Indian States, Table 6: State-wise Total Fertility Rate",https://www.rbi.org.in/Scripts/AnnualPublications.aspx?head=Handbook+of+Statistics+on+Indian+States,2023,Office of the Registrar General (SRS),,2026-08-06
total-fertility-rate,Madhya Pradesh,2012,2.9,"RBI Handbook of Statistics on Indian States, Table 6: State-wise Total Fertility Rate",https://www.rbi.org.in/Scripts/AnnualPublications.aspx?head=Handbook+of+Statistics+on+Indian+States,2012,Office of the Registrar General (SRS),,2026-08-06
total-fertility-rate,Madhya Pradesh,2013,2.9,"RBI Handbook of Statistics on Indian States, Table 6: State-wise Total Fertility Rate",https://www.rbi.org.in/Scripts/AnnualPublications.aspx?head=Handbook+of+Statistics+on+Indian+States,2013,Office of the Registrar General (SRS),,2026-08-06
total-fertility-rate,Madhya Pradesh,2014,2.8,"RBI Handbook of Statistics on Indian States, Table 6: State-wise Total Fertility Rate",https://www.rbi.org.in/Scripts/AnnualPublications.aspx?head=Handbook+of+Statistics+on+Indian+States,2014,Office of the Registrar General (SRS),,2026-08-06
total-fertility-rate,Madhya Pradesh,2015,2.8,"RBI Handbook of Statistics on Indian States, Table 6: State-wise Total Fertility Rate",https://www.rbi.org.in/Scripts/AnnualPublications.aspx?head=Handbook+of+Statistics+on+Indian+States,2015,Office of the Registrar General (SRS),,2026-08-06
total-fertility-rate,Madhya Pradesh,2016,2.8,"RBI Handbook of Statistics on Indian States, Table 6: State-wise Total Fertility Rate",https://www.rbi.org.in/Scripts/AnnualPublications.aspx?head=Handbook+of+Statistics+on+Indian+States,2016,Office of the Registrar General (SRS),,2026-08-06
total-fertility-rate,Madhya Pradesh,2017,2.7,"RBI Handbook of Statistics on Indian States, Table 6: State-wise Total Fertility Rate",https://www.rbi.org.in/Scripts/AnnualPublications.aspx?head=Handbook+of+Statistics+on+Indian+States,2017,Office of the Registrar General (SRS),,2026-08-06
total-fertility-rate,Madhya Pradesh,2018,2.7,"RBI Handbook of Statistics on Indian States, Table 6: State-wise Total Fertility Rate",https://www.rbi.org.in/Scripts/AnnualPublications.aspx?head=Handbook+of+Statistics+on+Indian+States,2018,Office of the Registrar General (SRS),,2026-08-06
total-fertility-rate,Madhya Pradesh,2019,2.7,"RBI Handbook of Statistics on Indian States, Table 6: State-wise Total Fertility Rate",https://www.rbi.org.in/Scripts/AnnualPublications.aspx?head=Handbook+of+Statistics+on+Indian+States,2019,Office of the Registrar General (SRS),,2026-08-06
total-fertility-rate,Madhya Pradesh,2020,2.6,"RBI Handbook of Statistics on Indian States, Table 6: State-wise Total Fertility Rate",https://www.rbi.org.in/Scripts/AnnualPublications.aspx?head=Handbook+of+Statistics+on+Indian+States,2020,Office of the Registrar General (SRS),,2026-08-06
total-fertility-rate,Madhya Pradesh,2021,2.6,"RBI Handbook of Statistics on Indian States, Table 6: State-wise Total Fertility Rate",https://www.rbi.org.in/Scripts/AnnualPublications.aspx?head=Handbook+of+Statistics+on+Indian+States,2021,Office of the Registrar General (SRS),,2026-08-06
total-fertility-rate,Madhya Pradesh,2022,2.5,"RBI Handbook of Statistics on Indian States, Table 6: State-wise Total Fertility Rate",https://www.rbi.org.in/Scripts/AnnualPublications.aspx?head=Handbook+of+Statistics+on+Indian+States,2022,Office of the Registrar General (SRS),,2026-08-06
total-fertility-rate,Madhya Pradesh,2023,2.4,"RBI Handbook of Statistics on Indian States, Table 6: State-wise Total Fertility Rate",https://www.rbi.org.in/Scripts/AnnualPublications.aspx?head=Handbook+of+Statistics+on+Indian+States,2023,Office of the Registrar General (SRS),,2026-08-06
total-fertility-rate,Maharashtra,2012,1.8,"RBI Handbook of Statistics on Indian States, Table 6: State-wise Total Fertility Rate",https://www.rbi.org.in/Scripts/AnnualPublications.aspx?head=Handbook+of+Statistics+on+Indian+States,2012,Office of the Registrar General (SRS),,2026-08-06
total-fertility-rate,Maharashtra,2013,1.8,"RBI Handbook of Statistics on Indian States, Table 6: State-wise Total Fertility Rate",https://www.rbi.org.in/Scripts/AnnualPublications.aspx?head=Handbook+of+Statistics+on+Indian+States,2013,Office of the Registrar General (SRS),,2026-08-06
total-fertility-rate,Maharashtra,2014,1.8,"RBI Handbook of Statistics on Indian States, Table 6: State-wise Total Fertility Rate",https://www.rbi.org.in/Scripts/AnnualPublications.aspx?head=Handbook+of+Statistics+on+Indian+States,2014,Office of the Registrar General (SRS),,2026-08-06
total-fertility-rate,Maharashtra,2015,1.8,"RBI Handbook of Statistics on Indian States, Table 6: State-wise Total Fertility Rate",https://www.rbi.org.in/Scripts/AnnualPublications.aspx?head=Handbook+of+Statistics+on+Indian+States,2015,Office of the Registrar General (SRS),,2026-08-06
total-fertility-rate,Maharashtra,2016,1.8,"RBI Handbook of Statistics on Indian States, Table 6: State-wise Total Fertility Rate",https://www.rbi.org.in/Scripts/AnnualPublications.aspx?head=Handbook+of+Statistics+on+Indian+States,2016,Office of the Registrar General (SRS),,2026-08-06
total-fertility-rate,Maharashtra,2017,1.7,"RBI Handbook of Statistics on Indian States, Table 6: State-wise Total Fertility Rate",https://www.rbi.org.in/Scripts/AnnualPublications.aspx?head=Handbook+of+Statistics+on+Indian+States,2017,Office of the Registrar General (SRS),,2026-08-06
total-fertility-rate,Maharashtra,2018,1.7,"RBI Handbook of Statistics on Indian States, Table 6: State-wise Total Fertility Rate",https://www.rbi.org.in/Scripts/AnnualPublications.aspx?head=Handbook+of+Statistics+on+Indian+States,2018,Office of the Registrar General (SRS),,2026-08-06
total-fertility-rate,Maharashtra,2019,1.6,"RBI Handbook of Statistics on Indian States, Table 6: State-wise Total Fertility Rate",https://www.rbi.org.in/Scripts/AnnualPublications.aspx?head=Handbook+of+Statistics+on+Indian+States,2019,Office of the Registrar General (SRS),,2026-08-06
total-fertility-rate,Maharashtra,2020,1.5,"RBI Handbook of Statistics on Indian States, Table 6: State-wise Total Fertility Rate",https://www.rbi.org.in/Scripts/AnnualPublications.aspx?head=Handbook+of+Statistics+on+Indian+States,2020,Office of the Registrar General (SRS),,2026-08-06
total-fertility-rate,Maharashtra,2021,1.5,"RBI Handbook of Statistics on Indian States, Table 6: State-wise Total Fertility Rate",https://www.rbi.org.in/Scripts/AnnualPublications.aspx?head=Handbook+of+Statistics+on+Indian+States,2021,Office of the Registrar General (SRS),,2026-08-06
total-fertility-rate,Maharashtra,2022,1.5,"RBI Handbook of Statistics on Indian States, Table 6: State-wise Total Fertility Rate",https://www.rbi.org.in/Scripts/AnnualPublications.aspx?head=Handbook+of+Statistics+on+Indian+States,2022,Office of the Registrar General (SRS),,2026-08-06
total-fertility-rate,Maharashtra,2023,1.4,"RBI Handbook of Statistics on Indian States, Table 6: State-wise Total Fertility Rate",https://www.rbi.org.in/Scripts/AnnualPublications.aspx?head=Handbook+of+Statistics+on+Indian+States,2023,Office of the Registrar General (SRS),,2026-08-06
total-fertility-rate,Odisha,2012,2.1,"RBI Handbook of Statistics on Indian States, Table 6: State-wise Total Fertility Rate",https://www.rbi.org.in/Scripts/AnnualPublications.aspx?head=Handbook+of+Statistics+on+Indian+States,2012,Office of the Registrar General (SRS),,2026-08-06
total-fertility-rate,Odisha,2013,2.1,"RBI Handbook of Statistics on Indian States, Table 6: State-wise Total Fertility Rate",https://www.rbi.org.in/Scripts/AnnualPublications.aspx?head=Handbook+of+Statistics+on+Indian+States,2013,Office of the Registrar General (SRS),,2026-08-06
total-fertility-rate,Odisha,2014,2.1,"RBI Handbook of Statistics on Indian States, Table 6: State-wise Total Fertility Rate",https://www.rbi.org.in/Scripts/AnnualPublications.aspx?head=Handbook+of+Statistics+on+Indian+States,2014,Office of the Registrar General (SRS),,2026-08-06
total-fertility-rate,Odisha,2015,2.0,"RBI Handbook of Statistics on Indian States, Table 6: State-wise Total Fertility Rate",https://www.rbi.org.in/Scripts/AnnualPublications.aspx?head=Handbook+of+Statistics+on+Indian+States,2015,Office of the Registrar General (SRS),,2026-08-06
total-fertility-rate,Odisha,2016,2.0,"RBI Handbook of Statistics on Indian States, Table 6: State-wise Total Fertility Rate",https://www.rbi.org.in/Scripts/AnnualPublications.aspx?head=Handbook+of+Statistics+on+Indian+States,2016,Office of the Registrar General (SRS),,2026-08-06
total-fertility-rate,Odisha,2017,1.9,"RBI Handbook of Statistics on Indian States, Table 6: State-wise Total Fertility Rate",https://www.rbi.org.in/Scripts/AnnualPublications.aspx?head=Handbook+of+Statistics+on+Indian+States,2017,Office of the Registrar General (SRS),,2026-08-06
total-fertility-rate,Odisha,2018,1.9,"RBI Handbook of Statistics on Indian States, Table 6: State-wise Total Fertility Rate",https://www.rbi.org.in/Scripts/AnnualPublications.aspx?head=Handbook+of+Statistics+on+Indian+States,2018,Office of the Registrar General (SRS),,2026-08-06
total-fertility-rate,Odisha,2019,1.8,"RBI Handbook of Statistics on Indian States, Table 6: State-wise Total Fertility Rate",https://www.rbi.org.in/Scripts/AnnualPublications.aspx?head=Handbook+of+Statistics+on+Indian+States,2019,Office of the Registrar General (SRS),,2026-08-06
total-fertility-rate,Odisha,2020,1.8,"RBI Handbook of Statistics on Indian States, Table 6: State-wise Total Fertility Rate",https://www.rbi.org.in/Scripts/AnnualPublications.aspx?head=Handbook+of+Statistics+on+Indian+States,2020,Office of the Registrar General (SRS),,2026-08-06
total-fertility-rate,Odisha,2021,1.8,"RBI Handbook of Statistics on Indian States, Table 6: State-wise Total Fertility Rate",https://www.rbi.org.in/Scripts/AnnualPublications.aspx?head=Handbook+of+Statistics+on+Indian+States,2021,Office of the Registrar General (SRS),,2026-08-06
total-fertility-rate,Odisha,2022,1.7,"RBI Handbook of Statistics on Indian States, Table 6: State-wise Total Fertility Rate",https://www.rbi.org.in/Scripts/AnnualPublications.aspx?head=Handbook+of+Statistics+on+Indian+States,2022,Office of the Registrar General (SRS),,2026-08-06
total-fertility-rate,Odisha,2023,1.7,"RBI Handbook of Statistics on Indian States, Table 6: State-wise Total Fertility Rate",https://www.rbi.org.in/Scripts/AnnualPublications.aspx?head=Handbook+of+Statistics+on+Indian+States,2023,Office of the Registrar General (SRS),,2026-08-06
total-fertility-rate,Punjab,2012,1.7,"RBI Handbook of Statistics on Indian States, Table 6: State-wise Total Fertility Rate",https://www.rbi.org.in/Scripts/AnnualPublications.aspx?head=Handbook+of+Statistics+on+Indian+States,2012,Office of the Registrar General (SRS),,2026-08-06
total-fertility-rate,Punjab,2013,1.7,"RBI Handbook of Statistics on Indian States, Table 6: State-wise Total Fertility Rate",https://www.rbi.org.in/Scripts/AnnualPublications.aspx?head=Handbook+of+Statistics+on+Indian+States,2013,Office of the Registrar General (SRS),,2026-08-06
total-fertility-rate,Punjab,2014,1.7,"RBI Handbook of Statistics on Indian States, Table 6: State-wise Total Fertility Rate",https://www.rbi.org.in/Scripts/AnnualPublications.aspx?head=Handbook+of+Statistics+on+Indian+States,2014,Office of the Registrar General (SRS),,2026-08-06
total-fertility-rate,Punjab,2015,1.7,"RBI Handbook of Statistics on Indian States, Table 6: State-wise Total Fertility Rate",https://www.rbi.org.in/Scripts/AnnualPublications.aspx?head=Handbook+of+Statistics+on+Indian+States,2015,Office of the Registrar General (SRS),,2026-08-06
total-fertility-rate,Punjab,2016,1.7,"RBI Handbook of Statistics on Indian States, Table 6: State-wise Total Fertility Rate",https://www.rbi.org.in/Scripts/AnnualPublications.aspx?head=Handbook+of+Statistics+on+Indian+States,2016,Office of the Registrar General (SRS),,2026-08-06
total-fertility-rate,Punjab,2017,1.6,"RBI Handbook of Statistics on Indian States, Table 6: State-wise Total Fertility Rate",https://www.rbi.org.in/Scripts/AnnualPublications.aspx?head=Handbook+of+Statistics+on+Indian+States,2017,Office of the Registrar General (SRS),,2026-08-06
total-fertility-rate,Punjab,2018,1.6,"RBI Handbook of Statistics on Indian States, Table 6: State-wise Total Fertility Rate",https://www.rbi.org.in/Scripts/AnnualPublications.aspx?head=Handbook+of+Statistics+on+Indian+States,2018,Office of the Registrar General (SRS),,2026-08-06
total-fertility-rate,Punjab,2019,1.5,"RBI Handbook of Statistics on Indian States, Table 6: State-wise Total Fertility Rate",https://www.rbi.org.in/Scripts/AnnualPublications.aspx?head=Handbook+of+Statistics+on+Indian+States,2019,Office of the Registrar General (SRS),,2026-08-06
total-fertility-rate,Punjab,2020,1.5,"RBI Handbook of Statistics on Indian States, Table 6: State-wise Total Fertility Rate",https://www.rbi.org.in/Scripts/AnnualPublications.aspx?head=Handbook+of+Statistics+on+Indian+States,2020,Office of the Registrar General (SRS),,2026-08-06
total-fertility-rate,Punjab,2021,1.5,"RBI Handbook of Statistics on Indian States, Table 6: State-wise Total Fertility Rate",https://www.rbi.org.in/Scripts/AnnualPublications.aspx?head=Handbook+of+Statistics+on+Indian+States,2021,Office of the Registrar General (SRS),,2026-08-06
total-fertility-rate,Punjab,2022,1.5,"RBI Handbook of Statistics on Indian States, Table 6: State-wise Total Fertility Rate",https://www.rbi.org.in/Scripts/AnnualPublications.aspx?head=Handbook+of+Statistics+on+Indian+States,2022,Office of the Registrar General (SRS),,2026-08-06
total-fertility-rate,Punjab,2023,1.5,"RBI Handbook of Statistics on Indian States, Table 6: State-wise Total Fertility Rate",https://www.rbi.org.in/Scripts/AnnualPublications.aspx?head=Handbook+of+Statistics+on+Indian+States,2023,Office of the Registrar General (SRS),,2026-08-06
total-fertility-rate,Rajasthan,2012,2.9,"RBI Handbook of Statistics on Indian States, Table 6: State-wise Total Fertility Rate",https://www.rbi.org.in/Scripts/AnnualPublications.aspx?head=Handbook+of+Statistics+on+Indian+States,2012,Office of the Registrar General (SRS),,2026-08-06
total-fertility-rate,Rajasthan,2013,2.8,"RBI Handbook of Statistics on Indian States, Table 6: State-wise Total Fertility Rate",https://www.rbi.org.in/Scripts/AnnualPublications.aspx?head=Handbook+of+Statistics+on+Indian+States,2013,Office of the Registrar General (SRS),,2026-08-06
total-fertility-rate,Rajasthan,2014,2.8,"RBI Handbook of Statistics on Indian States, Table 6: State-wise Total Fertility Rate",https://www.rbi.org.in/Scripts/AnnualPublications.aspx?head=Handbook+of+Statistics+on+Indian+States,2014,Office of the Registrar General (SRS),,2026-08-06
total-fertility-rate,Rajasthan,2015,2.7,"RBI Handbook of Statistics on Indian States, Table 6: State-wise Total Fertility Rate",https://www.rbi.org.in/Scripts/AnnualPublications.aspx?head=Handbook+of+Statistics+on+Indian+States,2015,Office of the Registrar General (SRS),,2026-08-06
total-fertility-rate,Rajasthan,2016,2.7,"RBI Handbook of Statistics on Indian States, Table 6: State-wise Total Fertility Rate",https://www.rbi.org.in/Scripts/AnnualPublications.aspx?head=Handbook+of+Statistics+on+Indian+States,2016,Office of the Registrar General (SRS),,2026-08-06
total-fertility-rate,Rajasthan,2017,2.6,"RBI Handbook of Statistics on Indian States, Table 6: State-wise Total Fertility Rate",https://www.rbi.org.in/Scripts/AnnualPublications.aspx?head=Handbook+of+Statistics+on+Indian+States,2017,Office of the Registrar General (SRS),,2026-08-06
total-fertility-rate,Rajasthan,2018,2.5,"RBI Handbook of Statistics on Indian States, Table 6: State-wise Total Fertility Rate",https://www.rbi.org.in/Scripts/AnnualPublications.aspx?head=Handbook+of+Statistics+on+Indian+States,2018,Office of the Registrar General (SRS),,2026-08-06
total-fertility-rate,Rajasthan,2019,2.5,"RBI Handbook of Statistics on Indian States, Table 6: State-wise Total Fertility Rate",https://www.rbi.org.in/Scripts/AnnualPublications.aspx?head=Handbook+of+Statistics+on+Indian+States,2019,Office of the Registrar General (SRS),,2026-08-06
total-fertility-rate,Rajasthan,2020,2.4,"RBI Handbook of Statistics on Indian States, Table 6: State-wise Total Fertility Rate",https://www.rbi.org.in/Scripts/AnnualPublications.aspx?head=Handbook+of+Statistics+on+Indian+States,2020,Office of the Registrar General (SRS),,2026-08-06
total-fertility-rate,Rajasthan,2021,2.4,"RBI Handbook of Statistics on Indian States, Table 6: State-wise Total Fertility Rate",https://www.rbi.org.in/Scripts/AnnualPublications.aspx?head=Handbook+of+Statistics+on+Indian+States,2021,Office of the Registrar General (SRS),,2026-08-06
total-fertility-rate,Rajasthan,2022,2.5,"RBI Handbook of Statistics on Indian States, Table 6: State-wise Total Fertility Rate",https://www.rbi.org.in/Scripts/AnnualPublications.aspx?head=Handbook+of+Statistics+on+Indian+States,2022,Office of the Registrar General (SRS),,2026-08-06
total-fertility-rate,Rajasthan,2023,2.3,"RBI Handbook of Statistics on Indian States, Table 6: State-wise Total Fertility Rate",https://www.rbi.org.in/Scripts/AnnualPublications.aspx?head=Handbook+of+Statistics+on+Indian+States,2023,Office of the Registrar General (SRS),,2026-08-06
total-fertility-rate,Tamil Nadu,2012,1.7,"RBI Handbook of Statistics on Indian States, Table 6: State-wise Total Fertility Rate",https://www.rbi.org.in/Scripts/AnnualPublications.aspx?head=Handbook+of+Statistics+on+Indian+States,2012,Office of the Registrar General (SRS),,2026-08-06
total-fertility-rate,Tamil Nadu,2013,1.7,"RBI Handbook of Statistics on Indian States, Table 6: State-wise Total Fertility Rate",https://www.rbi.org.in/Scripts/AnnualPublications.aspx?head=Handbook+of+Statistics+on+Indian+States,2013,Office of the Registrar General (SRS),,2026-08-06
total-fertility-rate,Tamil Nadu,2014,1.7,"RBI Handbook of Statistics on Indian States, Table 6: State-wise Total Fertility Rate",https://www.rbi.org.in/Scripts/AnnualPublications.aspx?head=Handbook+of+Statistics+on+Indian+States,2014,Office of the Registrar General (SRS),,2026-08-06
total-fertility-rate,Tamil Nadu,2015,1.6,"RBI Handbook of Statistics on Indian States, Table 6: State-wise Total Fertility Rate",https://www.rbi.org.in/Scripts/AnnualPublications.aspx?head=Handbook+of+Statistics+on+Indian+States,2015,Office of the Registrar General (SRS),,2026-08-06
total-fertility-rate,Tamil Nadu,2016,1.6,"RBI Handbook of Statistics on Indian States, Table 6: State-wise Total Fertility Rate",https://www.rbi.org.in/Scripts/AnnualPublications.aspx?head=Handbook+of+Statistics+on+Indian+States,2016,Office of the Registrar General (SRS),,2026-08-06
total-fertility-rate,Tamil Nadu,2017,1.6,"RBI Handbook of Statistics on Indian States, Table 6: State-wise Total Fertility Rate",https://www.rbi.org.in/Scripts/AnnualPublications.aspx?head=Handbook+of+Statistics+on+Indian+States,2017,Office of the Registrar General (SRS),,2026-08-06
total-fertility-rate,Tamil Nadu,2018,1.6,"RBI Handbook of Statistics on Indian States, Table 6: State-wise Total Fertility Rate",https://www.rbi.org.in/Scripts/AnnualPublications.aspx?head=Handbook+of+Statistics+on+Indian+States,2018,Office of the Registrar General (SRS),,2026-08-06
total-fertility-rate,Tamil Nadu,2019,1.5,"RBI Handbook of Statistics on Indian States, Table 6: State-wise Total Fertility Rate",https://www.rbi.org.in/Scripts/AnnualPublications.aspx?head=Handbook+of+Statistics+on+Indian+States,2019,Office of the Registrar General (SRS),,2026-08-06
total-fertility-rate,Tamil Nadu,2020,1.4,"RBI Handbook of Statistics on Indian States, Table 6: State-wise Total Fertility Rate",https://www.rbi.org.in/Scripts/AnnualPublications.aspx?head=Handbook+of+Statistics+on+Indian+States,2020,Office of the Registrar General (SRS),,2026-08-06
total-fertility-rate,Tamil Nadu,2021,1.5,"RBI Handbook of Statistics on Indian States, Table 6: State-wise Total Fertility Rate",https://www.rbi.org.in/Scripts/AnnualPublications.aspx?head=Handbook+of+Statistics+on+Indian+States,2021,Office of the Registrar General (SRS),,2026-08-06
total-fertility-rate,Tamil Nadu,2022,1.3,"RBI Handbook of Statistics on Indian States, Table 6: State-wise Total Fertility Rate",https://www.rbi.org.in/Scripts/AnnualPublications.aspx?head=Handbook+of+Statistics+on+Indian+States,2022,Office of the Registrar General (SRS),,2026-08-06
total-fertility-rate,Tamil Nadu,2023,1.3,"RBI Handbook of Statistics on Indian States, Table 6: State-wise Total Fertility Rate",https://www.rbi.org.in/Scripts/AnnualPublications.aspx?head=Handbook+of+Statistics+on+Indian+States,2023,Office of the Registrar General (SRS),,2026-08-06
total-fertility-rate,Telangana,2014,1.8,"RBI Handbook of Statistics on Indian States, Table 6: State-wise Total Fertility Rate",https://www.rbi.org.in/Scripts/AnnualPublications.aspx?head=Handbook+of+Statistics+on+Indian+States,2014,Office of the Registrar General (SRS),,2026-08-06
total-fertility-rate,Telangana,2015,1.8,"RBI Handbook of Statistics on Indian States, Table 6: State-wise Total Fertility Rate",https://www.rbi.org.in/Scripts/AnnualPublications.aspx?head=Handbook+of+Statistics+on+Indian+States,2015,Office of the Registrar General (SRS),,2026-08-06
total-fertility-rate,Telangana,2016,1.7,"RBI Handbook of Statistics on Indian States, Table 6: State-wise Total Fertility Rate",https://www.rbi.org.in/Scripts/AnnualPublications.aspx?head=Handbook+of+Statistics+on+Indian+States,2016,Office of the Registrar General (SRS),,2026-08-06
total-fertility-rate,Telangana,2017,1.7,"RBI Handbook of Statistics on Indian States, Table 6: State-wise Total Fertility Rate",https://www.rbi.org.in/Scripts/AnnualPublications.aspx?head=Handbook+of+Statistics+on+Indian+States,2017,Office of the Registrar General (SRS),,2026-08-06
total-fertility-rate,Telangana,2018,1.6,"RBI Handbook of Statistics on Indian States, Table 6: State-wise Total Fertility Rate",https://www.rbi.org.in/Scripts/AnnualPublications.aspx?head=Handbook+of+Statistics+on+Indian+States,2018,Office of the Registrar General (SRS),,2026-08-06
total-fertility-rate,Telangana,2019,1.6,"RBI Handbook of Statistics on Indian States, Table 6: State-wise Total Fertility Rate",https://www.rbi.org.in/Scripts/AnnualPublications.aspx?head=Handbook+of+Statistics+on+Indian+States,2019,Office of the Registrar General (SRS),,2026-08-06
total-fertility-rate,Telangana,2020,1.5,"RBI Handbook of Statistics on Indian States, Table 6: State-wise Total Fertility Rate",https://www.rbi.org.in/Scripts/AnnualPublications.aspx?head=Handbook+of+Statistics+on+Indian+States,2020,Office of the Registrar General (SRS),,2026-08-06
total-fertility-rate,Telangana,2021,1.6,"RBI Handbook of Statistics on Indian States, Table 6: State-wise Total Fertility Rate",https://www.rbi.org.in/Scripts/AnnualPublications.aspx?head=Handbook+of+Statistics+on+Indian+States,2021,Office of the Registrar General (SRS),,2026-08-06
total-fertility-rate,Telangana,2022,1.6,"RBI Handbook of Statistics on Indian States, Table 6: State-wise Total Fertility Rate",https://www.rbi.org.in/Scripts/AnnualPublications.aspx?head=Handbook+of+Statistics+on+Indian+States,2022,Office of the Registrar General (SRS),,2026-08-06
total-fertility-rate,Telangana,2023,1.5,"RBI Handbook of Statistics on Indian States, Table 6: State-wise Total Fertility Rate",https://www.rbi.org.in/Scripts/AnnualPublications.aspx?head=Handbook+of+Statistics+on+Indian+States,2023,Office of the Registrar General (SRS),,2026-08-06
total-fertility-rate,Uttar Pradesh,2012,3.3,"RBI Handbook of Statistics on Indian States, Table 6: State-wise Total Fertility Rate",https://www.rbi.org.in/Scripts/AnnualPublications.aspx?head=Handbook+of+Statistics+on+Indian+States,2012,Office of the Registrar General (SRS),,2026-08-06
total-fertility-rate,Uttar Pradesh,2013,3.1,"RBI Handbook of Statistics on Indian States, Table 6: State-wise Total Fertility Rate",https://www.rbi.org.in/Scripts/AnnualPublications.aspx?head=Handbook+of+Statistics+on+Indian+States,2013,Office of the Registrar General (SRS),,2026-08-06
total-fertility-rate,Uttar Pradesh,2014,3.2,"RBI Handbook of Statistics on Indian States, Table 6: State-wise Total Fertility Rate",https://www.rbi.org.in/Scripts/AnnualPublications.aspx?head=Handbook+of+Statistics+on+Indian+States,2014,Office of the Registrar General (SRS),,2026-08-06
total-fertility-rate,Uttar Pradesh,2015,3.1,"RBI Handbook of Statistics on Indian States, Table 6: State-wise Total Fertility Rate",https://www.rbi.org.in/Scripts/AnnualPublications.aspx?head=Handbook+of+Statistics+on+Indian+States,2015,Office of the Registrar General (SRS),,2026-08-06
total-fertility-rate,Uttar Pradesh,2016,3.1,"RBI Handbook of Statistics on Indian States, Table 6: State-wise Total Fertility Rate",https://www.rbi.org.in/Scripts/AnnualPublications.aspx?head=Handbook+of+Statistics+on+Indian+States,2016,Office of the Registrar General (SRS),,2026-08-06
total-fertility-rate,Uttar Pradesh,2017,3.0,"RBI Handbook of Statistics on Indian States, Table 6: State-wise Total Fertility Rate",https://www.rbi.org.in/Scripts/AnnualPublications.aspx?head=Handbook+of+Statistics+on+Indian+States,2017,Office of the Registrar General (SRS),,2026-08-06
total-fertility-rate,Uttar Pradesh,2018,2.9,"RBI Handbook of Statistics on Indian States, Table 6: State-wise Total Fertility Rate",https://www.rbi.org.in/Scripts/AnnualPublications.aspx?head=Handbook+of+Statistics+on+Indian+States,2018,Office of the Registrar General (SRS),,2026-08-06
total-fertility-rate,Uttar Pradesh,2019,2.9,"RBI Handbook of Statistics on Indian States, Table 6: State-wise Total Fertility Rate",https://www.rbi.org.in/Scripts/AnnualPublications.aspx?head=Handbook+of+Statistics+on+Indian+States,2019,Office of the Registrar General (SRS),,2026-08-06
total-fertility-rate,Uttar Pradesh,2020,2.7,"RBI Handbook of Statistics on Indian States, Table 6: State-wise Total Fertility Rate",https://www.rbi.org.in/Scripts/AnnualPublications.aspx?head=Handbook+of+Statistics+on+Indian+States,2020,Office of the Registrar General (SRS),,2026-08-06
total-fertility-rate,Uttar Pradesh,2021,2.7,"RBI Handbook of Statistics on Indian States, Table 6: State-wise Total Fertility Rate",https://www.rbi.org.in/Scripts/AnnualPublications.aspx?head=Handbook+of+Statistics+on+Indian+States,2021,Office of the Registrar General (SRS),,2026-08-06
total-fertility-rate,Uttar Pradesh,2022,2.6,"RBI Handbook of Statistics on Indian States, Table 6: State-wise Total Fertility Rate",https://www.rbi.org.in/Scripts/AnnualPublications.aspx?head=Handbook+of+Statistics+on+Indian+States,2022,Office of the Registrar General (SRS),,2026-08-06
total-fertility-rate,Uttar Pradesh,2023,2.6,"RBI Handbook of Statistics on Indian States, Table 6: State-wise Total Fertility Rate",https://www.rbi.org.in/Scripts/AnnualPublications.aspx?head=Handbook+of+Statistics+on+Indian+States,2023,Office of the Registrar General (SRS),,2026-08-06
total-fertility-rate,Uttarakhand,2014,2.0,"RBI Handbook of Statistics on Indian States, Table 6: State-wise Total Fertility Rate",https://www.rbi.org.in/Scripts/AnnualPublications.aspx?head=Handbook+of+Statistics+on+Indian+States,2014,Office of the Registrar General (SRS),,2026-08-06
total-fertility-rate,Uttarakhand,2015,2.0,"RBI Handbook of Statistics on Indian States, Table 6: State-wise Total Fertility Rate",https://www.rbi.org.in/Scripts/AnnualPublications.aspx?head=Handbook+of+Statistics+on+Indian+States,2015,Office of the Registrar General (SRS),,2026-08-06
total-fertility-rate,Uttarakhand,2016,1.9,"RBI Handbook of Statistics on Indian States, Table 6: State-wise Total Fertility Rate",https://www.rbi.org.in/Scripts/AnnualPublications.aspx?head=Handbook+of+Statistics+on+Indian+States,2016,Office of the Registrar General (SRS),,2026-08-06
total-fertility-rate,Uttarakhand,2017,1.9,"RBI Handbook of Statistics on Indian States, Table 6: State-wise Total Fertility Rate",https://www.rbi.org.in/Scripts/AnnualPublications.aspx?head=Handbook+of+Statistics+on+Indian+States,2017,Office of the Registrar General (SRS),,2026-08-06
total-fertility-rate,Uttarakhand,2018,1.8,"RBI Handbook of Statistics on Indian States, Table 6: State-wise Total Fertility Rate",https://www.rbi.org.in/Scripts/AnnualPublications.aspx?head=Handbook+of+Statistics+on+Indian+States,2018,Office of the Registrar General (SRS),,2026-08-06
total-fertility-rate,Uttarakhand,2019,1.9,"RBI Handbook of Statistics on Indian States, Table 6: State-wise Total Fertility Rate",https://www.rbi.org.in/Scripts/AnnualPublications.aspx?head=Handbook+of+Statistics+on+Indian+States,2019,Office of the Registrar General (SRS),,2026-08-06
total-fertility-rate,Uttarakhand,2020,1.8,"RBI Handbook of Statistics on Indian States, Table 6: State-wise Total Fertility Rate",https://www.rbi.org.in/Scripts/AnnualPublications.aspx?head=Handbook+of+Statistics+on+Indian+States,2020,Office of the Registrar General (SRS),,2026-08-06
total-fertility-rate,Uttarakhand,2021,1.8,"RBI Handbook of Statistics on Indian States, Table 6: State-wise Total Fertility Rate",https://www.rbi.org.in/Scripts/AnnualPublications.aspx?head=Handbook+of+Statistics+on+Indian+States,2021,Office of the Registrar General (SRS),,2026-08-06
total-fertility-rate,Uttarakhand,2022,1.8,"RBI Handbook of Statistics on Indian States, Table 6: State-wise Total Fertility Rate",https://www.rbi.org.in/Scripts/AnnualPublications.aspx?head=Handbook+of+Statistics+on+Indian+States,2022,Office of the Registrar General (SRS),,2026-08-06
total-fertility-rate,Uttarakhand,2023,1.7,"RBI Handbook of Statistics on Indian States, Table 6: State-wise Total Fertility Rate",https://www.rbi.org.in/Scripts/AnnualPublications.aspx?head=Handbook+of+Statistics+on+Indian+States,2023,Office of the Registrar General (SRS),,2026-08-06
total-fertility-rate,West Bengal,2012,1.7,"RBI Handbook of Statistics on Indian States, Table 6: State-wise Total Fertility Rate",https://www.rbi.org.in/Scripts/AnnualPublications.aspx?head=Handbook+of+Statistics+on+Indian+States,2012,Office of the Registrar General (SRS),,2026-08-06
total-fertility-rate,West Bengal,2013,1.6,"RBI Handbook of Statistics on Indian States, Table 6: State-wise Total Fertility Rate",https://www.rbi.org.in/Scripts/AnnualPublications.aspx?head=Handbook+of+Statistics+on+Indian+States,2013,Office of the Registrar General (SRS),,2026-08-06
total-fertility-rate,West Bengal,2014,1.6,"RBI Handbook of Statistics on Indian States, Table 6: State-wise Total Fertility Rate",https://www.rbi.org.in/Scripts/AnnualPublications.aspx?head=Handbook+of+Statistics+on+Indian+States,2014,Office of the Registrar General (SRS),,2026-08-06
total-fertility-rate,West Bengal,2015,1.6,"RBI Handbook of Statistics on Indian States, Table 6: State-wise Total Fertility Rate",https://www.rbi.org.in/Scripts/AnnualPublications.aspx?head=Handbook+of+Statistics+on+Indian+States,2015,Office of the Registrar General (SRS),,2026-08-06
total-fertility-rate,West Bengal,2016,1.6,"RBI Handbook of Statistics on Indian States, Table 6: State-wise Total Fertility Rate",https://www.rbi.org.in/Scripts/AnnualPublications.aspx?head=Handbook+of+Statistics+on+Indian+States,2016,Office of the Registrar General (SRS),,2026-08-06
total-fertility-rate,West Bengal,2017,1.6,"RBI Handbook of Statistics on Indian States, Table 6: State-wise Total Fertility Rate",https://www.rbi.org.in/Scripts/AnnualPublications.aspx?head=Handbook+of+Statistics+on+Indian+States,2017,Office of the Registrar General (SRS),,2026-08-06
total-fertility-rate,West Bengal,2018,1.5,"RBI Handbook of Statistics on Indian States, Table 6: State-wise Total Fertility Rate",https://www.rbi.org.in/Scripts/AnnualPublications.aspx?head=Handbook+of+Statistics+on+Indian+States,2018,Office of the Registrar General (SRS),,2026-08-06
total-fertility-rate,West Bengal,2019,1.5,"RBI Handbook of Statistics on Indian States, Table 6: State-wise Total Fertility Rate",https://www.rbi.org.in/Scripts/AnnualPublications.aspx?head=Handbook+of+Statistics+on+Indian+States,2019,Office of the Registrar General (SRS),,2026-08-06
total-fertility-rate,West Bengal,2020,1.4,"RBI Handbook of Statistics on Indian States, Table 6: State-wise Total Fertility Rate",https://www.rbi.org.in/Scripts/AnnualPublications.aspx?head=Handbook+of+Statistics+on+Indian+States,2020,Office of the Registrar General (SRS),,2026-08-06
total-fertility-rate,West Bengal,2021,1.4,"RBI Handbook of Statistics on Indian States, Table 6: State-wise Total Fertility Rate",https://www.rbi.org.in/Scripts/AnnualPublications.aspx?head=Handbook+of+Statistics+on+Indian+States,2021,Office of the Registrar General (SRS),,2026-08-06
total-fertility-rate,West Bengal,2022,1.4,"RBI Handbook of Statistics on Indian States, Table 6: State-wise Total Fertility Rate",https://www.rbi.org.in/Scripts/AnnualPublications.aspx?head=Handbook+of+Statistics+on+Indian+States,2022,Office of the Registrar General (SRS),,2026-08-06
total-fertility-rate,West Bengal,2023,1.3,"RBI Handbook of Statistics on Indian States, Table 6: State-wise Total Fertility Rate",https://www.rbi.org.in/Scripts/AnnualPublications.aspx?head=Handbook+of+Statistics+on+Indian+States,2023,Office of the Registrar General (SRS),,2026-08-06
total-fertility-rate,India,2012,2.4,"RBI Handbook of Statistics on Indian States, Table 6: State-wise Total Fertility Rate",https://www.rbi.org.in/Scripts/AnnualPublications.aspx?head=Handbook+of+Statistics+on+Indian+States,2012,Office of the Registrar General (SRS),,2026-08-06
total-fertility-rate,India,2013,2.3,"RBI Handbook of Statistics on Indian States, Table 6: State-wise Total Fertility Rate",https://www.rbi.org.in/Scripts/AnnualPublications.aspx?head=Handbook+of+Statistics+on+Indian+States,2013,Office of the Registrar General (SRS),,2026-08-06
total-fertility-rate,India,2014,2.3,"RBI Handbook of Statistics on Indian States, Table 6: State-wise Total Fertility Rate",https://www.rbi.org.in/Scripts/AnnualPublications.aspx?head=Handbook+of+Statistics+on+Indian+States,2014,Office of the Registrar General (SRS),,2026-08-06
total-fertility-rate,India,2015,2.3,"RBI Handbook of Statistics on Indian States, Table 6: State-wise Total Fertility Rate",https://www.rbi.org.in/Scripts/AnnualPublications.aspx?head=Handbook+of+Statistics+on+Indian+States,2015,Office of the Registrar General (SRS),,2026-08-06
total-fertility-rate,India,2016,2.3,"RBI Handbook of Statistics on Indian States, Table 6: State-wise Total Fertility Rate",https://www.rbi.org.in/Scripts/AnnualPublications.aspx?head=Handbook+of+Statistics+on+Indian+States,2016,Office of the Registrar General (SRS),,2026-08-06
total-fertility-rate,India,2017,2.2,"RBI Handbook of Statistics on Indian States, Table 6: State-wise Total Fertility Rate",https://www.rbi.org.in/Scripts/AnnualPublications.aspx?head=Handbook+of+Statistics+on+Indian+States,2017,Office of the Registrar General (SRS),,2026-08-06
total-fertility-rate,India,2018,2.2,"RBI Handbook of Statistics on Indian States, Table 6: State-wise Total Fertility Rate",https://www.rbi.org.in/Scripts/AnnualPublications.aspx?head=Handbook+of+Statistics+on+Indian+States,2018,Office of the Registrar General (SRS),,2026-08-06
total-fertility-rate,India,2019,2.1,"RBI Handbook of Statistics on Indian States, Table 6: State-wise Total Fertility Rate",https://www.rbi.org.in/Scripts/AnnualPublications.aspx?head=Handbook+of+Statistics+on+Indian+States,2019,Office of the Registrar General (SRS),,2026-08-06
total-fertility-rate,India,2020,2.0,"RBI Handbook of Statistics on Indian States, Table 6: State-wise Total Fertility Rate",https://www.rbi.org.in/Scripts/AnnualPublications.aspx?head=Handbook+of+Statistics+on+Indian+States,2020,Office of the Registrar General (SRS),,2026-08-06
total-fertility-rate,India,2021,2.0,"RBI Handbook of Statistics on Indian States, Table 6: State-wise Total Fertility Rate",https://www.rbi.org.in/Scripts/AnnualPublications.aspx?head=Handbook+of+Statistics+on+Indian+States,2021,Office of the Registrar General (SRS),,2026-08-06
total-fertility-rate,India,2022,2.0,"RBI Handbook of Statistics on Indian States, Table 6: State-wise Total Fertility Rate",https://www.rbi.org.in/Scripts/AnnualPublications.aspx?head=Handbook+of+Statistics+on+Indian+States,2022,Office of the Registrar General (SRS),,2026-08-06
total-fertility-rate,India,2023,1.9,"RBI Handbook of Statistics on Indian States, Table 6: State-wise Total Fertility Rate",https://www.rbi.org.in/Scripts/AnnualPublications.aspx?head=Handbook+of+Statistics+on+Indian+States,2023,Office of the Registrar General (SRS),,2026-08-06
unemployment-rate-rural,Andhra Pradesh,1993,4.0,"RBI Handbook of Statistics on Indian States, Table 8: State-wise Unemployment Rate, Usual Status Adjusted (Rural Overall)",https://www.rbi.org.in/Scripts/AnnualPublications.aspx?head=Handbook+of+Statistics+on+Indian+States,1993-94,NSO (NSSO EUS / PLFS),,2026-08-06
unemployment-rate-rural,Andhra Pradesh,1999,8.0,"RBI Handbook of Statistics on Indian States, Table 8: State-wise Unemployment Rate, Usual Status Adjusted (Rural Overall)",https://www.rbi.org.in/Scripts/AnnualPublications.aspx?head=Handbook+of+Statistics+on+Indian+States,1999-00,NSO (NSSO EUS / PLFS),,2026-08-06
unemployment-rate-rural,Andhra Pradesh,2004,7.0,"RBI Handbook of Statistics on Indian States, Table 8: State-wise Unemployment Rate, Usual Status Adjusted (Rural Overall)",https://www.rbi.org.in/Scripts/AnnualPublications.aspx?head=Handbook+of+Statistics+on+Indian+States,2004-05,NSO (NSSO EUS / PLFS),,2026-08-06
unemployment-rate-rural,Andhra Pradesh,2009,12.0,"RBI Handbook of Statistics on Indian States, Table 8: State-wise Unemployment Rate, Usual Status Adjusted (Rural Overall)",https://www.rbi.org.in/Scripts/AnnualPublications.aspx?head=Handbook+of+Statistics+on+Indian+States,2009-10,NSO (NSSO EUS / PLFS),,2026-08-06
unemployment-rate-rural,Andhra Pradesh,2011,12.0,"RBI Handbook of Statistics on Indian States, Table 8: State-wise Unemployment Rate, Usual Status Adjusted (Rural Overall)",https://www.rbi.org.in/Scripts/AnnualPublications.aspx?head=Handbook+of+Statistics+on+Indian+States,2011-12,NSO (NSSO EUS / PLFS),,2026-08-06
unemployment-rate-rural,Andhra Pradesh,2017,36.0,"RBI Handbook of Statistics on Indian States, Table 8: State-wise Unemployment Rate, Usual Status Adjusted (Rural Overall)",https://www.rbi.org.in/Scripts/AnnualPublications.aspx?head=Handbook+of+Statistics+on+Indian+States,2017-18,NSO (NSSO EUS / PLFS),,2026-08-06
unemployment-rate-rural,Andhra Pradesh,2018,45.0,"RBI Handbook of Statistics on Indian States, Table 8: State-wise Unemployment Rate, Usual Status Adjusted (Rural Overall)",https://www.rbi.org.in/Scripts/AnnualPublications.aspx?head=Handbook+of+Statistics+on+Indian+States,2018-19,NSO (NSSO EUS / PLFS),,2026-08-06
unemployment-rate-rural,Andhra Pradesh,2019,39.0,"RBI Handbook of Statistics on Indian States, Table 8: State-wise Unemployment Rate, Usual Status Adjusted (Rural Overall)",https://www.rbi.org.in/Scripts/AnnualPublications.aspx?head=Handbook+of+Statistics+on+Indian+States,2019-20,NSO (NSSO EUS / PLFS),,2026-08-06
unemployment-rate-rural,Andhra Pradesh,2020,33.0,"RBI Handbook of Statistics on Indian States, Table 8: State-wise Unemployment Rate, Usual Status Adjusted (Rural Overall)",https://www.rbi.org.in/Scripts/AnnualPublications.aspx?head=Handbook+of+Statistics+on+Indian+States,2020-21,NSO (NSSO EUS / PLFS),,2026-08-06
unemployment-rate-rural,Andhra Pradesh,2021,35.0,"RBI Handbook of Statistics on Indian States, Table 8: State-wise Unemployment Rate, Usual Status Adjusted (Rural Overall)",https://www.rbi.org.in/Scripts/AnnualPublications.aspx?head=Handbook+of+Statistics+on+Indian+States,2021-22,NSO (NSSO EUS / PLFS),,2026-08-06
unemployment-rate-rural,Andhra Pradesh,2022,33.0,"RBI Handbook of Statistics on Indian States, Table 8: State-wise Unemployment Rate, Usual Status Adjusted (Rural Overall)",https://www.rbi.org.in/Scripts/AnnualPublications.aspx?head=Handbook+of+Statistics+on+Indian+States,2022-23,NSO (NSSO EUS / PLFS),,2026-08-06
unemployment-rate-rural,Andhra Pradesh,2023,34.0,"RBI Handbook of Statistics on Indian States, Table 8: State-wise Unemployment Rate, Usual Status Adjusted (Rural Overall)",https://www.rbi.org.in/Scripts/AnnualPublications.aspx?head=Handbook+of+Statistics+on+Indian+States,2023-24,NSO (NSSO EUS / PLFS),,2026-08-06
unemployment-rate-rural,Arunachal Pradesh,1993,10.0,"RBI Handbook of Statistics on Indian States, Table 8: State-wise Unemployment Rate, Usual Status Adjusted (Rural Overall)",https://www.rbi.org.in/Scripts/AnnualPublications.aspx?head=Handbook+of+Statistics+on+Indian+States,1993-94,NSO (NSSO EUS / PLFS),,2026-08-06
unemployment-rate-rural,Arunachal Pradesh,1999,5.0,"RBI Handbook of Statistics on Indian States, Table 8: State-wise Unemployment Rate, Usual Status Adjusted (Rural Overall)",https://www.rbi.org.in/Scripts/AnnualPublications.aspx?head=Handbook+of+Statistics+on+Indian+States,1999-00,NSO (NSSO EUS / PLFS),,2026-08-06
unemployment-rate-rural,Arunachal Pradesh,2004,9.0,"RBI Handbook of Statistics on Indian States, Table 8: State-wise Unemployment Rate, Usual Status Adjusted (Rural Overall)",https://www.rbi.org.in/Scripts/AnnualPublications.aspx?head=Handbook+of+Statistics+on+Indian+States,2004-05,NSO (NSSO EUS / PLFS),,2026-08-06
unemployment-rate-rural,Arunachal Pradesh,2009,13.0,"RBI Handbook of Statistics on Indian States, Table 8: State-wise Unemployment Rate, Usual Status Adjusted (Rural Overall)",https://www.rbi.org.in/Scripts/AnnualPublications.aspx?head=Handbook+of+Statistics+on+Indian+States,2009-10,NSO (NSSO EUS / PLFS),,2026-08-06
unemployment-rate-rural,Arunachal Pradesh,2011,17.0,"RBI Handbook of Statistics on Indian States, Table 8: State-wise Unemployment Rate, Usual Status Adjusted (Rural Overall)",https://www.rbi.org.in/Scripts/AnnualPublications.aspx?head=Handbook+of+Statistics+on+Indian+States,2011-12,NSO (NSSO EUS / PLFS),,2026-08-06
unemployment-rate-rural,Arunachal Pradesh,2017,53.0,"RBI Handbook of Statistics on Indian States, Table 8: State-wise Unemployment Rate, Usual Status Adjusted (Rural Overall)",https://www.rbi.org.in/Scripts/AnnualPublications.aspx?head=Handbook+of+Statistics+on+Indian+States,2017-18,NSO (NSSO EUS / PLFS),,2026-08-06
unemployment-rate-rural,Arunachal Pradesh,2018,73.0,"RBI Handbook of Statistics on Indian States, Table 8: State-wise Unemployment Rate, Usual Status Adjusted (Rural Overall)",https://www.rbi.org.in/Scripts/AnnualPublications.aspx?head=Handbook+of+Statistics+on+Indian+States,2018-19,NSO (NSSO EUS / PLFS),,2026-08-06
unemployment-rate-rural,Arunachal Pradesh,2019,63.0,"RBI Handbook of Statistics on Indian States, Table 8: State-wise Unemployment Rate, Usual Status Adjusted (Rural Overall)",https://www.rbi.org.in/Scripts/AnnualPublications.aspx?head=Handbook+of+Statistics+on+Indian+States,2019-20,NSO (NSSO EUS / PLFS),,2026-08-06
unemployment-rate-rural,Arunachal Pradesh,2020,48.0,"RBI Handbook of Statistics on Indian States, Table 8: State-wise Unemployment Rate, Usual Status Adjusted (Rural Overall)",https://www.rbi.org.in/Scripts/AnnualPublications.aspx?head=Handbook+of+Statistics+on+Indian+States,2020-21,NSO (NSSO EUS / PLFS),,2026-08-06
unemployment-rate-rural,Arunachal Pradesh,2021,69.0,"RBI Handbook of Statistics on Indian States, Table 8: State-wise Unemployment Rate, Usual Status Adjusted (Rural Overall)",https://www.rbi.org.in/Scripts/AnnualPublications.aspx?head=Handbook+of+Statistics+on+Indian+States,2021-22,NSO (NSSO EUS / PLFS),,2026-08-06
unemployment-rate-rural,Arunachal Pradesh,2022,39.0,"RBI Handbook of Statistics on Indian States, Table 8: State-wise Unemployment Rate, Usual Status Adjusted (Rural Overall)",https://www.rbi.org.in/Scripts/AnnualPublications.aspx?head=Handbook+of+Statistics+on+Indian+States,2022-23,NSO (NSSO EUS / PLFS),,2026-08-06
unemployment-rate-rural,Arunachal Pradesh,2023,50.0,"RBI Handbook of Statistics on Indian States, Table 8: State-wise Unemployment Rate, Usual Status Adjusted (Rural Overall)",https://www.rbi.org.in/Scripts/AnnualPublications.aspx?head=Handbook+of+Statistics+on+Indian+States,2023-24,NSO (NSSO EUS / PLFS),,2026-08-06
unemployment-rate-rural,Assam,1993,52.0,"RBI Handbook of Statistics on Indian States, Table 8: State-wise Unemployment Rate, Usual Status Adjusted (Rural Overall)",https://www.rbi.org.in/Scripts/AnnualPublications.aspx?head=Handbook+of+Statistics+on+Indian+States,1993-94,NSO (NSSO EUS / PLFS),,2026-08-06
unemployment-rate-rural,Assam,1999,39.0,"RBI Handbook of Statistics on Indian States, Table 8: State-wise Unemployment Rate, Usual Status Adjusted (Rural Overall)",https://www.rbi.org.in/Scripts/AnnualPublications.aspx?head=Handbook+of+Statistics+on+Indian+States,1999-00,NSO (NSSO EUS / PLFS),,2026-08-06
unemployment-rate-rural,Assam,2004,26.0,"RBI Handbook of Statistics on Indian States, Table 8: State-wise Unemployment Rate, Usual Status Adjusted (Rural Overall)",https://www.rbi.org.in/Scripts/AnnualPublications.aspx?head=Handbook+of+Statistics+on+Indian+States,2004-05,NSO (NSSO EUS / PLFS),,2026-08-06
unemployment-rate-rural,Assam,2009,39.0,"RBI Handbook of Statistics on Indian States, Table 8: State-wise Unemployment Rate, Usual Status Adjusted (Rural Overall)",https://www.rbi.org.in/Scripts/AnnualPublications.aspx?head=Handbook+of+Statistics+on+Indian+States,2009-10,NSO (NSSO EUS / PLFS),,2026-08-06
unemployment-rate-rural,Assam,2011,45.0,"RBI Handbook of Statistics on Indian States, Table 8: State-wise Unemployment Rate, Usual Status Adjusted (Rural Overall)",https://www.rbi.org.in/Scripts/AnnualPublications.aspx?head=Handbook+of+Statistics+on+Indian+States,2011-12,NSO (NSSO EUS / PLFS),,2026-08-06
unemployment-rate-rural,Assam,2017,83.0,"RBI Handbook of Statistics on Indian States, Table 8: State-wise Unemployment Rate, Usual Status Adjusted (Rural Overall)",https://www.rbi.org.in/Scripts/AnnualPublications.aspx?head=Handbook+of+Statistics+on+Indian+States,2017-18,NSO (NSSO EUS / PLFS),,2026-08-06
unemployment-rate-rural,Assam,2018,63.0,"RBI Handbook of Statistics on Indian States, Table 8: State-wise Unemployment Rate, Usual Status Adjusted (Rural Overall)",https://www.rbi.org.in/Scripts/AnnualPublications.aspx?head=Handbook+of+Statistics+on+Indian+States,2018-19,NSO (NSSO EUS / PLFS),,2026-08-06
unemployment-rate-rural,Assam,2019,78.0,"RBI Handbook of Statistics on Indian States, Table 8: State-wise Unemployment Rate, Usual Status Adjusted (Rural Overall)",https://www.rbi.org.in/Scripts/AnnualPublications.aspx?head=Handbook+of+Statistics+on+Indian+States,2019-20,NSO (NSSO EUS / PLFS),,2026-08-06
unemployment-rate-rural,Assam,2020,36.0,"RBI Handbook of Statistics on Indian States, Table 8: State-wise Unemployment Rate, Usual Status Adjusted (Rural Overall)",https://www.rbi.org.in/Scripts/AnnualPublications.aspx?head=Handbook+of+Statistics+on+Indian+States,2020-21,NSO (NSSO EUS / PLFS),,2026-08-06
unemployment-rate-rural,Assam,2021,32.0,"RBI Handbook of Statistics on Indian States, Table 8: State-wise Unemployment Rate, Usual Status Adjusted (Rural Overall)",https://www.rbi.org.in/Scripts/AnnualPublications.aspx?head=Handbook+of+Statistics+on+Indian+States,2021-22,NSO (NSSO EUS / PLFS),,2026-08-06
unemployment-rate-rural,Assam,2022,15.0,"RBI Handbook of Statistics on Indian States, Table 8: State-wise Unemployment Rate, Usual Status Adjusted (Rural Overall)",https://www.rbi.org.in/Scripts/AnnualPublications.aspx?head=Handbook+of+Statistics+on+Indian+States,2022-23,NSO (NSSO EUS / PLFS),,2026-08-06
unemployment-rate-rural,Assam,2023,35.0,"RBI Handbook of Statistics on Indian States, Table 8: State-wise Unemployment Rate, Usual Status Adjusted (Rural Overall)",https://www.rbi.org.in/Scripts/AnnualPublications.aspx?head=Handbook+of+Statistics+on+Indian+States,2023-24,NSO (NSSO EUS / PLFS),,2026-08-06
unemployment-rate-rural,Bihar,1993,16.0,"RBI Handbook of Statistics on Indian States, Table 8: State-wise Unemployment Rate, Usual Status Adjusted (Rural Overall)",https://www.rbi.org.in/Scripts/AnnualPublications.aspx?head=Handbook+of+Statistics+on+Indian+States,1993-94,NSO (NSSO EUS / PLFS),,2026-08-06
unemployment-rate-rural,Bihar,1999,18.0,"RBI Handbook of Statistics on Indian States, Table 8: State-wise Unemployment Rate, Usual Status Adjusted (Rural Overall)",https://www.rbi.org.in/Scripts/AnnualPublications.aspx?head=Handbook+of+Statistics+on+Indian+States,1999-00,NSO (NSSO EUS / PLFS),,2026-08-06
unemployment-rate-rural,Bihar,2004,15.0,"RBI Handbook of Statistics on Indian States, Table 8: State-wise Unemployment Rate, Usual Status Adjusted (Rural Overall)",https://www.rbi.org.in/Scripts/AnnualPublications.aspx?head=Handbook+of+Statistics+on+Indian+States,2004-05,NSO (NSSO EUS / PLFS),,2026-08-06
unemployment-rate-rural,Bihar,2009,20.0,"RBI Handbook of Statistics on Indian States, Table 8: State-wise Unemployment Rate, Usual Status Adjusted (Rural Overall)",https://www.rbi.org.in/Scripts/AnnualPublications.aspx?head=Handbook+of+Statistics+on+Indian+States,2009-10,NSO (NSSO EUS / PLFS),,2026-08-06
unemployment-rate-rural,Bihar,2011,32.0,"RBI Handbook of Statistics on Indian States, Table 8: State-wise Unemployment Rate, Usual Status Adjusted (Rural Overall)",https://www.rbi.org.in/Scripts/AnnualPublications.aspx?head=Handbook+of+Statistics+on+Indian+States,2011-12,NSO (NSSO EUS / PLFS),,2026-08-06
unemployment-rate-rural,Bihar,2017,70.0,"RBI Handbook of Statistics on Indian States, Table 8: State-wise Unemployment Rate, Usual Status Adjusted (Rural Overall)",https://www.rbi.org.in/Scripts/AnnualPublications.aspx?head=Handbook+of+Statistics+on+Indian+States,2017-18,NSO (NSSO EUS / PLFS),,2026-08-06
unemployment-rate-rural,Bihar,2018,102.0,"RBI Handbook of Statistics on Indian States, Table 8: State-wise Unemployment Rate, Usual Status Adjusted (Rural Overall)",https://www.rbi.org.in/Scripts/AnnualPublications.aspx?head=Handbook+of+Statistics+on+Indian+States,2018-19,NSO (NSSO EUS / PLFS),,2026-08-06
unemployment-rate-rural,Bihar,2019,48.0,"RBI Handbook of Statistics on Indian States, Table 8: State-wise Unemployment Rate, Usual Status Adjusted (Rural Overall)",https://www.rbi.org.in/Scripts/AnnualPublications.aspx?head=Handbook+of+Statistics+on+Indian+States,2019-20,NSO (NSSO EUS / PLFS),,2026-08-06
unemployment-rate-rural,Bihar,2020,42.0,"RBI Handbook of Statistics on Indian States, Table 8: State-wise Unemployment Rate, Usual Status Adjusted (Rural Overall)",https://www.rbi.org.in/Scripts/AnnualPublications.aspx?head=Handbook+of+Statistics+on+Indian+States,2020-21,NSO (NSSO EUS / PLFS),,2026-08-06
unemployment-rate-rural,Bihar,2021,55.0,"RBI Handbook of Statistics on Indian States, Table 8: State-wise Unemployment Rate, Usual Status Adjusted (Rural Overall)",https://www.rbi.org.in/Scripts/AnnualPublications.aspx?head=Handbook+of+Statistics+on+Indian+States,2021-22,NSO (NSSO EUS / PLFS),,2026-08-06
unemployment-rate-rural,Bihar,2022,36.0,"RBI Handbook of Statistics on Indian States, Table 8: State-wise Unemployment Rate, Usual Status Adjusted (Rural Overall)",https://www.rbi.org.in/Scripts/AnnualPublications.aspx?head=Handbook+of+Statistics+on+Indian+States,2022-23,NSO (NSSO EUS / PLFS),,2026-08-06
unemployment-rate-rural,Bihar,2023,26.0,"RBI Handbook of Statistics on Indian States, Table 8: State-wise Unemployment Rate, Usual Status Adjusted (Rural Overall)",https://www.rbi.org.in/Scripts/AnnualPublications.aspx?head=Handbook+of+Statistics+on+Indian+States,2023-24,NSO (NSSO EUS / PLFS),,2026-08-06
unemployment-rate-rural,Chhattisgarh,2004,6.0,"RBI Handbook of Statistics on Indian States, Table 8: State-wise Unemployment Rate, Usual Status Adjusted (Rural Overall)",https://www.rbi.org.in/Scripts/AnnualPublications.aspx?head=Handbook+of+Statistics+on+Indian+States,2004-05,NSO (NSSO EUS / PLFS),,2026-08-06
unemployment-rate-rural,Chhattisgarh,2009,6.0,"RBI Handbook of Statistics on Indian States, Table 8: State-wise Unemployment Rate, Usual Status Adjusted (Rural Overall)",https://www.rbi.org.in/Scripts/AnnualPublications.aspx?head=Handbook+of+Statistics+on+Indian+States,2009-10,NSO (NSSO EUS / PLFS),,2026-08-06
unemployment-rate-rural,Chhattisgarh,2011,8.0,"RBI Handbook of Statistics on Indian States, Table 8: State-wise Unemployment Rate, Usual Status Adjusted (Rural Overall)",https://www.rbi.org.in/Scripts/AnnualPublications.aspx?head=Handbook+of+Statistics+on+Indian+States,2011-12,NSO (NSSO EUS / PLFS),,2026-08-06
unemployment-rate-rural,Chhattisgarh,2017,25.0,"RBI Handbook of Statistics on Indian States, Table 8: State-wise Unemployment Rate, Usual Status Adjusted (Rural Overall)",https://www.rbi.org.in/Scripts/AnnualPublications.aspx?head=Handbook+of+Statistics+on+Indian+States,2017-18,NSO (NSSO EUS / PLFS),,2026-08-06
unemployment-rate-rural,Chhattisgarh,2018,18.0,"RBI Handbook of Statistics on Indian States, Table 8: State-wise Unemployment Rate, Usual Status Adjusted (Rural Overall)",https://www.rbi.org.in/Scripts/AnnualPublications.aspx?head=Handbook+of+Statistics+on+Indian+States,2018-19,NSO (NSSO EUS / PLFS),,2026-08-06
unemployment-rate-rural,Chhattisgarh,2019,23.0,"RBI Handbook of Statistics on Indian States, Table 8: State-wise Unemployment Rate, Usual Status Adjusted (Rural Overall)",https://www.rbi.org.in/Scripts/AnnualPublications.aspx?head=Handbook+of+Statistics+on+Indian+States,2019-20,NSO (NSSO EUS / PLFS),,2026-08-06
unemployment-rate-rural,Chhattisgarh,2020,18.0,"RBI Handbook of Statistics on Indian States, Table 8: State-wise Unemployment Rate, Usual Status Adjusted (Rural Overall)",https://www.rbi.org.in/Scripts/AnnualPublications.aspx?head=Handbook+of+Statistics+on+Indian+States,2020-21,NSO (NSSO EUS / PLFS),,2026-08-06
unemployment-rate-rural,Chhattisgarh,2021,16.0,"RBI Handbook of Statistics on Indian States, Table 8: State-wise Unemployment Rate, Usual Status Adjusted (Rural Overall)",https://www.rbi.org.in/Scripts/AnnualPublications.aspx?head=Handbook+of+Statistics+on+Indian+States,2021-22,NSO (NSSO EUS / PLFS),,2026-08-06
unemployment-rate-rural,Chhattisgarh,2022,15.0,"RBI Handbook of Statistics on Indian States, Table 8: State-wise Unemployment Rate, Usual Status Adjusted (Rural Overall)",https://www.rbi.org.in/Scripts/AnnualPublications.aspx?head=Handbook+of+Statistics+on+Indian+States,2022-23,NSO (NSSO EUS / PLFS),,2026-08-06
unemployment-rate-rural,Chhattisgarh,2023,15.0,"RBI Handbook of Statistics on Indian States, Table 8: State-wise Unemployment Rate, Usual Status Adjusted (Rural Overall)",https://www.rbi.org.in/Scripts/AnnualPublications.aspx?head=Handbook+of+Statistics+on+Indian+States,2023-24,NSO (NSSO EUS / PLFS),,2026-08-06
unemployment-rate-rural,Delhi,1999,47.0,"RBI Handbook of Statistics on Indian States, Table 8: State-wise Unemployment Rate, Usual Status Adjusted (Rural Overall)",https://www.rbi.org.in/Scripts/AnnualPublications.aspx?head=Handbook+of+Statistics+on+Indian+States,1999-00,NSO (NSSO EUS / PLFS),,2026-08-06
unemployment-rate-rural,Delhi,2004,19.0,"RBI Handbook of Statistics on Indian States, Table 8: State-wise Unemployment Rate, Usual Status Adjusted (Rural Overall)",https://www.rbi.org.in/Scripts/AnnualPublications.aspx?head=Handbook+of+Statistics+on+Indian+States,2004-05,NSO (NSSO EUS / PLFS),,2026-08-06
unemployment-rate-rural,Delhi,2009,17.0,"RBI Handbook of Statistics on Indian States, Table 8: State-wise Unemployment Rate, Usual Status Adjusted (Rural Overall)",https://www.rbi.org.in/Scripts/AnnualPublications.aspx?head=Handbook+of+Statistics+on+Indian+States,2009-10,NSO (NSSO EUS / PLFS),,2026-08-06
unemployment-rate-rural,Delhi,2011,78.0,"RBI Handbook of Statistics on Indian States, Table 8: State-wise Unemployment Rate, Usual Status Adjusted (Rural Overall)",https://www.rbi.org.in/Scripts/AnnualPublications.aspx?head=Handbook+of+Statistics+on+Indian+States,2011-12,NSO (NSSO EUS / PLFS),,2026-08-06
unemployment-rate-rural,Delhi,2017,35.0,"RBI Handbook of Statistics on Indian States, Table 8: State-wise Unemployment Rate, Usual Status Adjusted (Rural Overall)",https://www.rbi.org.in/Scripts/AnnualPublications.aspx?head=Handbook+of+Statistics+on+Indian+States,2017-18,NSO (NSSO EUS / PLFS),,2026-08-06
unemployment-rate-rural,Delhi,2018,5.0,"RBI Handbook of Statistics on Indian States, Table 8: State-wise Unemployment Rate, Usual Status Adjusted (Rural Overall)",https://www.rbi.org.in/Scripts/AnnualPublications.aspx?head=Handbook+of+Statistics+on+Indian+States,2018-19,NSO (NSSO EUS / PLFS),,2026-08-06
unemployment-rate-rural,Delhi,2019,20.0,"RBI Handbook of Statistics on Indian States, Table 8: State-wise Unemployment Rate, Usual Status Adjusted (Rural Overall)",https://www.rbi.org.in/Scripts/AnnualPublications.aspx?head=Handbook+of+Statistics+on+Indian+States,2019-20,NSO (NSSO EUS / PLFS),,2026-08-06
unemployment-rate-rural,Delhi,2020,58.0,"RBI Handbook of Statistics on Indian States, Table 8: State-wise Unemployment Rate, Usual Status Adjusted (Rural Overall)",https://www.rbi.org.in/Scripts/AnnualPublications.aspx?head=Handbook+of+Statistics+on+Indian+States,2020-21,NSO (NSSO EUS / PLFS),,2026-08-06
unemployment-rate-rural,Delhi,2021,39.0,"RBI Handbook of Statistics on Indian States, Table 8: State-wise Unemployment Rate, Usual Status Adjusted (Rural Overall)",https://www.rbi.org.in/Scripts/AnnualPublications.aspx?head=Handbook+of+Statistics+on+Indian+States,2021-22,NSO (NSSO EUS / PLFS),,2026-08-06
unemployment-rate-rural,Delhi,2022,102.0,"RBI Handbook of Statistics on Indian States, Table 8: State-wise Unemployment Rate, Usual Status Adjusted (Rural Overall)",https://www.rbi.org.in/Scripts/AnnualPublications.aspx?head=Handbook+of+Statistics+on+Indian+States,2022-23,NSO (NSSO EUS / PLFS),,2026-08-06
unemployment-rate-rural,Delhi,2023,60.0,"RBI Handbook of Statistics on Indian States, Table 8: State-wise Unemployment Rate, Usual Status Adjusted (Rural Overall)",https://www.rbi.org.in/Scripts/AnnualPublications.aspx?head=Handbook+of+Statistics+on+Indian+States,2023-24,NSO (NSSO EUS / PLFS),,2026-08-06
unemployment-rate-rural,Goa,1993,90.0,"RBI Handbook of Statistics on Indian States, Table 8: State-wise Unemployment Rate, Usual Status Adjusted (Rural Overall)",https://www.rbi.org.in/Scripts/AnnualPublications.aspx?head=Handbook+of+Statistics+on+Indian+States,1993-94,NSO (NSSO EUS / PLFS),,2026-08-06
unemployment-rate-rural,Goa,1999,93.0,"RBI Handbook of Statistics on Indian States, Table 8: State-wise Unemployment Rate, Usual Status Adjusted (Rural Overall)",https://www.rbi.org.in/Scripts/AnnualPublications.aspx?head=Handbook+of+Statistics+on+Indian+States,1999-00,NSO (NSSO EUS / PLFS),,2026-08-06
unemployment-rate-rural,Goa,2004,111.0,"RBI Handbook of Statistics on Indian States, Table 8: State-wise Unemployment Rate, Usual Status Adjusted (Rural Overall)",https://www.rbi.org.in/Scripts/AnnualPublications.aspx?head=Handbook+of+Statistics+on+Indian+States,2004-05,NSO (NSSO EUS / PLFS),,2026-08-06
unemployment-rate-rural,Goa,2009,47.0,"RBI Handbook of Statistics on Indian States, Table 8: State-wise Unemployment Rate, Usual Status Adjusted (Rural Overall)",https://www.rbi.org.in/Scripts/AnnualPublications.aspx?head=Handbook+of+Statistics+on+Indian+States,2009-10,NSO (NSSO EUS / PLFS),,2026-08-06
unemployment-rate-rural,Goa,2011,51.0,"RBI Handbook of Statistics on Indian States, Table 8: State-wise Unemployment Rate, Usual Status Adjusted (Rural Overall)",https://www.rbi.org.in/Scripts/AnnualPublications.aspx?head=Handbook+of+Statistics+on+Indian+States,2011-12,NSO (NSSO EUS / PLFS),,2026-08-06
unemployment-rate-rural,Goa,2017,139.0,"RBI Handbook of Statistics on Indian States, Table 8: State-wise Unemployment Rate, Usual Status Adjusted (Rural Overall)",https://www.rbi.org.in/Scripts/AnnualPublications.aspx?head=Handbook+of+Statistics+on+Indian+States,2017-18,NSO (NSSO EUS / PLFS),,2026-08-06
unemployment-rate-rural,Goa,2018,80.0,"RBI Handbook of Statistics on Indian States, Table 8: State-wise Unemployment Rate, Usual Status Adjusted (Rural Overall)",https://www.rbi.org.in/Scripts/AnnualPublications.aspx?head=Handbook+of+Statistics+on+Indian+States,2018-19,NSO (NSSO EUS / PLFS),,2026-08-06
unemployment-rate-rural,Goa,2019,76.0,"RBI Handbook of Statistics on Indian States, Table 8: State-wise Unemployment Rate, Usual Status Adjusted (Rural Overall)",https://www.rbi.org.in/Scripts/AnnualPublications.aspx?head=Handbook+of+Statistics+on+Indian+States,2019-20,NSO (NSSO EUS / PLFS),,2026-08-06
unemployment-rate-rural,Goa,2020,100.0,"RBI Handbook of Statistics on Indian States, Table 8: State-wise Unemployment Rate, Usual Status Adjusted (Rural Overall)",https://www.rbi.org.in/Scripts/AnnualPublications.aspx?head=Handbook+of+Statistics+on+Indian+States,2020-21,NSO (NSSO EUS / PLFS),,2026-08-06
unemployment-rate-rural,Goa,2021,125.0,"RBI Handbook of Statistics on Indian States, Table 8: State-wise Unemployment Rate, Usual Status Adjusted (Rural Overall)",https://www.rbi.org.in/Scripts/AnnualPublications.aspx?head=Handbook+of+Statistics+on+Indian+States,2021-22,NSO (NSSO EUS / PLFS),,2026-08-06
unemployment-rate-rural,Goa,2022,113.0,"RBI Handbook of Statistics on Indian States, Table 8: State-wise Unemployment Rate, Usual Status Adjusted (Rural Overall)",https://www.rbi.org.in/Scripts/AnnualPublications.aspx?head=Handbook+of+Statistics+on+Indian+States,2022-23,NSO (NSSO EUS / PLFS),,2026-08-06
unemployment-rate-rural,Goa,2023,89.0,"RBI Handbook of Statistics on Indian States, Table 8: State-wise Unemployment Rate, Usual Status Adjusted (Rural Overall)",https://www.rbi.org.in/Scripts/AnnualPublications.aspx?head=Handbook+of+Statistics+on+Indian+States,2023-24,NSO (NSSO EUS / PLFS),,2026-08-06
unemployment-rate-rural,Gujarat,1993,9.0,"RBI Handbook of Statistics on Indian States, Table 8: State-wise Unemployment Rate, Usual Status Adjusted (Rural Overall)",https://www.rbi.org.in/Scripts/AnnualPublications.aspx?head=Handbook+of+Statistics+on+Indian+States,1993-94,NSO (NSSO EUS / PLFS),,2026-08-06
unemployment-rate-rural,Gujarat,1999,4.0,"RBI Handbook of Statistics on Indian States, Table 8: State-wise Unemployment Rate, Usual Status Adjusted (Rural Overall)",https://www.rbi.org.in/Scripts/AnnualPublications.aspx?head=Handbook+of+Statistics+on+Indian+States,1999-00,NSO (NSSO EUS / PLFS),,2026-08-06
unemployment-rate-rural,Gujarat,2004,5.0,"RBI Handbook of Statistics on Indian States, Table 8: State-wise Unemployment Rate, Usual Status Adjusted (Rural Overall)",https://www.rbi.org.in/Scripts/AnnualPublications.aspx?head=Handbook+of+Statistics+on+Indian+States,2004-05,NSO (NSSO EUS / PLFS),,2026-08-06
unemployment-rate-rural,Gujarat,2009,8.0,"RBI Handbook of Statistics on Indian States, Table 8: State-wise Unemployment Rate, Usual Status Adjusted (Rural Overall)",https://www.rbi.org.in/Scripts/AnnualPublications.aspx?head=Handbook+of+Statistics+on+Indian+States,2009-10,NSO (NSSO EUS / PLFS),,2026-08-06
unemployment-rate-rural,Gujarat,2011,3.0,"RBI Handbook of Statistics on Indian States, Table 8: State-wise Unemployment Rate, Usual Status Adjusted (Rural Overall)",https://www.rbi.org.in/Scripts/AnnualPublications.aspx?head=Handbook+of+Statistics+on+Indian+States,2011-12,NSO (NSSO EUS / PLFS),,2026-08-06
unemployment-rate-rural,Gujarat,2017,52.0,"RBI Handbook of Statistics on Indian States, Table 8: State-wise Unemployment Rate, Usual Status Adjusted (Rural Overall)",https://www.rbi.org.in/Scripts/AnnualPublications.aspx?head=Handbook+of+Statistics+on+Indian+States,2017-18,NSO (NSSO EUS / PLFS),,2026-08-06
unemployment-rate-rural,Gujarat,2018,33.0,"RBI Handbook of Statistics on Indian States, Table 8: State-wise Unemployment Rate, Usual Status Adjusted (Rural Overall)",https://www.rbi.org.in/Scripts/AnnualPublications.aspx?head=Handbook+of+Statistics+on+Indian+States,2018-19,NSO (NSSO EUS / PLFS),,2026-08-06
unemployment-rate-rural,Gujarat,2019,14.0,"RBI Handbook of Statistics on Indian States, Table 8: State-wise Unemployment Rate, Usual Status Adjusted (Rural Overall)",https://www.rbi.org.in/Scripts/AnnualPublications.aspx?head=Handbook+of+Statistics+on+Indian+States,2019-20,NSO (NSSO EUS / PLFS),,2026-08-06
unemployment-rate-rural,Gujarat,2020,8.0,"RBI Handbook of Statistics on Indian States, Table 8: State-wise Unemployment Rate, Usual Status Adjusted (Rural Overall)",https://www.rbi.org.in/Scripts/AnnualPublications.aspx?head=Handbook+of+Statistics+on+Indian+States,2020-21,NSO (NSSO EUS / PLFS),,2026-08-06
unemployment-rate-rural,Gujarat,2021,15.0,"RBI Handbook of Statistics on Indian States, Table 8: State-wise Unemployment Rate, Usual Status Adjusted (Rural Overall)",https://www.rbi.org.in/Scripts/AnnualPublications.aspx?head=Handbook+of+Statistics+on+Indian+States,2021-22,NSO (NSSO EUS / PLFS),,2026-08-06
unemployment-rate-rural,Gujarat,2022,14.0,"RBI Handbook of Statistics on Indian States, Table 8: State-wise Unemployment Rate, Usual Status Adjusted (Rural Overall)",https://www.rbi.org.in/Scripts/AnnualPublications.aspx?head=Handbook+of+Statistics+on+Indian+States,2022-23,NSO (NSSO EUS / PLFS),,2026-08-06
unemployment-rate-rural,Gujarat,2023,4.0,"RBI Handbook of Statistics on Indian States, Table 8: State-wise Unemployment Rate, Usual Status Adjusted (Rural Overall)",https://www.rbi.org.in/Scripts/AnnualPublications.aspx?head=Handbook+of+Statistics+on+Indian+States,2023-24,NSO (NSSO EUS / PLFS),,2026-08-06
unemployment-rate-rural,Haryana,1993,11.0,"RBI Handbook of Statistics on Indian States, Table 8: State-wise Unemployment Rate, Usual Status Adjusted (Rural Overall)",https://www.rbi.org.in/Scripts/AnnualPublications.aspx?head=Handbook+of+Statistics+on+Indian+States,1993-94,NSO (NSSO EUS / PLFS),,2026-08-06
unemployment-rate-rural,Haryana,1999,8.0,"RBI Handbook of Statistics on Indian States, Table 8: State-wise Unemployment Rate, Usual Status Adjusted (Rural Overall)",https://www.rbi.org.in/Scripts/AnnualPublications.aspx?head=Handbook+of+Statistics+on+Indian+States,1999-00,NSO (NSSO EUS / PLFS),,2026-08-06
unemployment-rate-rural,Haryana,2004,22.0,"RBI Handbook of Statistics on Indian States, Table 8: State-wise Unemployment Rate, Usual Status Adjusted (Rural Overall)",https://www.rbi.org.in/Scripts/AnnualPublications.aspx?head=Handbook+of+Statistics+on+Indian+States,2004-05,NSO (NSSO EUS / PLFS),,2026-08-06
unemployment-rate-rural,Haryana,2009,18.0,"RBI Handbook of Statistics on Indian States, Table 8: State-wise Unemployment Rate, Usual Status Adjusted (Rural Overall)",https://www.rbi.org.in/Scripts/AnnualPublications.aspx?head=Handbook+of+Statistics+on+Indian+States,2009-10,NSO (NSSO EUS / PLFS),,2026-08-06
unemployment-rate-rural,Haryana,2011,24.0,"RBI Handbook of Statistics on Indian States, Table 8: State-wise Unemployment Rate, Usual Status Adjusted (Rural Overall)",https://www.rbi.org.in/Scripts/AnnualPublications.aspx?head=Handbook+of+Statistics+on+Indian+States,2011-12,NSO (NSSO EUS / PLFS),,2026-08-06
unemployment-rate-rural,Haryana,2017,93.0,"RBI Handbook of Statistics on Indian States, Table 8: State-wise Unemployment Rate, Usual Status Adjusted (Rural Overall)",https://www.rbi.org.in/Scripts/AnnualPublications.aspx?head=Handbook+of+Statistics+on+Indian+States,2017-18,NSO (NSSO EUS / PLFS),,2026-08-06
unemployment-rate-rural,Haryana,2018,95.0,"RBI Handbook of Statistics on Indian States, Table 8: State-wise Unemployment Rate, Usual Status Adjusted (Rural Overall)",https://www.rbi.org.in/Scripts/AnnualPublications.aspx?head=Handbook+of+Statistics+on+Indian+States,2018-19,NSO (NSSO EUS / PLFS),,2026-08-06
unemployment-rate-rural,Haryana,2019,65.0,"RBI Handbook of Statistics on Indian States, Table 8: State-wise Unemployment Rate, Usual Status Adjusted (Rural Overall)",https://www.rbi.org.in/Scripts/AnnualPublications.aspx?head=Handbook+of+Statistics+on+Indian+States,2019-20,NSO (NSSO EUS / PLFS),,2026-08-06
unemployment-rate-rural,Haryana,2020,54.0,"RBI Handbook of Statistics on Indian States, Table 8: State-wise Unemployment Rate, Usual Status Adjusted (Rural Overall)",https://www.rbi.org.in/Scripts/AnnualPublications.aspx?head=Handbook+of+Statistics+on+Indian+States,2020-21,NSO (NSSO EUS / PLFS),,2026-08-06
unemployment-rate-rural,Haryana,2021,90.0,"RBI Handbook of Statistics on Indian States, Table 8: State-wise Unemployment Rate, Usual Status Adjusted (Rural Overall)",https://www.rbi.org.in/Scripts/AnnualPublications.aspx?head=Handbook+of+Statistics+on+Indian+States,2021-22,NSO (NSSO EUS / PLFS),,2026-08-06
unemployment-rate-rural,Haryana,2022,58.0,"RBI Handbook of Statistics on Indian States, Table 8: State-wise Unemployment Rate, Usual Status Adjusted (Rural Overall)",https://www.rbi.org.in/Scripts/AnnualPublications.aspx?head=Handbook+of+Statistics+on+Indian+States,2022-23,NSO (NSSO EUS / PLFS),,2026-08-06
unemployment-rate-rural,Haryana,2023,31.0,"RBI Handbook of Statistics on Indian States, Table 8: State-wise Unemployment Rate, Usual Status Adjusted (Rural Overall)",https://www.rbi.org.in/Scripts/AnnualPublications.aspx?head=Handbook+of+Statistics+on+Indian+States,2023-24,NSO (NSSO EUS / PLFS),,2026-08-06
unemployment-rate-rural,Himachal Pradesh,1993,5.0,"RBI Handbook of Statistics on Indian States, Table 8: State-wise Unemployment Rate, Usual Status Adjusted (Rural Overall)",https://www.rbi.org.in/Scripts/AnnualPublications.aspx?head=Handbook+of+Statistics+on+Indian+States,1993-94,NSO (NSSO EUS / PLFS),,2026-08-06
unemployment-rate-rural,Himachal Pradesh,1999,12.0,"RBI Handbook of Statistics on Indian States, Table 8: State-wise Unemployment Rate, Usual Status Adjusted (Rural Overall)",https://www.rbi.org.in/Scripts/AnnualPublications.aspx?head=Handbook+of+Statistics+on+Indian+States,1999-00,NSO (NSSO EUS / PLFS),,2026-08-06
unemployment-rate-rural,Himachal Pradesh,2004,18.0,"RBI Handbook of Statistics on Indian States, Table 8: State-wise Unemployment Rate, Usual Status Adjusted (Rural Overall)",https://www.rbi.org.in/Scripts/AnnualPublications.aspx?head=Handbook+of+Statistics+on+Indian+States,2004-05,NSO (NSSO EUS / PLFS),,2026-08-06
unemployment-rate-rural,Himachal Pradesh,2009,16.0,"RBI Handbook of Statistics on Indian States, Table 8: State-wise Unemployment Rate, Usual Status Adjusted (Rural Overall)",https://www.rbi.org.in/Scripts/AnnualPublications.aspx?head=Handbook+of+Statistics+on+Indian+States,2009-10,NSO (NSSO EUS / PLFS),,2026-08-06
unemployment-rate-rural,Himachal Pradesh,2011,10.0,"RBI Handbook of Statistics on Indian States, Table 8: State-wise Unemployment Rate, Usual Status Adjusted (Rural Overall)",https://www.rbi.org.in/Scripts/AnnualPublications.aspx?head=Handbook+of+Statistics+on+Indian+States,2011-12,NSO (NSSO EUS / PLFS),,2026-08-06
unemployment-rate-rural,Himachal Pradesh,2017,52.0,"RBI Handbook of Statistics on Indian States, Table 8: State-wise Unemployment Rate, Usual Status Adjusted (Rural Overall)",https://www.rbi.org.in/Scripts/AnnualPublications.aspx?head=Handbook+of+Statistics+on+Indian+States,2017-18,NSO (NSSO EUS / PLFS),,2026-08-06
unemployment-rate-rural,Himachal Pradesh,2018,48.0,"RBI Handbook of Statistics on Indian States, Table 8: State-wise Unemployment Rate, Usual Status Adjusted (Rural Overall)",https://www.rbi.org.in/Scripts/AnnualPublications.aspx?head=Handbook+of+Statistics+on+Indian+States,2018-19,NSO (NSSO EUS / PLFS),,2026-08-06
unemployment-rate-rural,Himachal Pradesh,2019,34.0,"RBI Handbook of Statistics on Indian States, Table 8: State-wise Unemployment Rate, Usual Status Adjusted (Rural Overall)",https://www.rbi.org.in/Scripts/AnnualPublications.aspx?head=Handbook+of+Statistics+on+Indian+States,2019-20,NSO (NSSO EUS / PLFS),,2026-08-06
unemployment-rate-rural,Himachal Pradesh,2020,30.0,"RBI Handbook of Statistics on Indian States, Table 8: State-wise Unemployment Rate, Usual Status Adjusted (Rural Overall)",https://www.rbi.org.in/Scripts/AnnualPublications.aspx?head=Handbook+of+Statistics+on+Indian+States,2020-21,NSO (NSSO EUS / PLFS),,2026-08-06
unemployment-rate-rural,Himachal Pradesh,2021,36.0,"RBI Handbook of Statistics on Indian States, Table 8: State-wise Unemployment Rate, Usual Status Adjusted (Rural Overall)",https://www.rbi.org.in/Scripts/AnnualPublications.aspx?head=Handbook+of+Statistics+on+Indian+States,2021-22,NSO (NSSO EUS / PLFS),,2026-08-06
unemployment-rate-rural,Himachal Pradesh,2022,35.0,"RBI Handbook of Statistics on Indian States, Table 8: State-wise Unemployment Rate, Usual Status Adjusted (Rural Overall)",https://www.rbi.org.in/Scripts/AnnualPublications.aspx?head=Handbook+of+Statistics+on+Indian+States,2022-23,NSO (NSSO EUS / PLFS),,2026-08-06
unemployment-rate-rural,Himachal Pradesh,2023,50.0,"RBI Handbook of Statistics on Indian States, Table 8: State-wise Unemployment Rate, Usual Status Adjusted (Rural Overall)",https://www.rbi.org.in/Scripts/AnnualPublications.aspx?head=Handbook+of+Statistics+on+Indian+States,2023-24,NSO (NSSO EUS / PLFS),,2026-08-06
unemployment-rate-rural,Jammu and Kashmir,1993,7.0,"RBI Handbook of Statistics on Indian States, Table 8: State-wise Unemployment Rate, Usual Status Adjusted (Rural Overall)",https://www.rbi.org.in/Scripts/AnnualPublications.aspx?head=Handbook+of+Statistics+on+Indian+States,1993-94,NSO (NSSO EUS / PLFS),,2026-08-06
unemployment-rate-rural,Jammu and Kashmir,1999,11.0,"RBI Handbook of Statistics on Indian States, Table 8: State-wise Unemployment Rate, Usual Status Adjusted (Rural Overall)",https://www.rbi.org.in/Scripts/AnnualPublications.aspx?head=Handbook+of+Statistics+on+Indian+States,1999-00,NSO (NSSO EUS / PLFS),,2026-08-06
unemployment-rate-rural,Jammu and Kashmir,2004,15.0,"RBI Handbook of Statistics on Indian States, Table 8: State-wise Unemployment Rate, Usual Status Adjusted (Rural Overall)",https://www.rbi.org.in/Scripts/AnnualPublications.aspx?head=Handbook+of+Statistics+on+Indian+States,2004-05,NSO (NSSO EUS / PLFS),,2026-08-06
unemployment-rate-rural,Jammu and Kashmir,2009,25.0,"RBI Handbook of Statistics on Indian States, Table 8: State-wise Unemployment Rate, Usual Status Adjusted (Rural Overall)",https://www.rbi.org.in/Scripts/AnnualPublications.aspx?head=Handbook+of+Statistics+on+Indian+States,2009-10,NSO (NSSO EUS / PLFS),,2026-08-06
unemployment-rate-rural,Jammu and Kashmir,2011,25.0,"RBI Handbook of Statistics on Indian States, Table 8: State-wise Unemployment Rate, Usual Status Adjusted (Rural Overall)",https://www.rbi.org.in/Scripts/AnnualPublications.aspx?head=Handbook+of+Statistics+on+Indian+States,2011-12,NSO (NSSO EUS / PLFS),,2026-08-06
unemployment-rate-rural,Jammu and Kashmir,2017,42.0,"RBI Handbook of Statistics on Indian States, Table 8: State-wise Unemployment Rate, Usual Status Adjusted (Rural Overall)",https://www.rbi.org.in/Scripts/AnnualPublications.aspx?head=Handbook+of+Statistics+on+Indian+States,2017-18,NSO (NSSO EUS / PLFS),,2026-08-06
unemployment-rate-rural,Jammu and Kashmir,2018,39.0,"RBI Handbook of Statistics on Indian States, Table 8: State-wise Unemployment Rate, Usual Status Adjusted (Rural Overall)",https://www.rbi.org.in/Scripts/AnnualPublications.aspx?head=Handbook+of+Statistics+on+Indian+States,2018-19,NSO (NSSO EUS / PLFS),,2026-08-06
unemployment-rate-rural,Jammu and Kashmir,2019,52.0,"RBI Handbook of Statistics on Indian States, Table 8: State-wise Unemployment Rate, Usual Status Adjusted (Rural Overall)",https://www.rbi.org.in/Scripts/AnnualPublications.aspx?head=Handbook+of+Statistics+on+Indian+States,2019-20,NSO (NSSO EUS / PLFS),,2026-08-06
unemployment-rate-rural,Jammu and Kashmir,2020,43.0,"RBI Handbook of Statistics on Indian States, Table 8: State-wise Unemployment Rate, Usual Status Adjusted (Rural Overall)",https://www.rbi.org.in/Scripts/AnnualPublications.aspx?head=Handbook+of+Statistics+on+Indian+States,2020-21,NSO (NSSO EUS / PLFS),,2026-08-06
unemployment-rate-rural,Jammu and Kashmir,2021,37.0,"RBI Handbook of Statistics on Indian States, Table 8: State-wise Unemployment Rate, Usual Status Adjusted (Rural Overall)",https://www.rbi.org.in/Scripts/AnnualPublications.aspx?head=Handbook+of+Statistics+on+Indian+States,2021-22,NSO (NSSO EUS / PLFS),,2026-08-06
unemployment-rate-rural,Jammu and Kashmir,2022,34.0,"RBI Handbook of Statistics on Indian States, Table 8: State-wise Unemployment Rate, Usual Status Adjusted (Rural Overall)",https://www.rbi.org.in/Scripts/AnnualPublications.aspx?head=Handbook+of+Statistics+on+Indian+States,2022-23,NSO (NSSO EUS / PLFS),,2026-08-06
unemployment-rate-rural,Jammu and Kashmir,2023,50.0,"RBI Handbook of Statistics on Indian States, Table 8: State-wise Unemployment Rate, Usual Status Adjusted (Rural Overall)",https://www.rbi.org.in/Scripts/AnnualPublications.aspx?head=Handbook+of+Statistics+on+Indian+States,2023-24,NSO (NSSO EUS / PLFS),,2026-08-06
unemployment-rate-rural,Jharkhand,2004,14.0,"RBI Handbook of Statistics on Indian States, Table 8: State-wise Unemployment Rate, Usual Status Adjusted (Rural Overall)",https://www.rbi.org.in/Scripts/AnnualPublications.aspx?head=Handbook+of+Statistics+on+Indian+States,2004-05,NSO (NSSO EUS / PLFS),,2026-08-06
unemployment-rate-rural,Jharkhand,2009,39.0,"RBI Handbook of Statistics on Indian States, Table 8: State-wise Unemployment Rate, Usual Status Adjusted (Rural Overall)",https://www.rbi.org.in/Scripts/AnnualPublications.aspx?head=Handbook+of+Statistics+on+Indian+States,2009-10,NSO (NSSO EUS / PLFS),,2026-08-06
unemployment-rate-rural,Jharkhand,2011,21.0,"RBI Handbook of Statistics on Indian States, Table 8: State-wise Unemployment Rate, Usual Status Adjusted (Rural Overall)",https://www.rbi.org.in/Scripts/AnnualPublications.aspx?head=Handbook+of+Statistics+on+Indian+States,2011-12,NSO (NSSO EUS / PLFS),,2026-08-06
unemployment-rate-rural,Jharkhand,2017,71.0,"RBI Handbook of Statistics on Indian States, Table 8: State-wise Unemployment Rate, Usual Status Adjusted (Rural Overall)",https://www.rbi.org.in/Scripts/AnnualPublications.aspx?head=Handbook+of+Statistics+on+Indian+States,2017-18,NSO (NSSO EUS / PLFS),,2026-08-06
unemployment-rate-rural,Jharkhand,2018,45.0,"RBI Handbook of Statistics on Indian States, Table 8: State-wise Unemployment Rate, Usual Status Adjusted (Rural Overall)",https://www.rbi.org.in/Scripts/AnnualPublications.aspx?head=Handbook+of+Statistics+on+Indian+States,2018-19,NSO (NSSO EUS / PLFS),,2026-08-06
unemployment-rate-rural,Jharkhand,2019,30.0,"RBI Handbook of Statistics on Indian States, Table 8: State-wise Unemployment Rate, Usual Status Adjusted (Rural Overall)",https://www.rbi.org.in/Scripts/AnnualPublications.aspx?head=Handbook+of+Statistics+on+Indian+States,2019-20,NSO (NSSO EUS / PLFS),,2026-08-06
unemployment-rate-rural,Jharkhand,2020,18.0,"RBI Handbook of Statistics on Indian States, Table 8: State-wise Unemployment Rate, Usual Status Adjusted (Rural Overall)",https://www.rbi.org.in/Scripts/AnnualPublications.aspx?head=Handbook+of+Statistics+on+Indian+States,2020-21,NSO (NSSO EUS / PLFS),,2026-08-06
unemployment-rate-rural,Jharkhand,2021,12.0,"RBI Handbook of Statistics on Indian States, Table 8: State-wise Unemployment Rate, Usual Status Adjusted (Rural Overall)",https://www.rbi.org.in/Scripts/AnnualPublications.aspx?head=Handbook+of+Statistics+on+Indian+States,2021-22,NSO (NSSO EUS / PLFS),,2026-08-06
unemployment-rate-rural,Jharkhand,2022,9.0,"RBI Handbook of Statistics on Indian States, Table 8: State-wise Unemployment Rate, Usual Status Adjusted (Rural Overall)",https://www.rbi.org.in/Scripts/AnnualPublications.aspx?head=Handbook+of+Statistics+on+Indian+States,2022-23,NSO (NSSO EUS / PLFS),,2026-08-06
unemployment-rate-rural,Jharkhand,2023,5.0,"RBI Handbook of Statistics on Indian States, Table 8: State-wise Unemployment Rate, Usual Status Adjusted (Rural Overall)",https://www.rbi.org.in/Scripts/AnnualPublications.aspx?head=Handbook+of+Statistics+on+Indian+States,2023-24,NSO (NSSO EUS / PLFS),,2026-08-06
unemployment-rate-rural,Karnataka,1993,7.0,"RBI Handbook of Statistics on Indian States, Table 8: State-wise Unemployment Rate, Usual Status Adjusted (Rural Overall)",https://www.rbi.org.in/Scripts/AnnualPublications.aspx?head=Handbook+of+Statistics+on+Indian+States,1993-94,NSO (NSSO EUS / PLFS),,2026-08-06
unemployment-rate-rural,Karnataka,1999,7.0,"RBI Handbook of Statistics on Indian States, Table 8: State-wise Unemployment Rate, Usual Status Adjusted (Rural Overall)",https://www.rbi.org.in/Scripts/AnnualPublications.aspx?head=Handbook+of+Statistics+on+Indian+States,1999-00,NSO (NSSO EUS / PLFS),,2026-08-06
unemployment-rate-rural,Karnataka,2004,7.0,"RBI Handbook of Statistics on Indian States, Table 8: State-wise Unemployment Rate, Usual Status Adjusted (Rural Overall)",https://www.rbi.org.in/Scripts/AnnualPublications.aspx?head=Handbook+of+Statistics+on+Indian+States,2004-05,NSO (NSSO EUS / PLFS),,2026-08-06
unemployment-rate-rural,Karnataka,2009,5.0,"RBI Handbook of Statistics on Indian States, Table 8: State-wise Unemployment Rate, Usual Status Adjusted (Rural Overall)",https://www.rbi.org.in/Scripts/AnnualPublications.aspx?head=Handbook+of+Statistics+on+Indian+States,2009-10,NSO (NSSO EUS / PLFS),,2026-08-06
unemployment-rate-rural,Karnataka,2011,9.0,"RBI Handbook of Statistics on Indian States, Table 8: State-wise Unemployment Rate, Usual Status Adjusted (Rural Overall)",https://www.rbi.org.in/Scripts/AnnualPublications.aspx?head=Handbook+of+Statistics+on+Indian+States,2011-12,NSO (NSSO EUS / PLFS),,2026-08-06
unemployment-rate-rural,Karnataka,2017,39.0,"RBI Handbook of Statistics on Indian States, Table 8: State-wise Unemployment Rate, Usual Status Adjusted (Rural Overall)",https://www.rbi.org.in/Scripts/AnnualPublications.aspx?head=Handbook+of+Statistics+on+Indian+States,2017-18,NSO (NSSO EUS / PLFS),,2026-08-06
unemployment-rate-rural,Karnataka,2018,27.0,"RBI Handbook of Statistics on Indian States, Table 8: State-wise Unemployment Rate, Usual Status Adjusted (Rural Overall)",https://www.rbi.org.in/Scripts/AnnualPublications.aspx?head=Handbook+of+Statistics+on+Indian+States,2018-19,NSO (NSSO EUS / PLFS),,2026-08-06
unemployment-rate-rural,Karnataka,2019,27.0,"RBI Handbook of Statistics on Indian States, Table 8: State-wise Unemployment Rate, Usual Status Adjusted (Rural Overall)",https://www.rbi.org.in/Scripts/AnnualPublications.aspx?head=Handbook+of+Statistics+on+Indian+States,2019-20,NSO (NSSO EUS / PLFS),,2026-08-06
unemployment-rate-rural,Karnataka,2020,22.0,"RBI Handbook of Statistics on Indian States, Table 8: State-wise Unemployment Rate, Usual Status Adjusted (Rural Overall)",https://www.rbi.org.in/Scripts/AnnualPublications.aspx?head=Handbook+of+Statistics+on+Indian+States,2020-21,NSO (NSSO EUS / PLFS),,2026-08-06
unemployment-rate-rural,Karnataka,2021,23.0,"RBI Handbook of Statistics on Indian States, Table 8: State-wise Unemployment Rate, Usual Status Adjusted (Rural Overall)",https://www.rbi.org.in/Scripts/AnnualPublications.aspx?head=Handbook+of+Statistics+on+Indian+States,2021-22,NSO (NSSO EUS / PLFS),,2026-08-06
unemployment-rate-rural,Karnataka,2022,15.0,"RBI Handbook of Statistics on Indian States, Table 8: State-wise Unemployment Rate, Usual Status Adjusted (Rural Overall)",https://www.rbi.org.in/Scripts/AnnualPublications.aspx?head=Handbook+of+Statistics+on+Indian+States,2022-23,NSO (NSSO EUS / PLFS),,2026-08-06
unemployment-rate-rural,Karnataka,2023,19.0,"RBI Handbook of Statistics on Indian States, Table 8: State-wise Unemployment Rate, Usual Status Adjusted (Rural Overall)",https://www.rbi.org.in/Scripts/AnnualPublications.aspx?head=Handbook+of+Statistics+on+Indian+States,2023-24,NSO (NSSO EUS / PLFS),,2026-08-06
unemployment-rate-rural,Kerala,1993,69.0,"RBI Handbook of Statistics on Indian States, Table 8: State-wise Unemployment Rate, Usual Status Adjusted (Rural Overall)",https://www.rbi.org.in/Scripts/AnnualPublications.aspx?head=Handbook+of+Statistics+on+Indian+States,1993-94,NSO (NSSO EUS / PLFS),,2026-08-06
unemployment-rate-rural,Kerala,1999,82.0,"RBI Handbook of Statistics on Indian States, Table 8: State-wise Unemployment Rate, Usual Status Adjusted (Rural Overall)",https://www.rbi.org.in/Scripts/AnnualPublications.aspx?head=Handbook+of+Statistics+on+Indian+States,1999-00,NSO (NSSO EUS / PLFS),,2026-08-06
unemployment-rate-rural,Kerala,2004,107.0,"RBI Handbook of Statistics on Indian States, Table 8: State-wise Unemployment Rate, Usual Status Adjusted (Rural Overall)",https://www.rbi.org.in/Scripts/AnnualPublications.aspx?head=Handbook+of+Statistics+on+Indian+States,2004-05,NSO (NSSO EUS / PLFS),,2026-08-06
unemployment-rate-rural,Kerala,2009,75.0,"RBI Handbook of Statistics on Indian States, Table 8: State-wise Unemployment Rate, Usual Status Adjusted (Rural Overall)",https://www.rbi.org.in/Scripts/AnnualPublications.aspx?head=Handbook+of+Statistics+on+Indian+States,2009-10,NSO (NSSO EUS / PLFS),,2026-08-06
unemployment-rate-rural,Kerala,2011,68.0,"RBI Handbook of Statistics on Indian States, Table 8: State-wise Unemployment Rate, Usual Status Adjusted (Rural Overall)",https://www.rbi.org.in/Scripts/AnnualPublications.aspx?head=Handbook+of+Statistics+on+Indian+States,2011-12,NSO (NSSO EUS / PLFS),,2026-08-06
unemployment-rate-rural,Kerala,2017,100.0,"RBI Handbook of Statistics on Indian States, Table 8: State-wise Unemployment Rate, Usual Status Adjusted (Rural Overall)",https://www.rbi.org.in/Scripts/AnnualPublications.aspx?head=Handbook+of+Statistics+on+Indian+States,2017-18,NSO (NSSO EUS / PLFS),,2026-08-06
unemployment-rate-rural,Kerala,2018,84.0,"RBI Handbook of Statistics on Indian States, Table 8: State-wise Unemployment Rate, Usual Status Adjusted (Rural Overall)",https://www.rbi.org.in/Scripts/AnnualPublications.aspx?head=Handbook+of+Statistics+on+Indian+States,2018-19,NSO (NSSO EUS / PLFS),,2026-08-06
unemployment-rate-rural,Kerala,2019,97.0,"RBI Handbook of Statistics on Indian States, Table 8: State-wise Unemployment Rate, Usual Status Adjusted (Rural Overall)",https://www.rbi.org.in/Scripts/AnnualPublications.aspx?head=Handbook+of+Statistics+on+Indian+States,2019-20,NSO (NSSO EUS / PLFS),,2026-08-06
unemployment-rate-rural,Kerala,2020,89.0,"RBI Handbook of Statistics on Indian States, Table 8: State-wise Unemployment Rate, Usual Status Adjusted (Rural Overall)",https://www.rbi.org.in/Scripts/AnnualPublications.aspx?head=Handbook+of+Statistics+on+Indian+States,2020-21,NSO (NSSO EUS / PLFS),,2026-08-06
unemployment-rate-rural,Kerala,2021,90.0,"RBI Handbook of Statistics on Indian States, Table 8: State-wise Unemployment Rate, Usual Status Adjusted (Rural Overall)",https://www.rbi.org.in/Scripts/AnnualPublications.aspx?head=Handbook+of+Statistics+on+Indian+States,2021-22,NSO (NSSO EUS / PLFS),,2026-08-06
unemployment-rate-rural,Kerala,2022,65.0,"RBI Handbook of Statistics on Indian States, Table 8: State-wise Unemployment Rate, Usual Status Adjusted (Rural Overall)",https://www.rbi.org.in/Scripts/AnnualPublications.aspx?head=Handbook+of+Statistics+on+Indian+States,2022-23,NSO (NSSO EUS / PLFS),,2026-08-06
unemployment-rate-rural,Kerala,2023,76.0,"RBI Handbook of Statistics on Indian States, Table 8: State-wise Unemployment Rate, Usual Status Adjusted (Rural Overall)",https://www.rbi.org.in/Scripts/AnnualPublications.aspx?head=Handbook+of+Statistics+on+Indian+States,2023-24,NSO (NSSO EUS / PLFS),,2026-08-06
unemployment-rate-rural,Madhya Pradesh,1993,5.0,"RBI Handbook of Statistics on Indian States, Table 8: State-wise Unemployment Rate, Usual Status Adjusted (Rural Overall)",https://www.rbi.org.in/Scripts/AnnualPublications.aspx?head=Handbook+of+Statistics+on+Indian+States,1993-94,NSO (NSSO EUS / PLFS),,2026-08-06
unemployment-rate-rural,Madhya Pradesh,1999,5.0,"RBI Handbook of Statistics on Indian States, Table 8: State-wise Unemployment Rate, Usual Status Adjusted (Rural Overall)",https://www.rbi.org.in/Scripts/AnnualPublications.aspx?head=Handbook+of+Statistics+on+Indian+States,1999-00,NSO (NSSO EUS / PLFS),,2026-08-06
unemployment-rate-rural,Madhya Pradesh,2004,5.0,"RBI Handbook of Statistics on Indian States, Table 8: State-wise Unemployment Rate, Usual Status Adjusted (Rural Overall)",https://www.rbi.org.in/Scripts/AnnualPublications.aspx?head=Handbook+of+Statistics+on+Indian+States,2004-05,NSO (NSSO EUS / PLFS),,2026-08-06
unemployment-rate-rural,Madhya Pradesh,2009,7.0,"RBI Handbook of Statistics on Indian States, Table 8: State-wise Unemployment Rate, Usual Status Adjusted (Rural Overall)",https://www.rbi.org.in/Scripts/AnnualPublications.aspx?head=Handbook+of+Statistics+on+Indian+States,2009-10,NSO (NSSO EUS / PLFS),,2026-08-06
unemployment-rate-rural,Madhya Pradesh,2011,4.0,"RBI Handbook of Statistics on Indian States, Table 8: State-wise Unemployment Rate, Usual Status Adjusted (Rural Overall)",https://www.rbi.org.in/Scripts/AnnualPublications.aspx?head=Handbook+of+Statistics+on+Indian+States,2011-12,NSO (NSSO EUS / PLFS),,2026-08-06
unemployment-rate-rural,Madhya Pradesh,2017,36.0,"RBI Handbook of Statistics on Indian States, Table 8: State-wise Unemployment Rate, Usual Status Adjusted (Rural Overall)",https://www.rbi.org.in/Scripts/AnnualPublications.aspx?head=Handbook+of+Statistics+on+Indian+States,2017-18,NSO (NSSO EUS / PLFS),,2026-08-06
unemployment-rate-rural,Madhya Pradesh,2018,24.0,"RBI Handbook of Statistics on Indian States, Table 8: State-wise Unemployment Rate, Usual Status Adjusted (Rural Overall)",https://www.rbi.org.in/Scripts/AnnualPublications.aspx?head=Handbook+of+Statistics+on+Indian+States,2018-19,NSO (NSSO EUS / PLFS),,2026-08-06
unemployment-rate-rural,Madhya Pradesh,2019,17.0,"RBI Handbook of Statistics on Indian States, Table 8: State-wise Unemployment Rate, Usual Status Adjusted (Rural Overall)",https://www.rbi.org.in/Scripts/AnnualPublications.aspx?head=Handbook+of+Statistics+on+Indian+States,2019-20,NSO (NSSO EUS / PLFS),,2026-08-06
unemployment-rate-rural,Madhya Pradesh,2020,11.0,"RBI Handbook of Statistics on Indian States, Table 8: State-wise Unemployment Rate, Usual Status Adjusted (Rural Overall)",https://www.rbi.org.in/Scripts/AnnualPublications.aspx?head=Handbook+of+Statistics+on+Indian+States,2020-21,NSO (NSSO EUS / PLFS),,2026-08-06
unemployment-rate-rural,Madhya Pradesh,2021,13.0,"RBI Handbook of Statistics on Indian States, Table 8: State-wise Unemployment Rate, Usual Status Adjusted (Rural Overall)",https://www.rbi.org.in/Scripts/AnnualPublications.aspx?head=Handbook+of+Statistics+on+Indian+States,2021-22,NSO (NSSO EUS / PLFS),,2026-08-06
unemployment-rate-rural,Madhya Pradesh,2022,8.0,"RBI Handbook of Statistics on Indian States, Table 8: State-wise Unemployment Rate, Usual Status Adjusted (Rural Overall)",https://www.rbi.org.in/Scripts/AnnualPublications.aspx?head=Handbook+of+Statistics+on+Indian+States,2022-23,NSO (NSSO EUS / PLFS),,2026-08-06
unemployment-rate-rural,Madhya Pradesh,2023,5.0,"RBI Handbook of Statistics on Indian States, Table 8: State-wise Unemployment Rate, Usual Status Adjusted (Rural Overall)",https://www.rbi.org.in/Scripts/AnnualPublications.aspx?head=Handbook+of+Statistics+on+Indian+States,2023-24,NSO (NSSO EUS / PLFS),,2026-08-06
unemployment-rate-rural,Maharashtra,1993,8.0,"RBI Handbook of Statistics on Indian States, Table 8: State-wise Unemployment Rate, Usual Status Adjusted (Rural Overall)",https://www.rbi.org.in/Scripts/AnnualPublications.aspx?head=Handbook+of+Statistics+on+Indian+States,1993-94,NSO (NSSO EUS / PLFS),,2026-08-06
unemployment-rate-rural,Maharashtra,1999,14.0,"RBI Handbook of Statistics on Indian States, Table 8: State-wise Unemployment Rate, Usual Status Adjusted (Rural Overall)",https://www.rbi.org.in/Scripts/AnnualPublications.aspx?head=Handbook+of+Statistics+on+Indian+States,1999-00,NSO (NSSO EUS / PLFS),,2026-08-06
unemployment-rate-rural,Maharashtra,2004,10.0,"RBI Handbook of Statistics on Indian States, Table 8: State-wise Unemployment Rate, Usual Status Adjusted (Rural Overall)",https://www.rbi.org.in/Scripts/AnnualPublications.aspx?head=Handbook+of+Statistics+on+Indian+States,2004-05,NSO (NSSO EUS / PLFS),,2026-08-06
unemployment-rate-rural,Maharashtra,2009,6.0,"RBI Handbook of Statistics on Indian States, Table 8: State-wise Unemployment Rate, Usual Status Adjusted (Rural Overall)",https://www.rbi.org.in/Scripts/AnnualPublications.aspx?head=Handbook+of+Statistics+on+Indian+States,2009-10,NSO (NSSO EUS / PLFS),,2026-08-06
unemployment-rate-rural,Maharashtra,2011,7.0,"RBI Handbook of Statistics on Indian States, Table 8: State-wise Unemployment Rate, Usual Status Adjusted (Rural Overall)",https://www.rbi.org.in/Scripts/AnnualPublications.aspx?head=Handbook+of+Statistics+on+Indian+States,2011-12,NSO (NSSO EUS / PLFS),,2026-08-06
unemployment-rate-rural,Maharashtra,2017,33.0,"RBI Handbook of Statistics on Indian States, Table 8: State-wise Unemployment Rate, Usual Status Adjusted (Rural Overall)",https://www.rbi.org.in/Scripts/AnnualPublications.aspx?head=Handbook+of+Statistics+on+Indian+States,2017-18,NSO (NSSO EUS / PLFS),,2026-08-06
unemployment-rate-rural,Maharashtra,2018,42.0,"RBI Handbook of Statistics on Indian States, Table 8: State-wise Unemployment Rate, Usual Status Adjusted (Rural Overall)",https://www.rbi.org.in/Scripts/AnnualPublications.aspx?head=Handbook+of+Statistics+on+Indian+States,2018-19,NSO (NSSO EUS / PLFS),,2026-08-06
unemployment-rate-rural,Maharashtra,2019,25.0,"RBI Handbook of Statistics on Indian States, Table 8: State-wise Unemployment Rate, Usual Status Adjusted (Rural Overall)",https://www.rbi.org.in/Scripts/AnnualPublications.aspx?head=Handbook+of+Statistics+on+Indian+States,2019-20,NSO (NSSO EUS / PLFS),,2026-08-06
unemployment-rate-rural,Maharashtra,2020,22.0,"RBI Handbook of Statistics on Indian States, Table 8: State-wise Unemployment Rate, Usual Status Adjusted (Rural Overall)",https://www.rbi.org.in/Scripts/AnnualPublications.aspx?head=Handbook+of+Statistics+on+Indian+States,2020-21,NSO (NSSO EUS / PLFS),,2026-08-06
unemployment-rate-rural,Maharashtra,2021,25.0,"RBI Handbook of Statistics on Indian States, Table 8: State-wise Unemployment Rate, Usual Status Adjusted (Rural Overall)",https://www.rbi.org.in/Scripts/AnnualPublications.aspx?head=Handbook+of+Statistics+on+Indian+States,2021-22,NSO (NSSO EUS / PLFS),,2026-08-06
unemployment-rate-rural,Maharashtra,2022,22.0,"RBI Handbook of Statistics on Indian States, Table 8: State-wise Unemployment Rate, Usual Status Adjusted (Rural Overall)",https://www.rbi.org.in/Scripts/AnnualPublications.aspx?head=Handbook+of+Statistics+on+Indian+States,2022-23,NSO (NSSO EUS / PLFS),,2026-08-06
unemployment-rate-rural,Maharashtra,2023,22.0,"RBI Handbook of Statistics on Indian States, Table 8: State-wise Unemployment Rate, Usual Status Adjusted (Rural Overall)",https://www.rbi.org.in/Scripts/AnnualPublications.aspx?head=Handbook+of+Statistics+on+Indian+States,2023-24,NSO (NSSO EUS / PLFS),,2026-08-06
unemployment-rate-rural,Manipur,1993,10.0,"RBI Handbook of Statistics on Indian States, Table 8: State-wise Unemployment Rate, Usual Status Adjusted (Rural Overall)",https://www.rbi.org.in/Scripts/AnnualPublications.aspx?head=Handbook+of+Statistics+on+Indian+States,1993-94,NSO (NSSO EUS / PLFS),,2026-08-06
unemployment-rate-rural,Manipur,1999,19.0,"RBI Handbook of Statistics on Indian States, Table 8: State-wise Unemployment Rate, Usual Status Adjusted (Rural Overall)",https://www.rbi.org.in/Scripts/AnnualPublications.aspx?head=Handbook+of+Statistics+on+Indian+States,1999-00,NSO (NSSO EUS / PLFS),,2026-08-06
unemployment-rate-rural,Manipur,2004,11.0,"RBI Handbook of Statistics on Indian States, Table 8: State-wise Unemployment Rate, Usual Status Adjusted (Rural Overall)",https://www.rbi.org.in/Scripts/AnnualPublications.aspx?head=Handbook+of+Statistics+on+Indian+States,2004-05,NSO (NSSO EUS / PLFS),,2026-08-06
unemployment-rate-rural,Manipur,2009,38.0,"RBI Handbook of Statistics on Indian States, Table 8: State-wise Unemployment Rate, Usual Status Adjusted (Rural Overall)",https://www.rbi.org.in/Scripts/AnnualPublications.aspx?head=Handbook+of+Statistics+on+Indian+States,2009-10,NSO (NSSO EUS / PLFS),,2026-08-06
unemployment-rate-rural,Manipur,2011,26.0,"RBI Handbook of Statistics on Indian States, Table 8: State-wise Unemployment Rate, Usual Status Adjusted (Rural Overall)",https://www.rbi.org.in/Scripts/AnnualPublications.aspx?head=Handbook+of+Statistics+on+Indian+States,2011-12,NSO (NSSO EUS / PLFS),,2026-08-06
unemployment-rate-rural,Manipur,2017,116.0,"RBI Handbook of Statistics on Indian States, Table 8: State-wise Unemployment Rate, Usual Status Adjusted (Rural Overall)",https://www.rbi.org.in/Scripts/AnnualPublications.aspx?head=Handbook+of+Statistics+on+Indian+States,2017-18,NSO (NSSO EUS / PLFS),,2026-08-06
unemployment-rate-rural,Manipur,2018,98.0,"RBI Handbook of Statistics on Indian States, Table 8: State-wise Unemployment Rate, Usual Status Adjusted (Rural Overall)",https://www.rbi.org.in/Scripts/AnnualPublications.aspx?head=Handbook+of+Statistics+on+Indian+States,2018-19,NSO (NSSO EUS / PLFS),,2026-08-06
unemployment-rate-rural,Manipur,2019,95.0,"RBI Handbook of Statistics on Indian States, Table 8: State-wise Unemployment Rate, Usual Status Adjusted (Rural Overall)",https://www.rbi.org.in/Scripts/AnnualPublications.aspx?head=Handbook+of+Statistics+on+Indian+States,2019-20,NSO (NSSO EUS / PLFS),,2026-08-06
unemployment-rate-rural,Manipur,2020,38.0,"RBI Handbook of Statistics on Indian States, Table 8: State-wise Unemployment Rate, Usual Status Adjusted (Rural Overall)",https://www.rbi.org.in/Scripts/AnnualPublications.aspx?head=Handbook+of+Statistics+on+Indian+States,2020-21,NSO (NSSO EUS / PLFS),,2026-08-06
unemployment-rate-rural,Manipur,2021,95.0,"RBI Handbook of Statistics on Indian States, Table 8: State-wise Unemployment Rate, Usual Status Adjusted (Rural Overall)",https://www.rbi.org.in/Scripts/AnnualPublications.aspx?head=Handbook+of+Statistics+on+Indian+States,2021-22,NSO (NSSO EUS / PLFS),,2026-08-06
unemployment-rate-rural,Manipur,2022,45.0,"RBI Handbook of Statistics on Indian States, Table 8: State-wise Unemployment Rate, Usual Status Adjusted (Rural Overall)",https://www.rbi.org.in/Scripts/AnnualPublications.aspx?head=Handbook+of+Statistics+on+Indian+States,2022-23,NSO (NSSO EUS / PLFS),,2026-08-06
unemployment-rate-rural,Manipur,2023,55.0,"RBI Handbook of Statistics on Indian States, Table 8: State-wise Unemployment Rate, Usual Status Adjusted (Rural Overall)",https://www.rbi.org.in/Scripts/AnnualPublications.aspx?head=Handbook+of+Statistics+on+Indian+States,2023-24,NSO (NSSO EUS / PLFS),,2026-08-06
unemployment-rate-rural,Meghalaya,1993,2.0,"RBI Handbook of Statistics on Indian States, Table 8: State-wise Unemployment Rate, Usual Status Adjusted (Rural Overall)",https://www.rbi.org.in/Scripts/AnnualPublications.aspx?head=Handbook+of+Statistics+on+Indian+States,1993-94,NSO (NSSO EUS / PLFS),,2026-08-06
unemployment-rate-rural,Meghalaya,1999,4.0,"RBI Handbook of Statistics on Indian States, Table 8: State-wise Unemployment Rate, Usual Status Adjusted (Rural Overall)",https://www.rbi.org.in/Scripts/AnnualPublications.aspx?head=Handbook+of+Statistics+on+Indian+States,1999-00,NSO (NSSO EUS / PLFS),,2026-08-06
unemployment-rate-rural,Meghalaya,2004,3.0,"RBI Handbook of Statistics on Indian States, Table 8: State-wise Unemployment Rate, Usual Status Adjusted (Rural Overall)",https://www.rbi.org.in/Scripts/AnnualPublications.aspx?head=Handbook+of+Statistics+on+Indian+States,2004-05,NSO (NSSO EUS / PLFS),,2026-08-06
unemployment-rate-rural,Meghalaya,2009,4.0,"RBI Handbook of Statistics on Indian States, Table 8: State-wise Unemployment Rate, Usual Status Adjusted (Rural Overall)",https://www.rbi.org.in/Scripts/AnnualPublications.aspx?head=Handbook+of+Statistics+on+Indian+States,2009-10,NSO (NSSO EUS / PLFS),,2026-08-06
unemployment-rate-rural,Meghalaya,2011,4.0,"RBI Handbook of Statistics on Indian States, Table 8: State-wise Unemployment Rate, Usual Status Adjusted (Rural Overall)",https://www.rbi.org.in/Scripts/AnnualPublications.aspx?head=Handbook+of+Statistics+on+Indian+States,2011-12,NSO (NSSO EUS / PLFS),,2026-08-06
unemployment-rate-rural,Meghalaya,2017,6.0,"RBI Handbook of Statistics on Indian States, Table 8: State-wise Unemployment Rate, Usual Status Adjusted (Rural Overall)",https://www.rbi.org.in/Scripts/AnnualPublications.aspx?head=Handbook+of+Statistics+on+Indian+States,2017-18,NSO (NSSO EUS / PLFS),,2026-08-06
unemployment-rate-rural,Meghalaya,2018,20.0,"RBI Handbook of Statistics on Indian States, Table 8: State-wise Unemployment Rate, Usual Status Adjusted (Rural Overall)",https://www.rbi.org.in/Scripts/AnnualPublications.aspx?head=Handbook+of+Statistics+on+Indian+States,2018-19,NSO (NSSO EUS / PLFS),,2026-08-06
unemployment-rate-rural,Meghalaya,2019,11.0,"RBI Handbook of Statistics on Indian States, Table 8: State-wise Unemployment Rate, Usual Status Adjusted (Rural Overall)",https://www.rbi.org.in/Scripts/AnnualPublications.aspx?head=Handbook+of+Statistics+on+Indian+States,2019-20,NSO (NSSO EUS / PLFS),,2026-08-06
unemployment-rate-rural,Meghalaya,2020,7.0,"RBI Handbook of Statistics on Indian States, Table 8: State-wise Unemployment Rate, Usual Status Adjusted (Rural Overall)",https://www.rbi.org.in/Scripts/AnnualPublications.aspx?head=Handbook+of+Statistics+on+Indian+States,2020-21,NSO (NSSO EUS / PLFS),,2026-08-06
unemployment-rate-rural,Meghalaya,2021,15.0,"RBI Handbook of Statistics on Indian States, Table 8: State-wise Unemployment Rate, Usual Status Adjusted (Rural Overall)",https://www.rbi.org.in/Scripts/AnnualPublications.aspx?head=Handbook+of+Statistics+on+Indian+States,2021-22,NSO (NSSO EUS / PLFS),,2026-08-06
unemployment-rate-rural,Meghalaya,2022,50.0,"RBI Handbook of Statistics on Indian States, Table 8: State-wise Unemployment Rate, Usual Status Adjusted (Rural Overall)",https://www.rbi.org.in/Scripts/AnnualPublications.aspx?head=Handbook+of+Statistics+on+Indian+States,2022-23,NSO (NSSO EUS / PLFS),,2026-08-06
unemployment-rate-rural,Meghalaya,2023,51.0,"RBI Handbook of Statistics on Indian States, Table 8: State-wise Unemployment Rate, Usual Status Adjusted (Rural Overall)",https://www.rbi.org.in/Scripts/AnnualPublications.aspx?head=Handbook+of+Statistics+on+Indian+States,2023-24,NSO (NSSO EUS / PLFS),,2026-08-06
unemployment-rate-rural,Mizoram,1993,10.0,"RBI Handbook of Statistics on Indian States, Table 8: State-wise Unemployment Rate, Usual Status Adjusted (Rural Overall)",https://www.rbi.org.in/Scripts/AnnualPublications.aspx?head=Handbook+of+Statistics+on+Indian+States,1993-94,NSO (NSSO EUS / PLFS),,2026-08-06
unemployment-rate-rural,Mizoram,1999,9.0,"RBI Handbook of Statistics on Indian States, Table 8: State-wise Unemployment Rate, Usual Status Adjusted (Rural Overall)",https://www.rbi.org.in/Scripts/AnnualPublications.aspx?head=Handbook+of+Statistics+on+Indian+States,1999-00,NSO (NSSO EUS / PLFS),,2026-08-06
unemployment-rate-rural,Mizoram,2004,3.0,"RBI Handbook of Statistics on Indian States, Table 8: State-wise Unemployment Rate, Usual Status Adjusted (Rural Overall)",https://www.rbi.org.in/Scripts/AnnualPublications.aspx?head=Handbook+of+Statistics+on+Indian+States,2004-05,NSO (NSSO EUS / PLFS),,2026-08-06
unemployment-rate-rural,Mizoram,2009,13.0,"RBI Handbook of Statistics on Indian States, Table 8: State-wise Unemployment Rate, Usual Status Adjusted (Rural Overall)",https://www.rbi.org.in/Scripts/AnnualPublications.aspx?head=Handbook+of+Statistics+on+Indian+States,2009-10,NSO (NSSO EUS / PLFS),,2026-08-06
unemployment-rate-rural,Mizoram,2011,18.0,"RBI Handbook of Statistics on Indian States, Table 8: State-wise Unemployment Rate, Usual Status Adjusted (Rural Overall)",https://www.rbi.org.in/Scripts/AnnualPublications.aspx?head=Handbook+of+Statistics+on+Indian+States,2011-12,NSO (NSSO EUS / PLFS),,2026-08-06
unemployment-rate-rural,Mizoram,2017,65.0,"RBI Handbook of Statistics on Indian States, Table 8: State-wise Unemployment Rate, Usual Status Adjusted (Rural Overall)",https://www.rbi.org.in/Scripts/AnnualPublications.aspx?head=Handbook+of+Statistics+on+Indian+States,2017-18,NSO (NSSO EUS / PLFS),,2026-08-06
unemployment-rate-rural,Mizoram,2018,52.0,"RBI Handbook of Statistics on Indian States, Table 8: State-wise Unemployment Rate, Usual Status Adjusted (Rural Overall)",https://www.rbi.org.in/Scripts/AnnualPublications.aspx?head=Handbook+of+Statistics+on+Indian+States,2018-19,NSO (NSSO EUS / PLFS),,2026-08-06
unemployment-rate-rural,Mizoram,2019,42.0,"RBI Handbook of Statistics on Indian States, Table 8: State-wise Unemployment Rate, Usual Status Adjusted (Rural Overall)",https://www.rbi.org.in/Scripts/AnnualPublications.aspx?head=Handbook+of+Statistics+on+Indian+States,2019-20,NSO (NSSO EUS / PLFS),,2026-08-06
unemployment-rate-rural,Mizoram,2020,27.0,"RBI Handbook of Statistics on Indian States, Table 8: State-wise Unemployment Rate, Usual Status Adjusted (Rural Overall)",https://www.rbi.org.in/Scripts/AnnualPublications.aspx?head=Handbook+of+Statistics+on+Indian+States,2020-21,NSO (NSSO EUS / PLFS),,2026-08-06
unemployment-rate-rural,Mizoram,2021,40.0,"RBI Handbook of Statistics on Indian States, Table 8: State-wise Unemployment Rate, Usual Status Adjusted (Rural Overall)",https://www.rbi.org.in/Scripts/AnnualPublications.aspx?head=Handbook+of+Statistics+on+Indian+States,2021-22,NSO (NSSO EUS / PLFS),,2026-08-06
unemployment-rate-rural,Mizoram,2022,12.0,"RBI Handbook of Statistics on Indian States, Table 8: State-wise Unemployment Rate, Usual Status Adjusted (Rural Overall)",https://www.rbi.org.in/Scripts/AnnualPublications.aspx?head=Handbook+of+Statistics+on+Indian+States,2022-23,NSO (NSSO EUS / PLFS),,2026-08-06
unemployment-rate-rural,Mizoram,2023,13.0,"RBI Handbook of Statistics on Indian States, Table 8: State-wise Unemployment Rate, Usual Status Adjusted (Rural Overall)",https://www.rbi.org.in/Scripts/AnnualPublications.aspx?head=Handbook+of+Statistics+on+Indian+States,2023-24,NSO (NSSO EUS / PLFS),,2026-08-06
unemployment-rate-rural,Nagaland,1993,14.0,"RBI Handbook of Statistics on Indian States, Table 8: State-wise Unemployment Rate, Usual Status Adjusted (Rural Overall)",https://www.rbi.org.in/Scripts/AnnualPublications.aspx?head=Handbook+of+Statistics+on+Indian+States,1993-94,NSO (NSSO EUS / PLFS),,2026-08-06
unemployment-rate-rural,Nagaland,1999,24.0,"RBI Handbook of Statistics on Indian States, Table 8: State-wise Unemployment Rate, Usual Status Adjusted (Rural Overall)",https://www.rbi.org.in/Scripts/AnnualPublications.aspx?head=Handbook+of+Statistics+on+Indian+States,1999-00,NSO (NSSO EUS / PLFS),,2026-08-06
unemployment-rate-rural,Nagaland,2004,18.0,"RBI Handbook of Statistics on Indian States, Table 8: State-wise Unemployment Rate, Usual Status Adjusted (Rural Overall)",https://www.rbi.org.in/Scripts/AnnualPublications.aspx?head=Handbook+of+Statistics+on+Indian+States,2004-05,NSO (NSSO EUS / PLFS),,2026-08-06
unemployment-rate-rural,Nagaland,2009,106.0,"RBI Handbook of Statistics on Indian States, Table 8: State-wise Unemployment Rate, Usual Status Adjusted (Rural Overall)",https://www.rbi.org.in/Scripts/AnnualPublications.aspx?head=Handbook+of+Statistics+on+Indian+States,2009-10,NSO (NSSO EUS / PLFS),,2026-08-06
unemployment-rate-rural,Nagaland,2011,151.0,"RBI Handbook of Statistics on Indian States, Table 8: State-wise Unemployment Rate, Usual Status Adjusted (Rural Overall)",https://www.rbi.org.in/Scripts/AnnualPublications.aspx?head=Handbook+of+Statistics+on+Indian+States,2011-12,NSO (NSSO EUS / PLFS),,2026-08-06
unemployment-rate-rural,Nagaland,2017,216.0,"RBI Handbook of Statistics on Indian States, Table 8: State-wise Unemployment Rate, Usual Status Adjusted (Rural Overall)",https://www.rbi.org.in/Scripts/AnnualPublications.aspx?head=Handbook+of+Statistics+on+Indian+States,2017-18,NSO (NSSO EUS / PLFS),,2026-08-06
unemployment-rate-rural,Nagaland,2018,162.0,"RBI Handbook of Statistics on Indian States, Table 8: State-wise Unemployment Rate, Usual Status Adjusted (Rural Overall)",https://www.rbi.org.in/Scripts/AnnualPublications.aspx?head=Handbook+of+Statistics+on+Indian+States,2018-19,NSO (NSSO EUS / PLFS),,2026-08-06
unemployment-rate-rural,Nagaland,2019,258.0,"RBI Handbook of Statistics on Indian States, Table 8: State-wise Unemployment Rate, Usual Status Adjusted (Rural Overall)",https://www.rbi.org.in/Scripts/AnnualPublications.aspx?head=Handbook+of+Statistics+on+Indian+States,2019-20,NSO (NSSO EUS / PLFS),,2026-08-06
unemployment-rate-rural,Nagaland,2020,178.0,"RBI Handbook of Statistics on Indian States, Table 8: State-wise Unemployment Rate, Usual Status Adjusted (Rural Overall)",https://www.rbi.org.in/Scripts/AnnualPublications.aspx?head=Handbook+of+Statistics+on+Indian+States,2020-21,NSO (NSSO EUS / PLFS),,2026-08-06
unemployment-rate-rural,Nagaland,2021,75.0,"RBI Handbook of Statistics on Indian States, Table 8: State-wise Unemployment Rate, Usual Status Adjusted (Rural Overall)",https://www.rbi.org.in/Scripts/AnnualPublications.aspx?head=Handbook+of+Statistics+on+Indian+States,2021-22,NSO (NSSO EUS / PLFS),,2026-08-06
unemployment-rate-rural,Nagaland,2022,29.0,"RBI Handbook of Statistics on Indian States, Table 8: State-wise Unemployment Rate, Usual Status Adjusted (Rural Overall)",https://www.rbi.org.in/Scripts/AnnualPublications.aspx?head=Handbook+of+Statistics+on+Indian+States,2022-23,NSO (NSSO EUS / PLFS),,2026-08-06
unemployment-rate-rural,Nagaland,2023,57.0,"RBI Handbook of Statistics on Indian States, Table 8: State-wise Unemployment Rate, Usual Status Adjusted (Rural Overall)",https://www.rbi.org.in/Scripts/AnnualPublications.aspx?head=Handbook+of+Statistics+on+Indian+States,2023-24,NSO (NSSO EUS / PLFS),,2026-08-06
unemployment-rate-rural,Odisha,1993,14.0,"RBI Handbook of Statistics on Indian States, Table 8: State-wise Unemployment Rate, Usual Status Adjusted (Rural Overall)",https://www.rbi.org.in/Scripts/AnnualPublications.aspx?head=Handbook+of+Statistics+on+Indian+States,1993-94,NSO (NSSO EUS / PLFS),,2026-08-06
unemployment-rate-rural,Odisha,1999,19.0,"RBI Handbook of Statistics on Indian States, Table 8: State-wise Unemployment Rate, Usual Status Adjusted (Rural Overall)",https://www.rbi.org.in/Scripts/AnnualPublications.aspx?head=Handbook+of+Statistics+on+Indian+States,1999-00,NSO (NSSO EUS / PLFS),,2026-08-06
unemployment-rate-rural,Odisha,2004,50.0,"RBI Handbook of Statistics on Indian States, Table 8: State-wise Unemployment Rate, Usual Status Adjusted (Rural Overall)",https://www.rbi.org.in/Scripts/AnnualPublications.aspx?head=Handbook+of+Statistics+on+Indian+States,2004-05,NSO (NSSO EUS / PLFS),,2026-08-06
unemployment-rate-rural,Odisha,2009,30.0,"RBI Handbook of Statistics on Indian States, Table 8: State-wise Unemployment Rate, Usual Status Adjusted (Rural Overall)",https://www.rbi.org.in/Scripts/AnnualPublications.aspx?head=Handbook+of+Statistics+on+Indian+States,2009-10,NSO (NSSO EUS / PLFS),,2026-08-06
unemployment-rate-rural,Odisha,2011,22.0,"RBI Handbook of Statistics on Indian States, Table 8: State-wise Unemployment Rate, Usual Status Adjusted (Rural Overall)",https://www.rbi.org.in/Scripts/AnnualPublications.aspx?head=Handbook+of+Statistics+on+Indian+States,2011-12,NSO (NSSO EUS / PLFS),,2026-08-06
unemployment-rate-rural,Odisha,2017,69.0,"RBI Handbook of Statistics on Indian States, Table 8: State-wise Unemployment Rate, Usual Status Adjusted (Rural Overall)",https://www.rbi.org.in/Scripts/AnnualPublications.aspx?head=Handbook+of+Statistics+on+Indian+States,2017-18,NSO (NSSO EUS / PLFS),,2026-08-06
unemployment-rate-rural,Odisha,2018,61.0,"RBI Handbook of Statistics on Indian States, Table 8: State-wise Unemployment Rate, Usual Status Adjusted (Rural Overall)",https://www.rbi.org.in/Scripts/AnnualPublications.aspx?head=Handbook+of+Statistics+on+Indian+States,2018-19,NSO (NSSO EUS / PLFS),,2026-08-06
unemployment-rate-rural,Odisha,2019,61.0,"RBI Handbook of Statistics on Indian States, Table 8: State-wise Unemployment Rate, Usual Status Adjusted (Rural Overall)",https://www.rbi.org.in/Scripts/AnnualPublications.aspx?head=Handbook+of+Statistics+on+Indian+States,2019-20,NSO (NSSO EUS / PLFS),,2026-08-06
unemployment-rate-rural,Odisha,2020,50.0,"RBI Handbook of Statistics on Indian States, Table 8: State-wise Unemployment Rate, Usual Status Adjusted (Rural Overall)",https://www.rbi.org.in/Scripts/AnnualPublications.aspx?head=Handbook+of+Statistics+on+Indian+States,2020-21,NSO (NSSO EUS / PLFS),,2026-08-06
unemployment-rate-rural,Odisha,2021,54.0,"RBI Handbook of Statistics on Indian States, Table 8: State-wise Unemployment Rate, Usual Status Adjusted (Rural Overall)",https://www.rbi.org.in/Scripts/AnnualPublications.aspx?head=Handbook+of+Statistics+on+Indian+States,2021-22,NSO (NSSO EUS / PLFS),,2026-08-06
unemployment-rate-rural,Odisha,2022,36.0,"RBI Handbook of Statistics on Indian States, Table 8: State-wise Unemployment Rate, Usual Status Adjusted (Rural Overall)",https://www.rbi.org.in/Scripts/AnnualPublications.aspx?head=Handbook+of+Statistics+on+Indian+States,2022-23,NSO (NSSO EUS / PLFS),,2026-08-06
unemployment-rate-rural,Odisha,2023,26.0,"RBI Handbook of Statistics on Indian States, Table 8: State-wise Unemployment Rate, Usual Status Adjusted (Rural Overall)",https://www.rbi.org.in/Scripts/AnnualPublications.aspx?head=Handbook+of+Statistics+on+Indian+States,2023-24,NSO (NSSO EUS / PLFS),,2026-08-06
unemployment-rate-rural,Punjab,1993,13.0,"RBI Handbook of Statistics on Indian States, Table 8: State-wise Unemployment Rate, Usual Status Adjusted (Rural Overall)",https://www.rbi.org.in/Scripts/AnnualPublications.aspx?head=Handbook+of+Statistics+on+Indian+States,1993-94,NSO (NSSO EUS / PLFS),,2026-08-06
unemployment-rate-rural,Punjab,1999,18.0,"RBI Handbook of Statistics on Indian States, Table 8: State-wise Unemployment Rate, Usual Status Adjusted (Rural Overall)",https://www.rbi.org.in/Scripts/AnnualPublications.aspx?head=Handbook+of+Statistics+on+Indian+States,1999-00,NSO (NSSO EUS / PLFS),,2026-08-06
unemployment-rate-rural,Punjab,2004,38.0,"RBI Handbook of Statistics on Indian States, Table 8: State-wise Unemployment Rate, Usual Status Adjusted (Rural Overall)",https://www.rbi.org.in/Scripts/AnnualPublications.aspx?head=Handbook+of+Statistics+on+Indian+States,2004-05,NSO (NSSO EUS / PLFS),,2026-08-06
unemployment-rate-rural,Punjab,2009,26.0,"RBI Handbook of Statistics on Indian States, Table 8: State-wise Unemployment Rate, Usual Status Adjusted (Rural Overall)",https://www.rbi.org.in/Scripts/AnnualPublications.aspx?head=Handbook+of+Statistics+on+Indian+States,2009-10,NSO (NSSO EUS / PLFS),,2026-08-06
unemployment-rate-rural,Punjab,2011,19.0,"RBI Handbook of Statistics on Indian States, Table 8: State-wise Unemployment Rate, Usual Status Adjusted (Rural Overall)",https://www.rbi.org.in/Scripts/AnnualPublications.aspx?head=Handbook+of+Statistics+on+Indian+States,2011-12,NSO (NSSO EUS / PLFS),,2026-08-06
unemployment-rate-rural,Punjab,2017,78.0,"RBI Handbook of Statistics on Indian States, Table 8: State-wise Unemployment Rate, Usual Status Adjusted (Rural Overall)",https://www.rbi.org.in/Scripts/AnnualPublications.aspx?head=Handbook+of+Statistics+on+Indian+States,2017-18,NSO (NSSO EUS / PLFS),,2026-08-06
unemployment-rate-rural,Punjab,2018,77.0,"RBI Handbook of Statistics on Indian States, Table 8: State-wise Unemployment Rate, Usual Status Adjusted (Rural Overall)",https://www.rbi.org.in/Scripts/AnnualPublications.aspx?head=Handbook+of+Statistics+on+Indian+States,2018-19,NSO (NSSO EUS / PLFS),,2026-08-06
unemployment-rate-rural,Punjab,2019,72.0,"RBI Handbook of Statistics on Indian States, Table 8: State-wise Unemployment Rate, Usual Status Adjusted (Rural Overall)",https://www.rbi.org.in/Scripts/AnnualPublications.aspx?head=Handbook+of+Statistics+on+Indian+States,2019-20,NSO (NSSO EUS / PLFS),,2026-08-06
unemployment-rate-rural,Punjab,2020,62.0,"RBI Handbook of Statistics on Indian States, Table 8: State-wise Unemployment Rate, Usual Status Adjusted (Rural Overall)",https://www.rbi.org.in/Scripts/AnnualPublications.aspx?head=Handbook+of+Statistics+on+Indian+States,2020-21,NSO (NSSO EUS / PLFS),,2026-08-06
unemployment-rate-rural,Punjab,2021,66.0,"RBI Handbook of Statistics on Indian States, Table 8: State-wise Unemployment Rate, Usual Status Adjusted (Rural Overall)",https://www.rbi.org.in/Scripts/AnnualPublications.aspx?head=Handbook+of+Statistics+on+Indian+States,2021-22,NSO (NSSO EUS / PLFS),,2026-08-06
unemployment-rate-rural,Punjab,2022,62.0,"RBI Handbook of Statistics on Indian States, Table 8: State-wise Unemployment Rate, Usual Status Adjusted (Rural Overall)",https://www.rbi.org.in/Scripts/AnnualPublications.aspx?head=Handbook+of+Statistics+on+Indian+States,2022-23,NSO (NSSO EUS / PLFS),,2026-08-06
unemployment-rate-rural,Punjab,2023,54.0,"RBI Handbook of Statistics on Indian States, Table 8: State-wise Unemployment Rate, Usual Status Adjusted (Rural Overall)",https://www.rbi.org.in/Scripts/AnnualPublications.aspx?head=Handbook+of+Statistics+on+Indian+States,2023-24,NSO (NSSO EUS / PLFS),,2026-08-06
unemployment-rate-rural,Rajasthan,1993,3.0,"RBI Handbook of Statistics on Indian States, Table 8: State-wise Unemployment Rate, Usual Status Adjusted (Rural Overall)",https://www.rbi.org.in/Scripts/AnnualPublications.aspx?head=Handbook+of+Statistics+on+Indian+States,1993-94,NSO (NSSO EUS / PLFS),,2026-08-06
unemployment-rate-rural,Rajasthan,1999,4.0,"RBI Handbook of Statistics on Indian States, Table 8: State-wise Unemployment Rate, Usual Status Adjusted (Rural Overall)",https://www.rbi.org.in/Scripts/AnnualPublications.aspx?head=Handbook+of+Statistics+on+Indian+States,1999-00,NSO (NSSO EUS / PLFS),,2026-08-06
unemployment-rate-rural,Rajasthan,2004,7.0,"RBI Handbook of Statistics on Indian States, Table 8: State-wise Unemployment Rate, Usual Status Adjusted (Rural Overall)",https://www.rbi.org.in/Scripts/AnnualPublications.aspx?head=Handbook+of+Statistics+on+Indian+States,2004-05,NSO (NSSO EUS / PLFS),,2026-08-06
unemployment-rate-rural,Rajasthan,2009,4.0,"RBI Handbook of Statistics on Indian States, Table 8: State-wise Unemployment Rate, Usual Status Adjusted (Rural Overall)",https://www.rbi.org.in/Scripts/AnnualPublications.aspx?head=Handbook+of+Statistics+on+Indian+States,2009-10,NSO (NSSO EUS / PLFS),,2026-08-06
unemployment-rate-rural,Rajasthan,2011,7.0,"RBI Handbook of Statistics on Indian States, Table 8: State-wise Unemployment Rate, Usual Status Adjusted (Rural Overall)",https://www.rbi.org.in/Scripts/AnnualPublications.aspx?head=Handbook+of+Statistics+on+Indian+States,2011-12,NSO (NSSO EUS / PLFS),,2026-08-06
unemployment-rate-rural,Rajasthan,2017,45.0,"RBI Handbook of Statistics on Indian States, Table 8: State-wise Unemployment Rate, Usual Status Adjusted (Rural Overall)",https://www.rbi.org.in/Scripts/AnnualPublications.aspx?head=Handbook+of+Statistics+on+Indian+States,2017-18,NSO (NSSO EUS / PLFS),,2026-08-06
unemployment-rate-rural,Rajasthan,2018,46.0,"RBI Handbook of Statistics on Indian States, Table 8: State-wise Unemployment Rate, Usual Status Adjusted (Rural Overall)",https://www.rbi.org.in/Scripts/AnnualPublications.aspx?head=Handbook+of+Statistics+on+Indian+States,2018-19,NSO (NSSO EUS / PLFS),,2026-08-06
unemployment-rate-rural,Rajasthan,2019,32.0,"RBI Handbook of Statistics on Indian States, Table 8: State-wise Unemployment Rate, Usual Status Adjusted (Rural Overall)",https://www.rbi.org.in/Scripts/AnnualPublications.aspx?head=Handbook+of+Statistics+on+Indian+States,2019-20,NSO (NSSO EUS / PLFS),,2026-08-06
unemployment-rate-rural,Rajasthan,2020,36.0,"RBI Handbook of Statistics on Indian States, Table 8: State-wise Unemployment Rate, Usual Status Adjusted (Rural Overall)",https://www.rbi.org.in/Scripts/AnnualPublications.aspx?head=Handbook+of+Statistics+on+Indian+States,2020-21,NSO (NSSO EUS / PLFS),,2026-08-06
unemployment-rate-rural,Rajasthan,2021,29.0,"RBI Handbook of Statistics on Indian States, Table 8: State-wise Unemployment Rate, Usual Status Adjusted (Rural Overall)",https://www.rbi.org.in/Scripts/AnnualPublications.aspx?head=Handbook+of+Statistics+on+Indian+States,2021-22,NSO (NSSO EUS / PLFS),,2026-08-06
unemployment-rate-rural,Rajasthan,2022,34.0,"RBI Handbook of Statistics on Indian States, Table 8: State-wise Unemployment Rate, Usual Status Adjusted (Rural Overall)",https://www.rbi.org.in/Scripts/AnnualPublications.aspx?head=Handbook+of+Statistics+on+Indian+States,2022-23,NSO (NSSO EUS / PLFS),,2026-08-06
unemployment-rate-rural,Rajasthan,2023,32.0,"RBI Handbook of Statistics on Indian States, Table 8: State-wise Unemployment Rate, Usual Status Adjusted (Rural Overall)",https://www.rbi.org.in/Scripts/AnnualPublications.aspx?head=Handbook+of+Statistics+on+Indian+States,2023-24,NSO (NSSO EUS / PLFS),,2026-08-06
unemployment-rate-rural,Sikkim,1993,7.0,"RBI Handbook of Statistics on Indian States, Table 8: State-wise Unemployment Rate, Usual Status Adjusted (Rural Overall)",https://www.rbi.org.in/Scripts/AnnualPublications.aspx?head=Handbook+of+Statistics+on+Indian+States,1993-94,NSO (NSSO EUS / PLFS),,2026-08-06
unemployment-rate-rural,Sikkim,1999,28.0,"RBI Handbook of Statistics on Indian States, Table 8: State-wise Unemployment Rate, Usual Status Adjusted (Rural Overall)",https://www.rbi.org.in/Scripts/AnnualPublications.aspx?head=Handbook+of+Statistics+on+Indian+States,1999-00,NSO (NSSO EUS / PLFS),,2026-08-06
unemployment-rate-rural,Sikkim,2004,24.0,"RBI Handbook of Statistics on Indian States, Table 8: State-wise Unemployment Rate, Usual Status Adjusted (Rural Overall)",https://www.rbi.org.in/Scripts/AnnualPublications.aspx?head=Handbook+of+Statistics+on+Indian+States,2004-05,NSO (NSSO EUS / PLFS),,2026-08-06
unemployment-rate-rural,Sikkim,2009,43.0,"RBI Handbook of Statistics on Indian States, Table 8: State-wise Unemployment Rate, Usual Status Adjusted (Rural Overall)",https://www.rbi.org.in/Scripts/AnnualPublications.aspx?head=Handbook+of+Statistics+on+Indian+States,2009-10,NSO (NSSO EUS / PLFS),,2026-08-06
unemployment-rate-rural,Sikkim,2011,10.0,"RBI Handbook of Statistics on Indian States, Table 8: State-wise Unemployment Rate, Usual Status Adjusted (Rural Overall)",https://www.rbi.org.in/Scripts/AnnualPublications.aspx?head=Handbook+of+Statistics+on+Indian+States,2011-12,NSO (NSSO EUS / PLFS),,2026-08-06
unemployment-rate-rural,Sikkim,2017,27.0,"RBI Handbook of Statistics on Indian States, Table 8: State-wise Unemployment Rate, Usual Status Adjusted (Rural Overall)",https://www.rbi.org.in/Scripts/AnnualPublications.aspx?head=Handbook+of+Statistics+on+Indian+States,2017-18,NSO (NSSO EUS / PLFS),,2026-08-06
unemployment-rate-rural,Sikkim,2018,25.0,"RBI Handbook of Statistics on Indian States, Table 8: State-wise Unemployment Rate, Usual Status Adjusted (Rural Overall)",https://www.rbi.org.in/Scripts/AnnualPublications.aspx?head=Handbook+of+Statistics+on+Indian+States,2018-19,NSO (NSSO EUS / PLFS),,2026-08-06
unemployment-rate-rural,Sikkim,2019,20.0,"RBI Handbook of Statistics on Indian States, Table 8: State-wise Unemployment Rate, Usual Status Adjusted (Rural Overall)",https://www.rbi.org.in/Scripts/AnnualPublications.aspx?head=Handbook+of+Statistics+on+Indian+States,2019-20,NSO (NSSO EUS / PLFS),,2026-08-06
unemployment-rate-rural,Sikkim,2020,5.0,"RBI Handbook of Statistics on Indian States, Table 8: State-wise Unemployment Rate, Usual Status Adjusted (Rural Overall)",https://www.rbi.org.in/Scripts/AnnualPublications.aspx?head=Handbook+of+Statistics+on+Indian+States,2020-21,NSO (NSSO EUS / PLFS),,2026-08-06
unemployment-rate-rural,Sikkim,2021,13.0,"RBI Handbook of Statistics on Indian States, Table 8: State-wise Unemployment Rate, Usual Status Adjusted (Rural Overall)",https://www.rbi.org.in/Scripts/AnnualPublications.aspx?head=Handbook+of+Statistics+on+Indian+States,2021-22,NSO (NSSO EUS / PLFS),,2026-08-06
unemployment-rate-rural,Sikkim,2022,22.0,"RBI Handbook of Statistics on Indian States, Table 8: State-wise Unemployment Rate, Usual Status Adjusted (Rural Overall)",https://www.rbi.org.in/Scripts/AnnualPublications.aspx?head=Handbook+of+Statistics+on+Indian+States,2022-23,NSO (NSSO EUS / PLFS),,2026-08-06
unemployment-rate-rural,Sikkim,2023,22.0,"RBI Handbook of Statistics on Indian States, Table 8: State-wise Unemployment Rate, Usual Status Adjusted (Rural Overall)",https://www.rbi.org.in/Scripts/AnnualPublications.aspx?head=Handbook+of+Statistics+on+Indian+States,2023-24,NSO (NSSO EUS / PLFS),,2026-08-06
unemployment-rate-rural,Tamil Nadu,1993,13.0,"RBI Handbook of Statistics on Indian States, Table 8: State-wise Unemployment Rate, Usual Status Adjusted (Rural Overall)",https://www.rbi.org.in/Scripts/AnnualPublications.aspx?head=Handbook+of+Statistics+on+Indian+States,1993-94,NSO (NSSO EUS / PLFS),,2026-08-06
unemployment-rate-rural,Tamil Nadu,1999,20.0,"RBI Handbook of Statistics on Indian States, Table 8: State-wise Unemployment Rate, Usual Status Adjusted (Rural Overall)",https://www.rbi.org.in/Scripts/AnnualPublications.aspx?head=Handbook+of+Statistics+on+Indian+States,1999-00,NSO (NSSO EUS / PLFS),,2026-08-06
unemployment-rate-rural,Tamil Nadu,2004,12.0,"RBI Handbook of Statistics on Indian States, Table 8: State-wise Unemployment Rate, Usual Status Adjusted (Rural Overall)",https://www.rbi.org.in/Scripts/AnnualPublications.aspx?head=Handbook+of+Statistics+on+Indian+States,2004-05,NSO (NSSO EUS / PLFS),,2026-08-06
unemployment-rate-rural,Tamil Nadu,2009,15.0,"RBI Handbook of Statistics on Indian States, Table 8: State-wise Unemployment Rate, Usual Status Adjusted (Rural Overall)",https://www.rbi.org.in/Scripts/AnnualPublications.aspx?head=Handbook+of+Statistics+on+Indian+States,2009-10,NSO (NSSO EUS / PLFS),,2026-08-06
unemployment-rate-rural,Tamil Nadu,2011,20.0,"RBI Handbook of Statistics on Indian States, Table 8: State-wise Unemployment Rate, Usual Status Adjusted (Rural Overall)",https://www.rbi.org.in/Scripts/AnnualPublications.aspx?head=Handbook+of+Statistics+on+Indian+States,2011-12,NSO (NSSO EUS / PLFS),,2026-08-06
unemployment-rate-rural,Tamil Nadu,2017,79.0,"RBI Handbook of Statistics on Indian States, Table 8: State-wise Unemployment Rate, Usual Status Adjusted (Rural Overall)",https://www.rbi.org.in/Scripts/AnnualPublications.aspx?head=Handbook+of+Statistics+on+Indian+States,2017-18,NSO (NSSO EUS / PLFS),,2026-08-06
unemployment-rate-rural,Tamil Nadu,2018,64.0,"RBI Handbook of Statistics on Indian States, Table 8: State-wise Unemployment Rate, Usual Status Adjusted (Rural Overall)",https://www.rbi.org.in/Scripts/AnnualPublications.aspx?head=Handbook+of+Statistics+on+Indian+States,2018-19,NSO (NSSO EUS / PLFS),,2026-08-06
unemployment-rate-rural,Tamil Nadu,2019,50.0,"RBI Handbook of Statistics on Indian States, Table 8: State-wise Unemployment Rate, Usual Status Adjusted (Rural Overall)",https://www.rbi.org.in/Scripts/AnnualPublications.aspx?head=Handbook+of+Statistics+on+Indian+States,2019-20,NSO (NSSO EUS / PLFS),,2026-08-06
unemployment-rate-rural,Tamil Nadu,2020,48.0,"RBI Handbook of Statistics on Indian States, Table 8: State-wise Unemployment Rate, Usual Status Adjusted (Rural Overall)",https://www.rbi.org.in/Scripts/AnnualPublications.aspx?head=Handbook+of+Statistics+on+Indian+States,2020-21,NSO (NSSO EUS / PLFS),,2026-08-06
unemployment-rate-rural,Tamil Nadu,2021,42.0,"RBI Handbook of Statistics on Indian States, Table 8: State-wise Unemployment Rate, Usual Status Adjusted (Rural Overall)",https://www.rbi.org.in/Scripts/AnnualPublications.aspx?head=Handbook+of+Statistics+on+Indian+States,2021-22,NSO (NSSO EUS / PLFS),,2026-08-06
unemployment-rate-rural,Tamil Nadu,2022,38.0,"RBI Handbook of Statistics on Indian States, Table 8: State-wise Unemployment Rate, Usual Status Adjusted (Rural Overall)",https://www.rbi.org.in/Scripts/AnnualPublications.aspx?head=Handbook+of+Statistics+on+Indian+States,2022-23,NSO (NSSO EUS / PLFS),,2026-08-06
unemployment-rate-rural,Tamil Nadu,2023,31.0,"RBI Handbook of Statistics on Indian States, Table 8: State-wise Unemployment Rate, Usual Status Adjusted (Rural Overall)",https://www.rbi.org.in/Scripts/AnnualPublications.aspx?head=Handbook+of+Statistics+on+Indian+States,2023-24,NSO (NSSO EUS / PLFS),,2026-08-06
unemployment-rate-rural,Telangana,2017,65.0,"RBI Handbook of Statistics on Indian States, Table 8: State-wise Unemployment Rate, Usual Status Adjusted (Rural Overall)",https://www.rbi.org.in/Scripts/AnnualPublications.aspx?head=Handbook+of+Statistics+on+Indian+States,2017-18,NSO (NSSO EUS / PLFS),,2026-08-06
unemployment-rate-rural,Telangana,2018,68.0,"RBI Handbook of Statistics on Indian States, Table 8: State-wise Unemployment Rate, Usual Status Adjusted (Rural Overall)",https://www.rbi.org.in/Scripts/AnnualPublications.aspx?head=Handbook+of+Statistics+on+Indian+States,2018-19,NSO (NSSO EUS / PLFS),,2026-08-06
unemployment-rate-rural,Telangana,2019,52.0,"RBI Handbook of Statistics on Indian States, Table 8: State-wise Unemployment Rate, Usual Status Adjusted (Rural Overall)",https://www.rbi.org.in/Scripts/AnnualPublications.aspx?head=Handbook+of+Statistics+on+Indian+States,2019-20,NSO (NSSO EUS / PLFS),,2026-08-06
unemployment-rate-rural,Telangana,2020,34.0,"RBI Handbook of Statistics on Indian States, Table 8: State-wise Unemployment Rate, Usual Status Adjusted (Rural Overall)",https://www.rbi.org.in/Scripts/AnnualPublications.aspx?head=Handbook+of+Statistics+on+Indian+States,2020-21,NSO (NSSO EUS / PLFS),,2026-08-06
unemployment-rate-rural,Telangana,2021,31.0,"RBI Handbook of Statistics on Indian States, Table 8: State-wise Unemployment Rate, Usual Status Adjusted (Rural Overall)",https://www.rbi.org.in/Scripts/AnnualPublications.aspx?head=Handbook+of+Statistics+on+Indian+States,2021-22,NSO (NSSO EUS / PLFS),,2026-08-06
unemployment-rate-rural,Telangana,2022,28.0,"RBI Handbook of Statistics on Indian States, Table 8: State-wise Unemployment Rate, Usual Status Adjusted (Rural Overall)",https://www.rbi.org.in/Scripts/AnnualPublications.aspx?head=Handbook+of+Statistics+on+Indian+States,2022-23,NSO (NSSO EUS / PLFS),,2026-08-06
unemployment-rate-rural,Telangana,2023,35.0,"RBI Handbook of Statistics on Indian States, Table 8: State-wise Unemployment Rate, Usual Status Adjusted (Rural Overall)",https://www.rbi.org.in/Scripts/AnnualPublications.aspx?head=Handbook+of+Statistics+on+Indian+States,2023-24,NSO (NSSO EUS / PLFS),,2026-08-06
unemployment-rate-rural,Tripura,1993,23.0,"RBI Handbook of Statistics on Indian States, Table 8: State-wise Unemployment Rate, Usual Status Adjusted (Rural Overall)",https://www.rbi.org.in/Scripts/AnnualPublications.aspx?head=Handbook+of+Statistics+on+Indian+States,1993-94,NSO (NSSO EUS / PLFS),,2026-08-06
unemployment-rate-rural,Tripura,1999,12.0,"RBI Handbook of Statistics on Indian States, Table 8: State-wise Unemployment Rate, Usual Status Adjusted (Rural Overall)",https://www.rbi.org.in/Scripts/AnnualPublications.aspx?head=Handbook+of+Statistics+on+Indian+States,1999-00,NSO (NSSO EUS / PLFS),,2026-08-06
unemployment-rate-rural,Tripura,2004,133.0,"RBI Handbook of Statistics on Indian States, Table 8: State-wise Unemployment Rate, Usual Status Adjusted (Rural Overall)",https://www.rbi.org.in/Scripts/AnnualPublications.aspx?head=Handbook+of+Statistics+on+Indian+States,2004-05,NSO (NSSO EUS / PLFS),,2026-08-06
unemployment-rate-rural,Tripura,2009,92.0,"RBI Handbook of Statistics on Indian States, Table 8: State-wise Unemployment Rate, Usual Status Adjusted (Rural Overall)",https://www.rbi.org.in/Scripts/AnnualPublications.aspx?head=Handbook+of+Statistics+on+Indian+States,2009-10,NSO (NSSO EUS / PLFS),,2026-08-06
unemployment-rate-rural,Tripura,2011,105.0,"RBI Handbook of Statistics on Indian States, Table 8: State-wise Unemployment Rate, Usual Status Adjusted (Rural Overall)",https://www.rbi.org.in/Scripts/AnnualPublications.aspx?head=Handbook+of+Statistics+on+Indian+States,2011-12,NSO (NSSO EUS / PLFS),,2026-08-06
unemployment-rate-rural,Tripura,2017,63.0,"RBI Handbook of Statistics on Indian States, Table 8: State-wise Unemployment Rate, Usual Status Adjusted (Rural Overall)",https://www.rbi.org.in/Scripts/AnnualPublications.aspx?head=Handbook+of+Statistics+on+Indian+States,2017-18,NSO (NSSO EUS / PLFS),,2026-08-06
unemployment-rate-rural,Tripura,2018,93.0,"RBI Handbook of Statistics on Indian States, Table 8: State-wise Unemployment Rate, Usual Status Adjusted (Rural Overall)",https://www.rbi.org.in/Scripts/AnnualPublications.aspx?head=Handbook+of+Statistics+on+Indian+States,2018-19,NSO (NSSO EUS / PLFS),,2026-08-06
unemployment-rate-rural,Tripura,2019,28.0,"RBI Handbook of Statistics on Indian States, Table 8: State-wise Unemployment Rate, Usual Status Adjusted (Rural Overall)",https://www.rbi.org.in/Scripts/AnnualPublications.aspx?head=Handbook+of+Statistics+on+Indian+States,2019-20,NSO (NSSO EUS / PLFS),,2026-08-06
unemployment-rate-rural,Tripura,2020,29.0,"RBI Handbook of Statistics on Indian States, Table 8: State-wise Unemployment Rate, Usual Status Adjusted (Rural Overall)",https://www.rbi.org.in/Scripts/AnnualPublications.aspx?head=Handbook+of+Statistics+on+Indian+States,2020-21,NSO (NSSO EUS / PLFS),,2026-08-06
unemployment-rate-rural,Tripura,2021,31.0,"RBI Handbook of Statistics on Indian States, Table 8: State-wise Unemployment Rate, Usual Status Adjusted (Rural Overall)",https://www.rbi.org.in/Scripts/AnnualPublications.aspx?head=Handbook+of+Statistics+on+Indian+States,2021-22,NSO (NSSO EUS / PLFS),,2026-08-06
unemployment-rate-rural,Tripura,2022,11.0,"RBI Handbook of Statistics on Indian States, Table 8: State-wise Unemployment Rate, Usual Status Adjusted (Rural Overall)",https://www.rbi.org.in/Scripts/AnnualPublications.aspx?head=Handbook+of+Statistics+on+Indian+States,2022-23,NSO (NSSO EUS / PLFS),,2026-08-06
unemployment-rate-rural,Tripura,2023,14.0,"RBI Handbook of Statistics on Indian States, Table 8: State-wise Unemployment Rate, Usual Status Adjusted (Rural Overall)",https://www.rbi.org.in/Scripts/AnnualPublications.aspx?head=Handbook+of+Statistics+on+Indian+States,2023-24,NSO (NSSO EUS / PLFS),,2026-08-06
unemployment-rate-rural,Uttarakhand,2004,13.0,"RBI Handbook of Statistics on Indian States, Table 8: State-wise Unemployment Rate, Usual Status Adjusted (Rural Overall)",https://www.rbi.org.in/Scripts/AnnualPublications.aspx?head=Handbook+of+Statistics+on+Indian+States,2004-05,NSO (NSSO EUS / PLFS),,2026-08-06
unemployment-rate-rural,Uttarakhand,2009,16.0,"RBI Handbook of Statistics on Indian States, Table 8: State-wise Unemployment Rate, Usual Status Adjusted (Rural Overall)",https://www.rbi.org.in/Scripts/AnnualPublications.aspx?head=Handbook+of+Statistics+on+Indian+States,2009-10,NSO (NSSO EUS / PLFS),,2026-08-06
unemployment-rate-rural,Uttarakhand,2011,25.0,"RBI Handbook of Statistics on Indian States, Table 8: State-wise Unemployment Rate, Usual Status Adjusted (Rural Overall)",https://www.rbi.org.in/Scripts/AnnualPublications.aspx?head=Handbook+of+Statistics+on+Indian+States,2011-12,NSO (NSSO EUS / PLFS),,2026-08-06
unemployment-rate-rural,Uttarakhand,2017,69.0,"RBI Handbook of Statistics on Indian States, Table 8: State-wise Unemployment Rate, Usual Status Adjusted (Rural Overall)",https://www.rbi.org.in/Scripts/AnnualPublications.aspx?head=Handbook+of+Statistics+on+Indian+States,2017-18,NSO (NSSO EUS / PLFS),,2026-08-06
unemployment-rate-rural,Uttarakhand,2018,72.0,"RBI Handbook of Statistics on Indian States, Table 8: State-wise Unemployment Rate, Usual Status Adjusted (Rural Overall)",https://www.rbi.org.in/Scripts/AnnualPublications.aspx?head=Handbook+of+Statistics+on+Indian+States,2018-19,NSO (NSSO EUS / PLFS),,2026-08-06
unemployment-rate-rural,Uttarakhand,2019,65.0,"RBI Handbook of Statistics on Indian States, Table 8: State-wise Unemployment Rate, Usual Status Adjusted (Rural Overall)",https://www.rbi.org.in/Scripts/AnnualPublications.aspx?head=Handbook+of+Statistics+on+Indian+States,2019-20,NSO (NSSO EUS / PLFS),,2026-08-06
unemployment-rate-rural,Uttarakhand,2020,55.0,"RBI Handbook of Statistics on Indian States, Table 8: State-wise Unemployment Rate, Usual Status Adjusted (Rural Overall)",https://www.rbi.org.in/Scripts/AnnualPublications.aspx?head=Handbook+of+Statistics+on+Indian+States,2020-21,NSO (NSSO EUS / PLFS),,2026-08-06
unemployment-rate-rural,Uttarakhand,2021,70.0,"RBI Handbook of Statistics on Indian States, Table 8: State-wise Unemployment Rate, Usual Status Adjusted (Rural Overall)",https://www.rbi.org.in/Scripts/AnnualPublications.aspx?head=Handbook+of+Statistics+on+Indian+States,2021-22,NSO (NSSO EUS / PLFS),,2026-08-06
unemployment-rate-rural,Uttarakhand,2022,39.0,"RBI Handbook of Statistics on Indian States, Table 8: State-wise Unemployment Rate, Usual Status Adjusted (Rural Overall)",https://www.rbi.org.in/Scripts/AnnualPublications.aspx?head=Handbook+of+Statistics+on+Indian+States,2022-23,NSO (NSSO EUS / PLFS),,2026-08-06
unemployment-rate-rural,Uttarakhand,2023,39.0,"RBI Handbook of Statistics on Indian States, Table 8: State-wise Unemployment Rate, Usual Status Adjusted (Rural Overall)",https://www.rbi.org.in/Scripts/AnnualPublications.aspx?head=Handbook+of+Statistics+on+Indian+States,2023-24,NSO (NSSO EUS / PLFS),,2026-08-06
unemployment-rate-rural,Uttar Pradesh,1993,7.0,"RBI Handbook of Statistics on Indian States, Table 8: State-wise Unemployment Rate, Usual Status Adjusted (Rural Overall)",https://www.rbi.org.in/Scripts/AnnualPublications.aspx?head=Handbook+of+Statistics+on+Indian+States,1993-94,NSO (NSSO EUS / PLFS),,2026-08-06
unemployment-rate-rural,Uttar Pradesh,1999,8.0,"RBI Handbook of Statistics on Indian States, Table 8: State-wise Unemployment Rate, Usual Status Adjusted (Rural Overall)",https://www.rbi.org.in/Scripts/AnnualPublications.aspx?head=Handbook+of+Statistics+on+Indian+States,1999-00,NSO (NSSO EUS / PLFS),,2026-08-06
unemployment-rate-rural,Uttar Pradesh,2004,6.0,"RBI Handbook of Statistics on Indian States, Table 8: State-wise Unemployment Rate, Usual Status Adjusted (Rural Overall)",https://www.rbi.org.in/Scripts/AnnualPublications.aspx?head=Handbook+of+Statistics+on+Indian+States,2004-05,NSO (NSSO EUS / PLFS),,2026-08-06
unemployment-rate-rural,Uttar Pradesh,2009,10.0,"RBI Handbook of Statistics on Indian States, Table 8: State-wise Unemployment Rate, Usual Status Adjusted (Rural Overall)",https://www.rbi.org.in/Scripts/AnnualPublications.aspx?head=Handbook+of+Statistics+on+Indian+States,2009-10,NSO (NSSO EUS / PLFS),,2026-08-06
unemployment-rate-rural,Uttar Pradesh,2011,9.0,"RBI Handbook of Statistics on Indian States, Table 8: State-wise Unemployment Rate, Usual Status Adjusted (Rural Overall)",https://www.rbi.org.in/Scripts/AnnualPublications.aspx?head=Handbook+of+Statistics+on+Indian+States,2011-12,NSO (NSSO EUS / PLFS),,2026-08-06
unemployment-rate-rural,Uttar Pradesh,2017,55.0,"RBI Handbook of Statistics on Indian States, Table 8: State-wise Unemployment Rate, Usual Status Adjusted (Rural Overall)",https://www.rbi.org.in/Scripts/AnnualPublications.aspx?head=Handbook+of+Statistics+on+Indian+States,2017-18,NSO (NSSO EUS / PLFS),,2026-08-06
unemployment-rate-rural,Uttar Pradesh,2018,43.0,"RBI Handbook of Statistics on Indian States, Table 8: State-wise Unemployment Rate, Usual Status Adjusted (Rural Overall)",https://www.rbi.org.in/Scripts/AnnualPublications.aspx?head=Handbook+of+Statistics+on+Indian+States,2018-19,NSO (NSSO EUS / PLFS),,2026-08-06
unemployment-rate-rural,Uttar Pradesh,2019,32.0,"RBI Handbook of Statistics on Indian States, Table 8: State-wise Unemployment Rate, Usual Status Adjusted (Rural Overall)",https://www.rbi.org.in/Scripts/AnnualPublications.aspx?head=Handbook+of+Statistics+on+Indian+States,2019-20,NSO (NSSO EUS / PLFS),,2026-08-06
unemployment-rate-rural,Uttar Pradesh,2020,32.0,"RBI Handbook of Statistics on Indian States, Table 8: State-wise Unemployment Rate, Usual Status Adjusted (Rural Overall)",https://www.rbi.org.in/Scripts/AnnualPublications.aspx?head=Handbook+of+Statistics+on+Indian+States,2020-21,NSO (NSSO EUS / PLFS),,2026-08-06
unemployment-rate-rural,Uttar Pradesh,2021,21.0,"RBI Handbook of Statistics on Indian States, Table 8: State-wise Unemployment Rate, Usual Status Adjusted (Rural Overall)",https://www.rbi.org.in/Scripts/AnnualPublications.aspx?head=Handbook+of+Statistics+on+Indian+States,2021-22,NSO (NSSO EUS / PLFS),,2026-08-06
unemployment-rate-rural,Uttar Pradesh,2022,16.0,"RBI Handbook of Statistics on Indian States, Table 8: State-wise Unemployment Rate, Usual Status Adjusted (Rural Overall)",https://www.rbi.org.in/Scripts/AnnualPublications.aspx?head=Handbook+of+Statistics+on+Indian+States,2022-23,NSO (NSSO EUS / PLFS),,2026-08-06
unemployment-rate-rural,Uttar Pradesh,2023,22.0,"RBI Handbook of Statistics on Indian States, Table 8: State-wise Unemployment Rate, Usual Status Adjusted (Rural Overall)",https://www.rbi.org.in/Scripts/AnnualPublications.aspx?head=Handbook+of+Statistics+on+Indian+States,2023-24,NSO (NSSO EUS / PLFS),,2026-08-06
unemployment-rate-rural,West Bengal,1993,18.0,"RBI Handbook of Statistics on Indian States, Table 8: State-wise Unemployment Rate, Usual Status Adjusted (Rural Overall)",https://www.rbi.org.in/Scripts/AnnualPublications.aspx?head=Handbook+of+Statistics+on+Indian+States,1993-94,NSO (NSSO EUS / PLFS),,2026-08-06
unemployment-rate-rural,West Bengal,1999,28.0,"RBI Handbook of Statistics on Indian States, Table 8: State-wise Unemployment Rate, Usual Status Adjusted (Rural Overall)",https://www.rbi.org.in/Scripts/AnnualPublications.aspx?head=Handbook+of+Statistics+on+Indian+States,1999-00,NSO (NSSO EUS / PLFS),,2026-08-06
unemployment-rate-rural,West Bengal,2004,25.0,"RBI Handbook of Statistics on Indian States, Table 8: State-wise Unemployment Rate, Usual Status Adjusted (Rural Overall)",https://www.rbi.org.in/Scripts/AnnualPublications.aspx?head=Handbook+of+Statistics+on+Indian+States,2004-05,NSO (NSSO EUS / PLFS),,2026-08-06
unemployment-rate-rural,West Bengal,2009,19.0,"RBI Handbook of Statistics on Indian States, Table 8: State-wise Unemployment Rate, Usual Status Adjusted (Rural Overall)",https://www.rbi.org.in/Scripts/AnnualPublications.aspx?head=Handbook+of+Statistics+on+Indian+States,2009-10,NSO (NSSO EUS / PLFS),,2026-08-06
unemployment-rate-rural,West Bengal,2011,27.0,"RBI Handbook of Statistics on Indian States, Table 8: State-wise Unemployment Rate, Usual Status Adjusted (Rural Overall)",https://www.rbi.org.in/Scripts/AnnualPublications.aspx?head=Handbook+of+Statistics+on+Indian+States,2011-12,NSO (NSSO EUS / PLFS),,2026-08-06
unemployment-rate-rural,West Bengal,2017,38.0,"RBI Handbook of Statistics on Indian States, Table 8: State-wise Unemployment Rate, Usual Status Adjusted (Rural Overall)",https://www.rbi.org.in/Scripts/AnnualPublications.aspx?head=Handbook+of+Statistics+on+Indian+States,2017-18,NSO (NSSO EUS / PLFS),,2026-08-06
unemployment-rate-rural,West Bengal,2018,35.0,"RBI Handbook of Statistics on Indian States, Table 8: State-wise Unemployment Rate, Usual Status Adjusted (Rural Overall)",https://www.rbi.org.in/Scripts/AnnualPublications.aspx?head=Handbook+of+Statistics+on+Indian+States,2018-19,NSO (NSSO EUS / PLFS),,2026-08-06
unemployment-rate-rural,West Bengal,2019,44.0,"RBI Handbook of Statistics on Indian States, Table 8: State-wise Unemployment Rate, Usual Status Adjusted (Rural Overall)",https://www.rbi.org.in/Scripts/AnnualPublications.aspx?head=Handbook+of+Statistics+on+Indian+States,2019-20,NSO (NSSO EUS / PLFS),,2026-08-06
unemployment-rate-rural,West Bengal,2020,32.0,"RBI Handbook of Statistics on Indian States, Table 8: State-wise Unemployment Rate, Usual Status Adjusted (Rural Overall)",https://www.rbi.org.in/Scripts/AnnualPublications.aspx?head=Handbook+of+Statistics+on+Indian+States,2020-21,NSO (NSSO EUS / PLFS),,2026-08-06
unemployment-rate-rural,West Bengal,2021,31.0,"RBI Handbook of Statistics on Indian States, Table 8: State-wise Unemployment Rate, Usual Status Adjusted (Rural Overall)",https://www.rbi.org.in/Scripts/AnnualPublications.aspx?head=Handbook+of+Statistics+on+Indian+States,2021-22,NSO (NSSO EUS / PLFS),,2026-08-06
unemployment-rate-rural,West Bengal,2022,15.0,"RBI Handbook of Statistics on Indian States, Table 8: State-wise Unemployment Rate, Usual Status Adjusted (Rural Overall)",https://www.rbi.org.in/Scripts/AnnualPublications.aspx?head=Handbook+of+Statistics+on+Indian+States,2022-23,NSO (NSSO EUS / PLFS),,2026-08-06
unemployment-rate-rural,West Bengal,2023,23.0,"RBI Handbook of Statistics on Indian States, Table 8: State-wise Unemployment Rate, Usual Status Adjusted (Rural Overall)",https://www.rbi.org.in/Scripts/AnnualPublications.aspx?head=Handbook+of+Statistics+on+Indian+States,2023-24,NSO (NSSO EUS / PLFS),,2026-08-06
unemployment-rate-rural,Andaman and Nicobar Islands,1993,21.0,"RBI Handbook of Statistics on Indian States, Table 8: State-wise Unemployment Rate, Usual Status Adjusted (Rural Overall)",https://www.rbi.org.in/Scripts/AnnualPublications.aspx?head=Handbook+of+Statistics+on+Indian+States,1993-94,NSO (NSSO EUS / PLFS),,2026-08-06
unemployment-rate-rural,Andaman and Nicobar Islands,1999,34.0,"RBI Handbook of Statistics on Indian States, Table 8: State-wise Unemployment Rate, Usual Status Adjusted (Rural Overall)",https://www.rbi.org.in/Scripts/AnnualPublications.aspx?head=Handbook+of+Statistics+on+Indian+States,1999-00,NSO (NSSO EUS / PLFS),,2026-08-06
unemployment-rate-rural,Andaman and Nicobar Islands,2004,62.0,"RBI Handbook of Statistics on Indian States, Table 8: State-wise Unemployment Rate, Usual Status Adjusted (Rural Overall)",https://www.rbi.org.in/Scripts/AnnualPublications.aspx?head=Handbook+of+Statistics+on+Indian+States,2004-05,NSO (NSSO EUS / PLFS),,2026-08-06
unemployment-rate-rural,Andaman and Nicobar Islands,2009,80.0,"RBI Handbook of Statistics on Indian States, Table 8: State-wise Unemployment Rate, Usual Status Adjusted (Rural Overall)",https://www.rbi.org.in/Scripts/AnnualPublications.aspx?head=Handbook+of+Statistics+on+Indian+States,2009-10,NSO (NSSO EUS / PLFS),,2026-08-06
unemployment-rate-rural,Andaman and Nicobar Islands,2011,54.0,"RBI Handbook of Statistics on Indian States, Table 8: State-wise Unemployment Rate, Usual Status Adjusted (Rural Overall)",https://www.rbi.org.in/Scripts/AnnualPublications.aspx?head=Handbook+of+Statistics+on+Indian+States,2011-12,NSO (NSSO EUS / PLFS),,2026-08-06
unemployment-rate-rural,Andaman and Nicobar Islands,2017,147.0,"RBI Handbook of Statistics on Indian States, Table 8: State-wise Unemployment Rate, Usual Status Adjusted (Rural Overall)",https://www.rbi.org.in/Scripts/AnnualPublications.aspx?head=Handbook+of+Statistics+on+Indian+States,2017-18,NSO (NSSO EUS / PLFS),,2026-08-06
unemployment-rate-rural,Andaman and Nicobar Islands,2018,146.0,"RBI Handbook of Statistics on Indian States, Table 8: State-wise Unemployment Rate, Usual Status Adjusted (Rural Overall)",https://www.rbi.org.in/Scripts/AnnualPublications.aspx?head=Handbook+of+Statistics+on+Indian+States,2018-19,NSO (NSSO EUS / PLFS),,2026-08-06
unemployment-rate-rural,Andaman and Nicobar Islands,2019,127.0,"RBI Handbook of Statistics on Indian States, Table 8: State-wise Unemployment Rate, Usual Status Adjusted (Rural Overall)",https://www.rbi.org.in/Scripts/AnnualPublications.aspx?head=Handbook+of+Statistics+on+Indian+States,2019-20,NSO (NSSO EUS / PLFS),,2026-08-06
unemployment-rate-rural,Andaman and Nicobar Islands,2020,79.0,"RBI Handbook of Statistics on Indian States, Table 8: State-wise Unemployment Rate, Usual Status Adjusted (Rural Overall)",https://www.rbi.org.in/Scripts/AnnualPublications.aspx?head=Handbook+of+Statistics+on+Indian+States,2020-21,NSO (NSSO EUS / PLFS),,2026-08-06
unemployment-rate-rural,Andaman and Nicobar Islands,2021,59.0,"RBI Handbook of Statistics on Indian States, Table 8: State-wise Unemployment Rate, Usual Status Adjusted (Rural Overall)",https://www.rbi.org.in/Scripts/AnnualPublications.aspx?head=Handbook+of+Statistics+on+Indian+States,2021-22,NSO (NSSO EUS / PLFS),,2026-08-06
unemployment-rate-rural,Andaman and Nicobar Islands,2022,66.0,"RBI Handbook of Statistics on Indian States, Table 8: State-wise Unemployment Rate, Usual Status Adjusted (Rural Overall)",https://www.rbi.org.in/Scripts/AnnualPublications.aspx?head=Handbook+of+Statistics+on+Indian+States,2022-23,NSO (NSSO EUS / PLFS),,2026-08-06
unemployment-rate-rural,Andaman and Nicobar Islands,2023,106.0,"RBI Handbook of Statistics on Indian States, Table 8: State-wise Unemployment Rate, Usual Status Adjusted (Rural Overall)",https://www.rbi.org.in/Scripts/AnnualPublications.aspx?head=Handbook+of+Statistics+on+Indian+States,2023-24,NSO (NSSO EUS / PLFS),,2026-08-06
unemployment-rate-rural,Chandigarh,1993,29.0,"RBI Handbook of Statistics on Indian States, Table 8: State-wise Unemployment Rate, Usual Status Adjusted (Rural Overall)",https://www.rbi.org.in/Scripts/AnnualPublications.aspx?head=Handbook+of+Statistics+on+Indian+States,1993-94,NSO (NSSO EUS / PLFS),,2026-08-06
unemployment-rate-rural,Chandigarh,1999,7.0,"RBI Handbook of Statistics on Indian States, Table 8: State-wise Unemployment Rate, Usual Status Adjusted (Rural Overall)",https://www.rbi.org.in/Scripts/AnnualPublications.aspx?head=Handbook+of+Statistics+on+Indian+States,1999-00,NSO (NSSO EUS / PLFS),,2026-08-06
unemployment-rate-rural,Chandigarh,2004,26.0,"RBI Handbook of Statistics on Indian States, Table 8: State-wise Unemployment Rate, Usual Status Adjusted (Rural Overall)",https://www.rbi.org.in/Scripts/AnnualPublications.aspx?head=Handbook+of+Statistics+on+Indian+States,2004-05,NSO (NSSO EUS / PLFS),,2026-08-06
unemployment-rate-rural,Chandigarh,2009,247.0,"RBI Handbook of Statistics on Indian States, Table 8: State-wise Unemployment Rate, Usual Status Adjusted (Rural Overall)",https://www.rbi.org.in/Scripts/AnnualPublications.aspx?head=Handbook+of+Statistics+on+Indian+States,2009-10,NSO (NSSO EUS / PLFS),,2026-08-06
unemployment-rate-rural,Chandigarh,2017,35.0,"RBI Handbook of Statistics on Indian States, Table 8: State-wise Unemployment Rate, Usual Status Adjusted (Rural Overall)",https://www.rbi.org.in/Scripts/AnnualPublications.aspx?head=Handbook+of+Statistics+on+Indian+States,2017-18,NSO (NSSO EUS / PLFS),,2026-08-06
unemployment-rate-rural,Chandigarh,2018,16.0,"RBI Handbook of Statistics on Indian States, Table 8: State-wise Unemployment Rate, Usual Status Adjusted (Rural Overall)",https://www.rbi.org.in/Scripts/AnnualPublications.aspx?head=Handbook+of+Statistics+on+Indian+States,2018-19,NSO (NSSO EUS / PLFS),,2026-08-06
unemployment-rate-rural,Chandigarh,2019,99.0,"RBI Handbook of Statistics on Indian States, Table 8: State-wise Unemployment Rate, Usual Status Adjusted (Rural Overall)",https://www.rbi.org.in/Scripts/AnnualPublications.aspx?head=Handbook+of+Statistics+on+Indian+States,2019-20,NSO (NSSO EUS / PLFS),,2026-08-06
unemployment-rate-rural,Chandigarh,2020,15.0,"RBI Handbook of Statistics on Indian States, Table 8: State-wise Unemployment Rate, Usual Status Adjusted (Rural Overall)",https://www.rbi.org.in/Scripts/AnnualPublications.aspx?head=Handbook+of+Statistics+on+Indian+States,2020-21,NSO (NSSO EUS / PLFS),,2026-08-06
unemployment-rate-rural,Chandigarh,2021,50.0,"RBI Handbook of Statistics on Indian States, Table 8: State-wise Unemployment Rate, Usual Status Adjusted (Rural Overall)",https://www.rbi.org.in/Scripts/AnnualPublications.aspx?head=Handbook+of+Statistics+on+Indian+States,2021-22,NSO (NSSO EUS / PLFS),,2026-08-06
unemployment-rate-rural,Chandigarh,2022,32.0,"RBI Handbook of Statistics on Indian States, Table 8: State-wise Unemployment Rate, Usual Status Adjusted (Rural Overall)",https://www.rbi.org.in/Scripts/AnnualPublications.aspx?head=Handbook+of+Statistics+on+Indian+States,2022-23,NSO (NSSO EUS / PLFS),,2026-08-06
unemployment-rate-rural,Dadra and Nagar Haveli,1993,8.0,"RBI Handbook of Statistics on Indian States, Table 8: State-wise Unemployment Rate, Usual Status Adjusted (Rural Overall)",https://www.rbi.org.in/Scripts/AnnualPublications.aspx?head=Handbook+of+Statistics+on+Indian+States,1993-94,NSO (NSSO EUS / PLFS),,2026-08-06
unemployment-rate-rural,Dadra and Nagar Haveli,1999,10.0,"RBI Handbook of Statistics on Indian States, Table 8: State-wise Unemployment Rate, Usual Status Adjusted (Rural Overall)",https://www.rbi.org.in/Scripts/AnnualPublications.aspx?head=Handbook+of+Statistics+on+Indian+States,1999-00,NSO (NSSO EUS / PLFS),,2026-08-06
unemployment-rate-rural,Dadra and Nagar Haveli,2004,33.0,"RBI Handbook of Statistics on Indian States, Table 8: State-wise Unemployment Rate, Usual Status Adjusted (Rural Overall)",https://www.rbi.org.in/Scripts/AnnualPublications.aspx?head=Handbook+of+Statistics+on+Indian+States,2004-05,NSO (NSSO EUS / PLFS),,2026-08-06
unemployment-rate-rural,Dadra and Nagar Haveli,2009,48.0,"RBI Handbook of Statistics on Indian States, Table 8: State-wise Unemployment Rate, Usual Status Adjusted (Rural Overall)",https://www.rbi.org.in/Scripts/AnnualPublications.aspx?head=Handbook+of+Statistics+on+Indian+States,2009-10,NSO (NSSO EUS / PLFS),,2026-08-06
unemployment-rate-rural,Dadra and Nagar Haveli,2017,7.0,"RBI Handbook of Statistics on Indian States, Table 8: State-wise Unemployment Rate, Usual Status Adjusted (Rural Overall)",https://www.rbi.org.in/Scripts/AnnualPublications.aspx?head=Handbook+of+Statistics+on+Indian+States,2017-18,NSO (NSSO EUS / PLFS),,2026-08-06
unemployment-rate-rural,Dadra and Nagar Haveli,2018,11.0,"RBI Handbook of Statistics on Indian States, Table 8: State-wise Unemployment Rate, Usual Status Adjusted (Rural Overall)",https://www.rbi.org.in/Scripts/AnnualPublications.aspx?head=Handbook+of+Statistics+on+Indian+States,2018-19,NSO (NSSO EUS / PLFS),,2026-08-06
unemployment-rate-rural,Dadra and Nagar Haveli,2019,10.0,"RBI Handbook of Statistics on Indian States, Table 8: State-wise Unemployment Rate, Usual Status Adjusted (Rural Overall)",https://www.rbi.org.in/Scripts/AnnualPublications.aspx?head=Handbook+of+Statistics+on+Indian+States,2019-20,NSO (NSSO EUS / PLFS),,2026-08-06
unemployment-rate-rural,Ladakh,2019,0.0,"RBI Handbook of Statistics on Indian States, Table 8: State-wise Unemployment Rate, Usual Status Adjusted (Rural Overall)",https://www.rbi.org.in/Scripts/AnnualPublications.aspx?head=Handbook+of+Statistics+on+Indian+States,2019-20,NSO (NSSO EUS / PLFS),,2026-08-06
unemployment-rate-rural,Ladakh,2020,19.0,"RBI Handbook of Statistics on Indian States, Table 8: State-wise Unemployment Rate, Usual Status Adjusted (Rural Overall)",https://www.rbi.org.in/Scripts/AnnualPublications.aspx?head=Handbook+of+Statistics+on+Indian+States,2020-21,NSO (NSSO EUS / PLFS),,2026-08-06
unemployment-rate-rural,Ladakh,2021,27.0,"RBI Handbook of Statistics on Indian States, Table 8: State-wise Unemployment Rate, Usual Status Adjusted (Rural Overall)",https://www.rbi.org.in/Scripts/AnnualPublications.aspx?head=Handbook+of+Statistics+on+Indian+States,2021-22,NSO (NSSO EUS / PLFS),,2026-08-06
unemployment-rate-rural,Ladakh,2022,57.0,"RBI Handbook of Statistics on Indian States, Table 8: State-wise Unemployment Rate, Usual Status Adjusted (Rural Overall)",https://www.rbi.org.in/Scripts/AnnualPublications.aspx?head=Handbook+of+Statistics+on+Indian+States,2022-23,NSO (NSSO EUS / PLFS),,2026-08-06
unemployment-rate-rural,Ladakh,2023,39.0,"RBI Handbook of Statistics on Indian States, Table 8: State-wise Unemployment Rate, Usual Status Adjusted (Rural Overall)",https://www.rbi.org.in/Scripts/AnnualPublications.aspx?head=Handbook+of+Statistics+on+Indian+States,2023-24,NSO (NSSO EUS / PLFS),,2026-08-06
unemployment-rate-rural,Lakshadweep,1993,169.0,"RBI Handbook of Statistics on Indian States, Table 8: State-wise Unemployment Rate, Usual Status Adjusted (Rural Overall)",https://www.rbi.org.in/Scripts/AnnualPublications.aspx?head=Handbook+of+Statistics+on+Indian+States,1993-94,NSO (NSSO EUS / PLFS),,2026-08-06
unemployment-rate-rural,Lakshadweep,1999,194.0,"RBI Handbook of Statistics on Indian States, Table 8: State-wise Unemployment Rate, Usual Status Adjusted (Rural Overall)",https://www.rbi.org.in/Scripts/AnnualPublications.aspx?head=Handbook+of+Statistics+on+Indian+States,1999-00,NSO (NSSO EUS / PLFS),,2026-08-06
unemployment-rate-rural,Lakshadweep,2004,75.0,"RBI Handbook of Statistics on Indian States, Table 8: State-wise Unemployment Rate, Usual Status Adjusted (Rural Overall)",https://www.rbi.org.in/Scripts/AnnualPublications.aspx?head=Handbook+of+Statistics+on+Indian+States,2004-05,NSO (NSSO EUS / PLFS),,2026-08-06
unemployment-rate-rural,Lakshadweep,2009,97.0,"RBI Handbook of Statistics on Indian States, Table 8: State-wise Unemployment Rate, Usual Status Adjusted (Rural Overall)",https://www.rbi.org.in/Scripts/AnnualPublications.aspx?head=Handbook+of+Statistics+on+Indian+States,2009-10,NSO (NSSO EUS / PLFS),,2026-08-06
unemployment-rate-rural,Lakshadweep,2011,160.0,"RBI Handbook of Statistics on Indian States, Table 8: State-wise Unemployment Rate, Usual Status Adjusted (Rural Overall)",https://www.rbi.org.in/Scripts/AnnualPublications.aspx?head=Handbook+of+Statistics+on+Indian+States,2011-12,NSO (NSSO EUS / PLFS),,2026-08-06
unemployment-rate-rural,Lakshadweep,2017,133.0,"RBI Handbook of Statistics on Indian States, Table 8: State-wise Unemployment Rate, Usual Status Adjusted (Rural Overall)",https://www.rbi.org.in/Scripts/AnnualPublications.aspx?head=Handbook+of+Statistics+on+Indian+States,2017-18,NSO (NSSO EUS / PLFS),,2026-08-06
unemployment-rate-rural,Lakshadweep,2018,400.0,"RBI Handbook of Statistics on Indian States, Table 8: State-wise Unemployment Rate, Usual Status Adjusted (Rural Overall)",https://www.rbi.org.in/Scripts/AnnualPublications.aspx?head=Handbook+of+Statistics+on+Indian+States,2018-19,NSO (NSSO EUS / PLFS),,2026-08-06
unemployment-rate-rural,Lakshadweep,2019,107.0,"RBI Handbook of Statistics on Indian States, Table 8: State-wise Unemployment Rate, Usual Status Adjusted (Rural Overall)",https://www.rbi.org.in/Scripts/AnnualPublications.aspx?head=Handbook+of+Statistics+on+Indian+States,2019-20,NSO (NSSO EUS / PLFS),,2026-08-06
unemployment-rate-rural,Lakshadweep,2020,32.0,"RBI Handbook of Statistics on Indian States, Table 8: State-wise Unemployment Rate, Usual Status Adjusted (Rural Overall)",https://www.rbi.org.in/Scripts/AnnualPublications.aspx?head=Handbook+of+Statistics+on+Indian+States,2020-21,NSO (NSSO EUS / PLFS),,2026-08-06
unemployment-rate-rural,Lakshadweep,2021,66.0,"RBI Handbook of Statistics on Indian States, Table 8: State-wise Unemployment Rate, Usual Status Adjusted (Rural Overall)",https://www.rbi.org.in/Scripts/AnnualPublications.aspx?head=Handbook+of+Statistics+on+Indian+States,2021-22,NSO (NSSO EUS / PLFS),,2026-08-06
unemployment-rate-rural,Lakshadweep,2022,56.0,"RBI Handbook of Statistics on Indian States, Table 8: State-wise Unemployment Rate, Usual Status Adjusted (Rural Overall)",https://www.rbi.org.in/Scripts/AnnualPublications.aspx?head=Handbook+of+Statistics+on+Indian+States,2022-23,NSO (NSSO EUS / PLFS),,2026-08-06
unemployment-rate-rural,Lakshadweep,2023,83.0,"RBI Handbook of Statistics on Indian States, Table 8: State-wise Unemployment Rate, Usual Status Adjusted (Rural Overall)",https://www.rbi.org.in/Scripts/AnnualPublications.aspx?head=Handbook+of+Statistics+on+Indian+States,2023-24,NSO (NSSO EUS / PLFS),,2026-08-06
unemployment-rate-rural,Puducherry,1993,24.0,"RBI Handbook of Statistics on Indian States, Table 8: State-wise Unemployment Rate, Usual Status Adjusted (Rural Overall)",https://www.rbi.org.in/Scripts/AnnualPublications.aspx?head=Handbook+of+Statistics+on+Indian+States,1993-94,NSO (NSSO EUS / PLFS),,2026-08-06
unemployment-rate-rural,Puducherry,1999,40.0,"RBI Handbook of Statistics on Indian States, Table 8: State-wise Unemployment Rate, Usual Status Adjusted (Rural Overall)",https://www.rbi.org.in/Scripts/AnnualPublications.aspx?head=Handbook+of+Statistics+on+Indian+States,1999-00,NSO (NSSO EUS / PLFS),,2026-08-06
unemployment-rate-rural,Puducherry,2004,70.0,"RBI Handbook of Statistics on Indian States, Table 8: State-wise Unemployment Rate, Usual Status Adjusted (Rural Overall)",https://www.rbi.org.in/Scripts/AnnualPublications.aspx?head=Handbook+of+Statistics+on+Indian+States,2004-05,NSO (NSSO EUS / PLFS),,2026-08-06
unemployment-rate-rural,Puducherry,2009,30.0,"RBI Handbook of Statistics on Indian States, Table 8: State-wise Unemployment Rate, Usual Status Adjusted (Rural Overall)",https://www.rbi.org.in/Scripts/AnnualPublications.aspx?head=Handbook+of+Statistics+on+Indian+States,2009-10,NSO (NSSO EUS / PLFS),,2026-08-06
unemployment-rate-rural,Puducherry,2011,8.0,"RBI Handbook of Statistics on Indian States, Table 8: State-wise Unemployment Rate, Usual Status Adjusted (Rural Overall)",https://www.rbi.org.in/Scripts/AnnualPublications.aspx?head=Handbook+of+Statistics+on+Indian+States,2011-12,NSO (NSSO EUS / PLFS),,2026-08-06
unemployment-rate-rural,Puducherry,2017,104.0,"RBI Handbook of Statistics on Indian States, Table 8: State-wise Unemployment Rate, Usual Status Adjusted (Rural Overall)",https://www.rbi.org.in/Scripts/AnnualPublications.aspx?head=Handbook+of+Statistics+on+Indian+States,2017-18,NSO (NSSO EUS / PLFS),,2026-08-06
unemployment-rate-rural,Puducherry,2018,116.0,"RBI Handbook of Statistics on Indian States, Table 8: State-wise Unemployment Rate, Usual Status Adjusted (Rural Overall)",https://www.rbi.org.in/Scripts/AnnualPublications.aspx?head=Handbook+of+Statistics+on+Indian+States,2018-19,NSO (NSSO EUS / PLFS),,2026-08-06
unemployment-rate-rural,Puducherry,2019,76.0,"RBI Handbook of Statistics on Indian States, Table 8: State-wise Unemployment Rate, Usual Status Adjusted (Rural Overall)",https://www.rbi.org.in/Scripts/AnnualPublications.aspx?head=Handbook+of+Statistics+on+Indian+States,2019-20,NSO (NSSO EUS / PLFS),,2026-08-06
unemployment-rate-rural,Puducherry,2020,60.0,"RBI Handbook of Statistics on Indian States, Table 8: State-wise Unemployment Rate, Usual Status Adjusted (Rural Overall)",https://www.rbi.org.in/Scripts/AnnualPublications.aspx?head=Handbook+of+Statistics+on+Indian+States,2020-21,NSO (NSSO EUS / PLFS),,2026-08-06
unemployment-rate-rural,Puducherry,2021,75.0,"RBI Handbook of Statistics on Indian States, Table 8: State-wise Unemployment Rate, Usual Status Adjusted (Rural Overall)",https://www.rbi.org.in/Scripts/AnnualPublications.aspx?head=Handbook+of+Statistics+on+Indian+States,2021-22,NSO (NSSO EUS / PLFS),,2026-08-06
unemployment-rate-rural,Puducherry,2022,59.0,"RBI Handbook of Statistics on Indian States, Table 8: State-wise Unemployment Rate, Usual Status Adjusted (Rural Overall)",https://www.rbi.org.in/Scripts/AnnualPublications.aspx?head=Handbook+of+Statistics+on+Indian+States,2022-23,NSO (NSSO EUS / PLFS),,2026-08-06
unemployment-rate-rural,Puducherry,2023,19.0,"RBI Handbook of Statistics on Indian States, Table 8: State-wise Unemployment Rate, Usual Status Adjusted (Rural Overall)",https://www.rbi.org.in/Scripts/AnnualPublications.aspx?head=Handbook+of+Statistics+on+Indian+States,2023-24,NSO (NSSO EUS / PLFS),,2026-08-06
unemployment-rate-rural,India,1993,12.0,"RBI Handbook of Statistics on Indian States, Table 8: State-wise Unemployment Rate, Usual Status Adjusted (Rural Overall)",https://www.rbi.org.in/Scripts/AnnualPublications.aspx?head=Handbook+of+Statistics+on+Indian+States,1993-94,NSO (NSSO EUS / PLFS),,2026-08-06
unemployment-rate-rural,India,1999,15.0,"RBI Handbook of Statistics on Indian States, Table 8: State-wise Unemployment Rate, Usual Status Adjusted (Rural Overall)",https://www.rbi.org.in/Scripts/AnnualPublications.aspx?head=Handbook+of+Statistics+on+Indian+States,1999-00,NSO (NSSO EUS / PLFS),,2026-08-06
unemployment-rate-rural,India,2004,17.0,"RBI Handbook of Statistics on Indian States, Table 8: State-wise Unemployment Rate, Usual Status Adjusted (Rural Overall)",https://www.rbi.org.in/Scripts/AnnualPublications.aspx?head=Handbook+of+Statistics+on+Indian+States,2004-05,NSO (NSSO EUS / PLFS),,2026-08-06
unemployment-rate-rural,India,2009,16.0,"RBI Handbook of Statistics on Indian States, Table 8: State-wise Unemployment Rate, Usual Status Adjusted (Rural Overall)",https://www.rbi.org.in/Scripts/AnnualPublications.aspx?head=Handbook+of+Statistics+on+Indian+States,2009-10,NSO (NSSO EUS / PLFS),,2026-08-06
unemployment-rate-rural,India,2011,17.0,"RBI Handbook of Statistics on Indian States, Table 8: State-wise Unemployment Rate, Usual Status Adjusted (Rural Overall)",https://www.rbi.org.in/Scripts/AnnualPublications.aspx?head=Handbook+of+Statistics+on+Indian+States,2011-12,NSO (NSSO EUS / PLFS),,2026-08-06
unemployment-rate-rural,India,2017,53.0,"RBI Handbook of Statistics on Indian States, Table 8: State-wise Unemployment Rate, Usual Status Adjusted (Rural Overall)",https://www.rbi.org.in/Scripts/AnnualPublications.aspx?head=Handbook+of+Statistics+on+Indian+States,2017-18,NSO (NSSO EUS / PLFS),,2026-08-06
unemployment-rate-rural,India,2018,50.0,"RBI Handbook of Statistics on Indian States, Table 8: State-wise Unemployment Rate, Usual Status Adjusted (Rural Overall)",https://www.rbi.org.in/Scripts/AnnualPublications.aspx?head=Handbook+of+Statistics+on+Indian+States,2018-19,NSO (NSSO EUS / PLFS),,2026-08-06
unemployment-rate-rural,India,2019,40.0,"RBI Handbook of Statistics on Indian States, Table 8: State-wise Unemployment Rate, Usual Status Adjusted (Rural Overall)",https://www.rbi.org.in/Scripts/AnnualPublications.aspx?head=Handbook+of+Statistics+on+Indian+States,2019-20,NSO (NSSO EUS / PLFS),,2026-08-06
unemployment-rate-rural,India,2020,33.0,"RBI Handbook of Statistics on Indian States, Table 8: State-wise Unemployment Rate, Usual Status Adjusted (Rural Overall)",https://www.rbi.org.in/Scripts/AnnualPublications.aspx?head=Handbook+of+Statistics+on+Indian+States,2020-21,NSO (NSSO EUS / PLFS),,2026-08-06
unemployment-rate-rural,India,2021,33.0,"RBI Handbook of Statistics on Indian States, Table 8: State-wise Unemployment Rate, Usual Status Adjusted (Rural Overall)",https://www.rbi.org.in/Scripts/AnnualPublications.aspx?head=Handbook+of+Statistics+on+Indian+States,2021-22,NSO (NSSO EUS / PLFS),,2026-08-06
unemployment-rate-rural,India,2022,24.0,"RBI Handbook of Statistics on Indian States, Table 8: State-wise Unemployment Rate, Usual Status Adjusted (Rural Overall)",https://www.rbi.org.in/Scripts/AnnualPublications.aspx?head=Handbook+of+Statistics+on+Indian+States,2022-23,NSO (NSSO EUS / PLFS),,2026-08-06
unemployment-rate-rural,India,2023,25.0,"RBI Handbook of Statistics on Indian States, Table 8: State-wise Unemployment Rate, Usual Status Adjusted (Rural Overall)",https://www.rbi.org.in/Scripts/AnnualPublications.aspx?head=Handbook+of+Statistics+on+Indian+States,2023-24,NSO (NSSO EUS / PLFS),,2026-08-06
unemployment-rate-urban,Andhra Pradesh,1993,30.0,"RBI Handbook of Statistics on Indian States, Table 9: State-wise Unemployment Rate, Usual Status Adjusted (Urban Overall)",https://www.rbi.org.in/Scripts/AnnualPublications.aspx?head=Handbook+of+Statistics+on+Indian+States,1993-94,NSO (NSSO EUS / PLFS),,2026-08-06
unemployment-rate-urban,Andhra Pradesh,1999,39.0,"RBI Handbook of Statistics on Indian States, Table 9: State-wise Unemployment Rate, Usual Status Adjusted (Urban Overall)",https://www.rbi.org.in/Scripts/AnnualPublications.aspx?head=Handbook+of+Statistics+on+Indian+States,1999-00,NSO (NSSO EUS / PLFS),,2026-08-06
unemployment-rate-urban,Andhra Pradesh,2004,36.0,"RBI Handbook of Statistics on Indian States, Table 9: State-wise Unemployment Rate, Usual Status Adjusted (Urban Overall)",https://www.rbi.org.in/Scripts/AnnualPublications.aspx?head=Handbook+of+Statistics+on+Indian+States,2004-05,NSO (NSSO EUS / PLFS),,2026-08-06
unemployment-rate-urban,Andhra Pradesh,2009,31.0,"RBI Handbook of Statistics on Indian States, Table 9: State-wise Unemployment Rate, Usual Status Adjusted (Urban Overall)",https://www.rbi.org.in/Scripts/AnnualPublications.aspx?head=Handbook+of+Statistics+on+Indian+States,2009-10,NSO (NSSO EUS / PLFS),,2026-08-06
unemployment-rate-urban,Andhra Pradesh,2011,43.0,"RBI Handbook of Statistics on Indian States, Table 9: State-wise Unemployment Rate, Usual Status Adjusted (Urban Overall)",https://www.rbi.org.in/Scripts/AnnualPublications.aspx?head=Handbook+of+Statistics+on+Indian+States,2011-12,NSO (NSSO EUS / PLFS),,2026-08-06
unemployment-rate-urban,Andhra Pradesh,2017,66.0,"RBI Handbook of Statistics on Indian States, Table 9: State-wise Unemployment Rate, Usual Status Adjusted (Urban Overall)",https://www.rbi.org.in/Scripts/AnnualPublications.aspx?head=Handbook+of+Statistics+on+Indian+States,2017-18,NSO (NSSO EUS / PLFS),,2026-08-06
unemployment-rate-urban,Andhra Pradesh,2018,73.0,"RBI Handbook of Statistics on Indian States, Table 9: State-wise Unemployment Rate, Usual Status Adjusted (Urban Overall)",https://www.rbi.org.in/Scripts/AnnualPublications.aspx?head=Handbook+of+Statistics+on+Indian+States,2018-19,NSO (NSSO EUS / PLFS),,2026-08-06
unemployment-rate-urban,Andhra Pradesh,2019,67.0,"RBI Handbook of Statistics on Indian States, Table 9: State-wise Unemployment Rate, Usual Status Adjusted (Urban Overall)",https://www.rbi.org.in/Scripts/AnnualPublications.aspx?head=Handbook+of+Statistics+on+Indian+States,2019-20,NSO (NSSO EUS / PLFS),,2026-08-06
unemployment-rate-urban,Andhra Pradesh,2020,60.0,"RBI Handbook of Statistics on Indian States, Table 9: State-wise Unemployment Rate, Usual Status Adjusted (Urban Overall)",https://www.rbi.org.in/Scripts/AnnualPublications.aspx?head=Handbook+of+Statistics+on+Indian+States,2020-21,NSO (NSSO EUS / PLFS),,2026-08-06
unemployment-rate-urban,Andhra Pradesh,2021,63.0,"RBI Handbook of Statistics on Indian States, Table 9: State-wise Unemployment Rate, Usual Status Adjusted (Urban Overall)",https://www.rbi.org.in/Scripts/AnnualPublications.aspx?head=Handbook+of+Statistics+on+Indian+States,2021-22,NSO (NSSO EUS / PLFS),,2026-08-06
unemployment-rate-urban,Andhra Pradesh,2022,65.0,"RBI Handbook of Statistics on Indian States, Table 9: State-wise Unemployment Rate, Usual Status Adjusted (Urban Overall)",https://www.rbi.org.in/Scripts/AnnualPublications.aspx?head=Handbook+of+Statistics+on+Indian+States,2022-23,NSO (NSSO EUS / PLFS),,2026-08-06
unemployment-rate-urban,Andhra Pradesh,2023,59.0,"RBI Handbook of Statistics on Indian States, Table 9: State-wise Unemployment Rate, Usual Status Adjusted (Urban Overall)",https://www.rbi.org.in/Scripts/AnnualPublications.aspx?head=Handbook+of+Statistics+on+Indian+States,2023-24,NSO (NSSO EUS / PLFS),,2026-08-06
unemployment-rate-urban,Arunachal Pradesh,1993,26.0,"RBI Handbook of Statistics on Indian States, Table 9: State-wise Unemployment Rate, Usual Status Adjusted (Urban Overall)",https://www.rbi.org.in/Scripts/AnnualPublications.aspx?head=Handbook+of+Statistics+on+Indian+States,1993-94,NSO (NSSO EUS / PLFS),,2026-08-06
unemployment-rate-urban,Arunachal Pradesh,1999,29.0,"RBI Handbook of Statistics on Indian States, Table 9: State-wise Unemployment Rate, Usual Status Adjusted (Urban Overall)",https://www.rbi.org.in/Scripts/AnnualPublications.aspx?head=Handbook+of+Statistics+on+Indian+States,1999-00,NSO (NSSO EUS / PLFS),,2026-08-06
unemployment-rate-urban,Arunachal Pradesh,2004,12.0,"RBI Handbook of Statistics on Indian States, Table 9: State-wise Unemployment Rate, Usual Status Adjusted (Urban Overall)",https://www.rbi.org.in/Scripts/AnnualPublications.aspx?head=Handbook+of+Statistics+on+Indian+States,2004-05,NSO (NSSO EUS / PLFS),,2026-08-06
unemployment-rate-urban,Arunachal Pradesh,2009,34.0,"RBI Handbook of Statistics on Indian States, Table 9: State-wise Unemployment Rate, Usual Status Adjusted (Urban Overall)",https://www.rbi.org.in/Scripts/AnnualPublications.aspx?head=Handbook+of+Statistics+on+Indian+States,2009-10,NSO (NSSO EUS / PLFS),,2026-08-06
unemployment-rate-urban,Arunachal Pradesh,2011,48.0,"RBI Handbook of Statistics on Indian States, Table 9: State-wise Unemployment Rate, Usual Status Adjusted (Urban Overall)",https://www.rbi.org.in/Scripts/AnnualPublications.aspx?head=Handbook+of+Statistics+on+Indian+States,2011-12,NSO (NSSO EUS / PLFS),,2026-08-06
unemployment-rate-urban,Arunachal Pradesh,2017,99.0,"RBI Handbook of Statistics on Indian States, Table 9: State-wise Unemployment Rate, Usual Status Adjusted (Urban Overall)",https://www.rbi.org.in/Scripts/AnnualPublications.aspx?head=Handbook+of+Statistics+on+Indian+States,2017-18,NSO (NSSO EUS / PLFS),,2026-08-06
unemployment-rate-urban,Arunachal Pradesh,2018,111.0,"RBI Handbook of Statistics on Indian States, Table 9: State-wise Unemployment Rate, Usual Status Adjusted (Urban Overall)",https://www.rbi.org.in/Scripts/AnnualPublications.aspx?head=Handbook+of+Statistics+on+Indian+States,2018-19,NSO (NSSO EUS / PLFS),,2026-08-06
unemployment-rate-urban,Arunachal Pradesh,2019,90.0,"RBI Handbook of Statistics on Indian States, Table 9: State-wise Unemployment Rate, Usual Status Adjusted (Urban Overall)",https://www.rbi.org.in/Scripts/AnnualPublications.aspx?head=Handbook+of+Statistics+on+Indian+States,2019-20,NSO (NSSO EUS / PLFS),,2026-08-06
unemployment-rate-urban,Arunachal Pradesh,2020,106.0,"RBI Handbook of Statistics on Indian States, Table 9: State-wise Unemployment Rate, Usual Status Adjusted (Urban Overall)",https://www.rbi.org.in/Scripts/AnnualPublications.aspx?head=Handbook+of+Statistics+on+Indian+States,2020-21,NSO (NSSO EUS / PLFS),,2026-08-06
unemployment-rate-urban,Arunachal Pradesh,2021,120.0,"RBI Handbook of Statistics on Indian States, Table 9: State-wise Unemployment Rate, Usual Status Adjusted (Urban Overall)",https://www.rbi.org.in/Scripts/AnnualPublications.aspx?head=Handbook+of+Statistics+on+Indian+States,2021-22,NSO (NSSO EUS / PLFS),,2026-08-06
unemployment-rate-urban,Arunachal Pradesh,2022,109.0,"RBI Handbook of Statistics on Indian States, Table 9: State-wise Unemployment Rate, Usual Status Adjusted (Urban Overall)",https://www.rbi.org.in/Scripts/AnnualPublications.aspx?head=Handbook+of+Statistics+on+Indian+States,2022-23,NSO (NSSO EUS / PLFS),,2026-08-06
unemployment-rate-urban,Arunachal Pradesh,2023,128.0,"RBI Handbook of Statistics on Indian States, Table 9: State-wise Unemployment Rate, Usual Status Adjusted (Urban Overall)",https://www.rbi.org.in/Scripts/AnnualPublications.aspx?head=Handbook+of+Statistics+on+Indian+States,2023-24,NSO (NSSO EUS / PLFS),,2026-08-06
unemployment-rate-urban,Assam,1993,89.0,"RBI Handbook of Statistics on Indian States, Table 9: State-wise Unemployment Rate, Usual Status Adjusted (Urban Overall)",https://www.rbi.org.in/Scripts/AnnualPublications.aspx?head=Handbook+of+Statistics+on+Indian+States,1993-94,NSO (NSSO EUS / PLFS),,2026-08-06
unemployment-rate-urban,Assam,1999,97.0,"RBI Handbook of Statistics on Indian States, Table 9: State-wise Unemployment Rate, Usual Status Adjusted (Urban Overall)",https://www.rbi.org.in/Scripts/AnnualPublications.aspx?head=Handbook+of+Statistics+on+Indian+States,1999-00,NSO (NSSO EUS / PLFS),,2026-08-06
unemployment-rate-urban,Assam,2004,72.0,"RBI Handbook of Statistics on Indian States, Table 9: State-wise Unemployment Rate, Usual Status Adjusted (Urban Overall)",https://www.rbi.org.in/Scripts/AnnualPublications.aspx?head=Handbook+of+Statistics+on+Indian+States,2004-05,NSO (NSSO EUS / PLFS),,2026-08-06
unemployment-rate-urban,Assam,2009,52.0,"RBI Handbook of Statistics on Indian States, Table 9: State-wise Unemployment Rate, Usual Status Adjusted (Urban Overall)",https://www.rbi.org.in/Scripts/AnnualPublications.aspx?head=Handbook+of+Statistics+on+Indian+States,2009-10,NSO (NSSO EUS / PLFS),,2026-08-06
unemployment-rate-urban,Assam,2011,56.0,"RBI Handbook of Statistics on Indian States, Table 9: State-wise Unemployment Rate, Usual Status Adjusted (Urban Overall)",https://www.rbi.org.in/Scripts/AnnualPublications.aspx?head=Handbook+of+Statistics+on+Indian+States,2011-12,NSO (NSSO EUS / PLFS),,2026-08-06
unemployment-rate-urban,Assam,2017,63.0,"RBI Handbook of Statistics on Indian States, Table 9: State-wise Unemployment Rate, Usual Status Adjusted (Urban Overall)",https://www.rbi.org.in/Scripts/AnnualPublications.aspx?head=Handbook+of+Statistics+on+Indian+States,2017-18,NSO (NSSO EUS / PLFS),,2026-08-06
unemployment-rate-urban,Assam,2018,107.0,"RBI Handbook of Statistics on Indian States, Table 9: State-wise Unemployment Rate, Usual Status Adjusted (Urban Overall)",https://www.rbi.org.in/Scripts/AnnualPublications.aspx?head=Handbook+of+Statistics+on+Indian+States,2018-19,NSO (NSSO EUS / PLFS),,2026-08-06
unemployment-rate-urban,Assam,2019,87.0,"RBI Handbook of Statistics on Indian States, Table 9: State-wise Unemployment Rate, Usual Status Adjusted (Urban Overall)",https://www.rbi.org.in/Scripts/AnnualPublications.aspx?head=Handbook+of+Statistics+on+Indian+States,2019-20,NSO (NSSO EUS / PLFS),,2026-08-06
unemployment-rate-urban,Assam,2020,78.0,"RBI Handbook of Statistics on Indian States, Table 9: State-wise Unemployment Rate, Usual Status Adjusted (Urban Overall)",https://www.rbi.org.in/Scripts/AnnualPublications.aspx?head=Handbook+of+Statistics+on+Indian+States,2020-21,NSO (NSSO EUS / PLFS),,2026-08-06
unemployment-rate-urban,Assam,2021,94.0,"RBI Handbook of Statistics on Indian States, Table 9: State-wise Unemployment Rate, Usual Status Adjusted (Urban Overall)",https://www.rbi.org.in/Scripts/AnnualPublications.aspx?head=Handbook+of+Statistics+on+Indian+States,2021-22,NSO (NSSO EUS / PLFS),,2026-08-06
unemployment-rate-urban,Assam,2022,61.0,"RBI Handbook of Statistics on Indian States, Table 9: State-wise Unemployment Rate, Usual Status Adjusted (Urban Overall)",https://www.rbi.org.in/Scripts/AnnualPublications.aspx?head=Handbook+of+Statistics+on+Indian+States,2022-23,NSO (NSSO EUS / PLFS),,2026-08-06
unemployment-rate-urban,Assam,2023,74.0,"RBI Handbook of Statistics on Indian States, Table 9: State-wise Unemployment Rate, Usual Status Adjusted (Urban Overall)",https://www.rbi.org.in/Scripts/AnnualPublications.aspx?head=Handbook+of+Statistics+on+Indian+States,2023-24,NSO (NSSO EUS / PLFS),,2026-08-06
unemployment-rate-urban,Bihar,1993,71.0,"RBI Handbook of Statistics on Indian States, Table 9: State-wise Unemployment Rate, Usual Status Adjusted (Urban Overall)",https://www.rbi.org.in/Scripts/AnnualPublications.aspx?head=Handbook+of+Statistics+on+Indian+States,1993-94,NSO (NSSO EUS / PLFS),,2026-08-06
unemployment-rate-urban,Bihar,1999,74.0,"RBI Handbook of Statistics on Indian States, Table 9: State-wise Unemployment Rate, Usual Status Adjusted (Urban Overall)",https://www.rbi.org.in/Scripts/AnnualPublications.aspx?head=Handbook+of+Statistics+on+Indian+States,1999-00,NSO (NSSO EUS / PLFS),,2026-08-06
unemployment-rate-urban,Bihar,2004,64.0,"RBI Handbook of Statistics on Indian States, Table 9: State-wise Unemployment Rate, Usual Status Adjusted (Urban Overall)",https://www.rbi.org.in/Scripts/AnnualPublications.aspx?head=Handbook+of+Statistics+on+Indian+States,2004-05,NSO (NSSO EUS / PLFS),,2026-08-06
unemployment-rate-urban,Bihar,2009,73.0,"RBI Handbook of Statistics on Indian States, Table 9: State-wise Unemployment Rate, Usual Status Adjusted (Urban Overall)",https://www.rbi.org.in/Scripts/AnnualPublications.aspx?head=Handbook+of+Statistics+on+Indian+States,2009-10,NSO (NSSO EUS / PLFS),,2026-08-06
unemployment-rate-urban,Bihar,2011,56.0,"RBI Handbook of Statistics on Indian States, Table 9: State-wise Unemployment Rate, Usual Status Adjusted (Urban Overall)",https://www.rbi.org.in/Scripts/AnnualPublications.aspx?head=Handbook+of+Statistics+on+Indian+States,2011-12,NSO (NSSO EUS / PLFS),,2026-08-06
unemployment-rate-urban,Bihar,2017,90.0,"RBI Handbook of Statistics on Indian States, Table 9: State-wise Unemployment Rate, Usual Status Adjusted (Urban Overall)",https://www.rbi.org.in/Scripts/AnnualPublications.aspx?head=Handbook+of+Statistics+on+Indian+States,2017-18,NSO (NSSO EUS / PLFS),,2026-08-06
unemployment-rate-urban,Bihar,2018,105.0,"RBI Handbook of Statistics on Indian States, Table 9: State-wise Unemployment Rate, Usual Status Adjusted (Urban Overall)",https://www.rbi.org.in/Scripts/AnnualPublications.aspx?head=Handbook+of+Statistics+on+Indian+States,2018-19,NSO (NSSO EUS / PLFS),,2026-08-06
unemployment-rate-urban,Bihar,2019,86.0,"RBI Handbook of Statistics on Indian States, Table 9: State-wise Unemployment Rate, Usual Status Adjusted (Urban Overall)",https://www.rbi.org.in/Scripts/AnnualPublications.aspx?head=Handbook+of+Statistics+on+Indian+States,2019-20,NSO (NSSO EUS / PLFS),,2026-08-06
unemployment-rate-urban,Bihar,2020,96.0,"RBI Handbook of Statistics on Indian States, Table 9: State-wise Unemployment Rate, Usual Status Adjusted (Urban Overall)",https://www.rbi.org.in/Scripts/AnnualPublications.aspx?head=Handbook+of+Statistics+on+Indian+States,2020-21,NSO (NSSO EUS / PLFS),,2026-08-06
unemployment-rate-urban,Bihar,2021,103.0,"RBI Handbook of Statistics on Indian States, Table 9: State-wise Unemployment Rate, Usual Status Adjusted (Urban Overall)",https://www.rbi.org.in/Scripts/AnnualPublications.aspx?head=Handbook+of+Statistics+on+Indian+States,2021-22,NSO (NSSO EUS / PLFS),,2026-08-06
unemployment-rate-urban,Bihar,2022,77.0,"RBI Handbook of Statistics on Indian States, Table 9: State-wise Unemployment Rate, Usual Status Adjusted (Urban Overall)",https://www.rbi.org.in/Scripts/AnnualPublications.aspx?head=Handbook+of+Statistics+on+Indian+States,2022-23,NSO (NSSO EUS / PLFS),,2026-08-06
unemployment-rate-urban,Bihar,2023,73.0,"RBI Handbook of Statistics on Indian States, Table 9: State-wise Unemployment Rate, Usual Status Adjusted (Urban Overall)",https://www.rbi.org.in/Scripts/AnnualPublications.aspx?head=Handbook+of+Statistics+on+Indian+States,2023-24,NSO (NSSO EUS / PLFS),,2026-08-06
unemployment-rate-urban,Chhattisgarh,2004,35.0,"RBI Handbook of Statistics on Indian States, Table 9: State-wise Unemployment Rate, Usual Status Adjusted (Urban Overall)",https://www.rbi.org.in/Scripts/AnnualPublications.aspx?head=Handbook+of+Statistics+on+Indian+States,2004-05,NSO (NSSO EUS / PLFS),,2026-08-06
unemployment-rate-urban,Chhattisgarh,2009,29.0,"RBI Handbook of Statistics on Indian States, Table 9: State-wise Unemployment Rate, Usual Status Adjusted (Urban Overall)",https://www.rbi.org.in/Scripts/AnnualPublications.aspx?head=Handbook+of+Statistics+on+Indian+States,2009-10,NSO (NSSO EUS / PLFS),,2026-08-06
unemployment-rate-urban,Chhattisgarh,2011,43.0,"RBI Handbook of Statistics on Indian States, Table 9: State-wise Unemployment Rate, Usual Status Adjusted (Urban Overall)",https://www.rbi.org.in/Scripts/AnnualPublications.aspx?head=Handbook+of+Statistics+on+Indian+States,2011-12,NSO (NSSO EUS / PLFS),,2026-08-06
unemployment-rate-urban,Chhattisgarh,2017,75.0,"RBI Handbook of Statistics on Indian States, Table 9: State-wise Unemployment Rate, Usual Status Adjusted (Urban Overall)",https://www.rbi.org.in/Scripts/AnnualPublications.aspx?head=Handbook+of+Statistics+on+Indian+States,2017-18,NSO (NSSO EUS / PLFS),,2026-08-06
unemployment-rate-urban,Chhattisgarh,2018,55.0,"RBI Handbook of Statistics on Indian States, Table 9: State-wise Unemployment Rate, Usual Status Adjusted (Urban Overall)",https://www.rbi.org.in/Scripts/AnnualPublications.aspx?head=Handbook+of+Statistics+on+Indian+States,2018-19,NSO (NSSO EUS / PLFS),,2026-08-06
unemployment-rate-urban,Chhattisgarh,2019,88.0,"RBI Handbook of Statistics on Indian States, Table 9: State-wise Unemployment Rate, Usual Status Adjusted (Urban Overall)",https://www.rbi.org.in/Scripts/AnnualPublications.aspx?head=Handbook+of+Statistics+on+Indian+States,2019-20,NSO (NSSO EUS / PLFS),,2026-08-06
unemployment-rate-urban,Chhattisgarh,2020,63.0,"RBI Handbook of Statistics on Indian States, Table 9: State-wise Unemployment Rate, Usual Status Adjusted (Urban Overall)",https://www.rbi.org.in/Scripts/AnnualPublications.aspx?head=Handbook+of+Statistics+on+Indian+States,2020-21,NSO (NSSO EUS / PLFS),,2026-08-06
unemployment-rate-urban,Chhattisgarh,2021,72.0,"RBI Handbook of Statistics on Indian States, Table 9: State-wise Unemployment Rate, Usual Status Adjusted (Urban Overall)",https://www.rbi.org.in/Scripts/AnnualPublications.aspx?head=Handbook+of+Statistics+on+Indian+States,2021-22,NSO (NSSO EUS / PLFS),,2026-08-06
unemployment-rate-urban,Chhattisgarh,2022,78.0,"RBI Handbook of Statistics on Indian States, Table 9: State-wise Unemployment Rate, Usual Status Adjusted (Urban Overall)",https://www.rbi.org.in/Scripts/AnnualPublications.aspx?head=Handbook+of+Statistics+on+Indian+States,2022-23,NSO (NSSO EUS / PLFS),,2026-08-06
unemployment-rate-urban,Chhattisgarh,2023,76.0,"RBI Handbook of Statistics on Indian States, Table 9: State-wise Unemployment Rate, Usual Status Adjusted (Urban Overall)",https://www.rbi.org.in/Scripts/AnnualPublications.aspx?head=Handbook+of+Statistics+on+Indian+States,2023-24,NSO (NSSO EUS / PLFS),,2026-08-06
unemployment-rate-urban,Delhi,1993,15.0,"RBI Handbook of Statistics on Indian States, Table 9: State-wise Unemployment Rate, Usual Status Adjusted (Urban Overall)",https://www.rbi.org.in/Scripts/AnnualPublications.aspx?head=Handbook+of+Statistics+on+Indian+States,1993-94,NSO (NSSO EUS / PLFS),,2026-08-06
unemployment-rate-urban,Delhi,1999,33.0,"RBI Handbook of Statistics on Indian States, Table 9: State-wise Unemployment Rate, Usual Status Adjusted (Urban Overall)",https://www.rbi.org.in/Scripts/AnnualPublications.aspx?head=Handbook+of+Statistics+on+Indian+States,1999-00,NSO (NSSO EUS / PLFS),,2026-08-06
unemployment-rate-urban,Delhi,2004,48.0,"RBI Handbook of Statistics on Indian States, Table 9: State-wise Unemployment Rate, Usual Status Adjusted (Urban Overall)",https://www.rbi.org.in/Scripts/AnnualPublications.aspx?head=Handbook+of+Statistics+on+Indian+States,2004-05,NSO (NSSO EUS / PLFS),,2026-08-06
unemployment-rate-urban,Delhi,2009,26.0,"RBI Handbook of Statistics on Indian States, Table 9: State-wise Unemployment Rate, Usual Status Adjusted (Urban Overall)",https://www.rbi.org.in/Scripts/AnnualPublications.aspx?head=Handbook+of+Statistics+on+Indian+States,2009-10,NSO (NSSO EUS / PLFS),,2026-08-06
unemployment-rate-urban,Delhi,2011,35.0,"RBI Handbook of Statistics on Indian States, Table 9: State-wise Unemployment Rate, Usual Status Adjusted (Urban Overall)",https://www.rbi.org.in/Scripts/AnnualPublications.aspx?head=Handbook+of+Statistics+on+Indian+States,2011-12,NSO (NSSO EUS / PLFS),,2026-08-06
unemployment-rate-urban,Delhi,2017,98.0,"RBI Handbook of Statistics on Indian States, Table 9: State-wise Unemployment Rate, Usual Status Adjusted (Urban Overall)",https://www.rbi.org.in/Scripts/AnnualPublications.aspx?head=Handbook+of+Statistics+on+Indian+States,2017-18,NSO (NSSO EUS / PLFS),,2026-08-06
unemployment-rate-urban,Delhi,2018,108.0,"RBI Handbook of Statistics on Indian States, Table 9: State-wise Unemployment Rate, Usual Status Adjusted (Urban Overall)",https://www.rbi.org.in/Scripts/AnnualPublications.aspx?head=Handbook+of+Statistics+on+Indian+States,2018-19,NSO (NSSO EUS / PLFS),,2026-08-06
unemployment-rate-urban,Delhi,2019,89.0,"RBI Handbook of Statistics on Indian States, Table 9: State-wise Unemployment Rate, Usual Status Adjusted (Urban Overall)",https://www.rbi.org.in/Scripts/AnnualPublications.aspx?head=Handbook+of+Statistics+on+Indian+States,2019-20,NSO (NSSO EUS / PLFS),,2026-08-06
unemployment-rate-urban,Delhi,2020,63.0,"RBI Handbook of Statistics on Indian States, Table 9: State-wise Unemployment Rate, Usual Status Adjusted (Urban Overall)",https://www.rbi.org.in/Scripts/AnnualPublications.aspx?head=Handbook+of+Statistics+on+Indian+States,2020-21,NSO (NSSO EUS / PLFS),,2026-08-06
unemployment-rate-urban,Delhi,2021,53.0,"RBI Handbook of Statistics on Indian States, Table 9: State-wise Unemployment Rate, Usual Status Adjusted (Urban Overall)",https://www.rbi.org.in/Scripts/AnnualPublications.aspx?head=Handbook+of+Statistics+on+Indian+States,2021-22,NSO (NSSO EUS / PLFS),,2026-08-06
unemployment-rate-urban,Delhi,2022,17.0,"RBI Handbook of Statistics on Indian States, Table 9: State-wise Unemployment Rate, Usual Status Adjusted (Urban Overall)",https://www.rbi.org.in/Scripts/AnnualPublications.aspx?head=Handbook+of+Statistics+on+Indian+States,2022-23,NSO (NSSO EUS / PLFS),,2026-08-06
unemployment-rate-urban,Delhi,2023,20.0,"RBI Handbook of Statistics on Indian States, Table 9: State-wise Unemployment Rate, Usual Status Adjusted (Urban Overall)",https://www.rbi.org.in/Scripts/AnnualPublications.aspx?head=Handbook+of+Statistics+on+Indian+States,2023-24,NSO (NSSO EUS / PLFS),,2026-08-06
unemployment-rate-urban,Goa,1993,101.0,"RBI Handbook of Statistics on Indian States, Table 9: State-wise Unemployment Rate, Usual Status Adjusted (Urban Overall)",https://www.rbi.org.in/Scripts/AnnualPublications.aspx?head=Handbook+of+Statistics+on+Indian+States,1993-94,NSO (NSSO EUS / PLFS),,2026-08-06
unemployment-rate-urban,Goa,1999,185.0,"RBI Handbook of Statistics on Indian States, Table 9: State-wise Unemployment Rate, Usual Status Adjusted (Urban Overall)",https://www.rbi.org.in/Scripts/AnnualPublications.aspx?head=Handbook+of+Statistics+on+Indian+States,1999-00,NSO (NSSO EUS / PLFS),,2026-08-06
unemployment-rate-urban,Goa,2004,87.0,"RBI Handbook of Statistics on Indian States, Table 9: State-wise Unemployment Rate, Usual Status Adjusted (Urban Overall)",https://www.rbi.org.in/Scripts/AnnualPublications.aspx?head=Handbook+of+Statistics+on+Indian+States,2004-05,NSO (NSSO EUS / PLFS),,2026-08-06
unemployment-rate-urban,Goa,2009,41.0,"RBI Handbook of Statistics on Indian States, Table 9: State-wise Unemployment Rate, Usual Status Adjusted (Urban Overall)",https://www.rbi.org.in/Scripts/AnnualPublications.aspx?head=Handbook+of+Statistics+on+Indian+States,2009-10,NSO (NSSO EUS / PLFS),,2026-08-06
unemployment-rate-urban,Goa,2011,46.0,"RBI Handbook of Statistics on Indian States, Table 9: State-wise Unemployment Rate, Usual Status Adjusted (Urban Overall)",https://www.rbi.org.in/Scripts/AnnualPublications.aspx?head=Handbook+of+Statistics+on+Indian+States,2011-12,NSO (NSSO EUS / PLFS),,2026-08-06
unemployment-rate-urban,Goa,2017,138.0,"RBI Handbook of Statistics on Indian States, Table 9: State-wise Unemployment Rate, Usual Status Adjusted (Urban Overall)",https://www.rbi.org.in/Scripts/AnnualPublications.aspx?head=Handbook+of+Statistics+on+Indian+States,2017-18,NSO (NSSO EUS / PLFS),,2026-08-06
unemployment-rate-urban,Goa,2018,91.0,"RBI Handbook of Statistics on Indian States, Table 9: State-wise Unemployment Rate, Usual Status Adjusted (Urban Overall)",https://www.rbi.org.in/Scripts/AnnualPublications.aspx?head=Handbook+of+Statistics+on+Indian+States,2018-19,NSO (NSSO EUS / PLFS),,2026-08-06
unemployment-rate-urban,Goa,2019,84.0,"RBI Handbook of Statistics on Indian States, Table 9: State-wise Unemployment Rate, Usual Status Adjusted (Urban Overall)",https://www.rbi.org.in/Scripts/AnnualPublications.aspx?head=Handbook+of+Statistics+on+Indian+States,2019-20,NSO (NSSO EUS / PLFS),,2026-08-06
unemployment-rate-urban,Goa,2020,109.0,"RBI Handbook of Statistics on Indian States, Table 9: State-wise Unemployment Rate, Usual Status Adjusted (Urban Overall)",https://www.rbi.org.in/Scripts/AnnualPublications.aspx?head=Handbook+of+Statistics+on+Indian+States,2020-21,NSO (NSSO EUS / PLFS),,2026-08-06
unemployment-rate-urban,Goa,2021,116.0,"RBI Handbook of Statistics on Indian States, Table 9: State-wise Unemployment Rate, Usual Status Adjusted (Urban Overall)",https://www.rbi.org.in/Scripts/AnnualPublications.aspx?head=Handbook+of+Statistics+on+Indian+States,2021-22,NSO (NSSO EUS / PLFS),,2026-08-06
unemployment-rate-urban,Goa,2022,87.0,"RBI Handbook of Statistics on Indian States, Table 9: State-wise Unemployment Rate, Usual Status Adjusted (Urban Overall)",https://www.rbi.org.in/Scripts/AnnualPublications.aspx?head=Handbook+of+Statistics+on+Indian+States,2022-23,NSO (NSSO EUS / PLFS),,2026-08-06
unemployment-rate-urban,Goa,2023,82.0,"RBI Handbook of Statistics on Indian States, Table 9: State-wise Unemployment Rate, Usual Status Adjusted (Urban Overall)",https://www.rbi.org.in/Scripts/AnnualPublications.aspx?head=Handbook+of+Statistics+on+Indian+States,2023-24,NSO (NSSO EUS / PLFS),,2026-08-06
unemployment-rate-urban,Gujarat,1993,33.0,"RBI Handbook of Statistics on Indian States, Table 9: State-wise Unemployment Rate, Usual Status Adjusted (Urban Overall)",https://www.rbi.org.in/Scripts/AnnualPublications.aspx?head=Handbook+of+Statistics+on+Indian+States,1993-94,NSO (NSSO EUS / PLFS),,2026-08-06
unemployment-rate-urban,Gujarat,1999,20.0,"RBI Handbook of Statistics on Indian States, Table 9: State-wise Unemployment Rate, Usual Status Adjusted (Urban Overall)",https://www.rbi.org.in/Scripts/AnnualPublications.aspx?head=Handbook+of+Statistics+on+Indian+States,1999-00,NSO (NSSO EUS / PLFS),,2026-08-06
unemployment-rate-urban,Gujarat,2004,24.0,"RBI Handbook of Statistics on Indian States, Table 9: State-wise Unemployment Rate, Usual Status Adjusted (Urban Overall)",https://www.rbi.org.in/Scripts/AnnualPublications.aspx?head=Handbook+of+Statistics+on+Indian+States,2004-05,NSO (NSSO EUS / PLFS),,2026-08-06
unemployment-rate-urban,Gujarat,2009,18.0,"RBI Handbook of Statistics on Indian States, Table 9: State-wise Unemployment Rate, Usual Status Adjusted (Urban Overall)",https://www.rbi.org.in/Scripts/AnnualPublications.aspx?head=Handbook+of+Statistics+on+Indian+States,2009-10,NSO (NSSO EUS / PLFS),,2026-08-06
unemployment-rate-urban,Gujarat,2011,8.0,"RBI Handbook of Statistics on Indian States, Table 9: State-wise Unemployment Rate, Usual Status Adjusted (Urban Overall)",https://www.rbi.org.in/Scripts/AnnualPublications.aspx?head=Handbook+of+Statistics+on+Indian+States,2011-12,NSO (NSSO EUS / PLFS),,2026-08-06
unemployment-rate-urban,Gujarat,2017,43.0,"RBI Handbook of Statistics on Indian States, Table 9: State-wise Unemployment Rate, Usual Status Adjusted (Urban Overall)",https://www.rbi.org.in/Scripts/AnnualPublications.aspx?head=Handbook+of+Statistics+on+Indian+States,2017-18,NSO (NSSO EUS / PLFS),,2026-08-06
unemployment-rate-urban,Gujarat,2018,32.0,"RBI Handbook of Statistics on Indian States, Table 9: State-wise Unemployment Rate, Usual Status Adjusted (Urban Overall)",https://www.rbi.org.in/Scripts/AnnualPublications.aspx?head=Handbook+of+Statistics+on+Indian+States,2018-19,NSO (NSSO EUS / PLFS),,2026-08-06
unemployment-rate-urban,Gujarat,2019,30.0,"RBI Handbook of Statistics on Indian States, Table 9: State-wise Unemployment Rate, Usual Status Adjusted (Urban Overall)",https://www.rbi.org.in/Scripts/AnnualPublications.aspx?head=Handbook+of+Statistics+on+Indian+States,2019-20,NSO (NSSO EUS / PLFS),,2026-08-06
unemployment-rate-urban,Gujarat,2020,46.0,"RBI Handbook of Statistics on Indian States, Table 9: State-wise Unemployment Rate, Usual Status Adjusted (Urban Overall)",https://www.rbi.org.in/Scripts/AnnualPublications.aspx?head=Handbook+of+Statistics+on+Indian+States,2020-21,NSO (NSSO EUS / PLFS),,2026-08-06
unemployment-rate-urban,Gujarat,2021,28.0,"RBI Handbook of Statistics on Indian States, Table 9: State-wise Unemployment Rate, Usual Status Adjusted (Urban Overall)",https://www.rbi.org.in/Scripts/AnnualPublications.aspx?head=Handbook+of+Statistics+on+Indian+States,2021-22,NSO (NSSO EUS / PLFS),,2026-08-06
unemployment-rate-urban,Gujarat,2022,22.0,"RBI Handbook of Statistics on Indian States, Table 9: State-wise Unemployment Rate, Usual Status Adjusted (Urban Overall)",https://www.rbi.org.in/Scripts/AnnualPublications.aspx?head=Handbook+of+Statistics+on+Indian+States,2022-23,NSO (NSSO EUS / PLFS),,2026-08-06
unemployment-rate-urban,Gujarat,2023,23.0,"RBI Handbook of Statistics on Indian States, Table 9: State-wise Unemployment Rate, Usual Status Adjusted (Urban Overall)",https://www.rbi.org.in/Scripts/AnnualPublications.aspx?head=Handbook+of+Statistics+on+Indian+States,2023-24,NSO (NSSO EUS / PLFS),,2026-08-06
unemployment-rate-urban,Haryana,1993,26.0,"RBI Handbook of Statistics on Indian States, Table 9: State-wise Unemployment Rate, Usual Status Adjusted (Urban Overall)",https://www.rbi.org.in/Scripts/AnnualPublications.aspx?head=Handbook+of+Statistics+on+Indian+States,1993-94,NSO (NSSO EUS / PLFS),,2026-08-06
unemployment-rate-urban,Haryana,1999,27.0,"RBI Handbook of Statistics on Indian States, Table 9: State-wise Unemployment Rate, Usual Status Adjusted (Urban Overall)",https://www.rbi.org.in/Scripts/AnnualPublications.aspx?head=Handbook+of+Statistics+on+Indian+States,1999-00,NSO (NSSO EUS / PLFS),,2026-08-06
unemployment-rate-urban,Haryana,2004,40.0,"RBI Handbook of Statistics on Indian States, Table 9: State-wise Unemployment Rate, Usual Status Adjusted (Urban Overall)",https://www.rbi.org.in/Scripts/AnnualPublications.aspx?head=Handbook+of+Statistics+on+Indian+States,2004-05,NSO (NSSO EUS / PLFS),,2026-08-06
unemployment-rate-urban,Haryana,2009,25.0,"RBI Handbook of Statistics on Indian States, Table 9: State-wise Unemployment Rate, Usual Status Adjusted (Urban Overall)",https://www.rbi.org.in/Scripts/AnnualPublications.aspx?head=Handbook+of+Statistics+on+Indian+States,2009-10,NSO (NSSO EUS / PLFS),,2026-08-06
unemployment-rate-urban,Haryana,2011,42.0,"RBI Handbook of Statistics on Indian States, Table 9: State-wise Unemployment Rate, Usual Status Adjusted (Urban Overall)",https://www.rbi.org.in/Scripts/AnnualPublications.aspx?head=Handbook+of+Statistics+on+Indian+States,2011-12,NSO (NSSO EUS / PLFS),,2026-08-06
unemployment-rate-urban,Haryana,2017,73.0,"RBI Handbook of Statistics on Indian States, Table 9: State-wise Unemployment Rate, Usual Status Adjusted (Urban Overall)",https://www.rbi.org.in/Scripts/AnnualPublications.aspx?head=Handbook+of+Statistics+on+Indian+States,2017-18,NSO (NSSO EUS / PLFS),,2026-08-06
unemployment-rate-urban,Haryana,2018,87.0,"RBI Handbook of Statistics on Indian States, Table 9: State-wise Unemployment Rate, Usual Status Adjusted (Urban Overall)",https://www.rbi.org.in/Scripts/AnnualPublications.aspx?head=Handbook+of+Statistics+on+Indian+States,2018-19,NSO (NSSO EUS / PLFS),,2026-08-06
unemployment-rate-urban,Haryana,2019,65.0,"RBI Handbook of Statistics on Indian States, Table 9: State-wise Unemployment Rate, Usual Status Adjusted (Urban Overall)",https://www.rbi.org.in/Scripts/AnnualPublications.aspx?head=Handbook+of+Statistics+on+Indian+States,2019-20,NSO (NSSO EUS / PLFS),,2026-08-06
unemployment-rate-urban,Haryana,2020,81.0,"RBI Handbook of Statistics on Indian States, Table 9: State-wise Unemployment Rate, Usual Status Adjusted (Urban Overall)",https://www.rbi.org.in/Scripts/AnnualPublications.aspx?head=Handbook+of+Statistics+on+Indian+States,2020-21,NSO (NSSO EUS / PLFS),,2026-08-06
unemployment-rate-urban,Haryana,2021,89.0,"RBI Handbook of Statistics on Indian States, Table 9: State-wise Unemployment Rate, Usual Status Adjusted (Urban Overall)",https://www.rbi.org.in/Scripts/AnnualPublications.aspx?head=Handbook+of+Statistics+on+Indian+States,2021-22,NSO (NSSO EUS / PLFS),,2026-08-06
unemployment-rate-urban,Haryana,2022,65.0,"RBI Handbook of Statistics on Indian States, Table 9: State-wise Unemployment Rate, Usual Status Adjusted (Urban Overall)",https://www.rbi.org.in/Scripts/AnnualPublications.aspx?head=Handbook+of+Statistics+on+Indian+States,2022-23,NSO (NSSO EUS / PLFS),,2026-08-06
unemployment-rate-urban,Haryana,2023,40.0,"RBI Handbook of Statistics on Indian States, Table 9: State-wise Unemployment Rate, Usual Status Adjusted (Urban Overall)",https://www.rbi.org.in/Scripts/AnnualPublications.aspx?head=Handbook+of+Statistics+on+Indian+States,2023-24,NSO (NSSO EUS / PLFS),,2026-08-06
unemployment-rate-urban,Himachal Pradesh,1993,26.0,"RBI Handbook of Statistics on Indian States, Table 9: State-wise Unemployment Rate, Usual Status Adjusted (Urban Overall)",https://www.rbi.org.in/Scripts/AnnualPublications.aspx?head=Handbook+of+Statistics+on+Indian+States,1993-94,NSO (NSSO EUS / PLFS),,2026-08-06
unemployment-rate-urban,Himachal Pradesh,1999,66.0,"RBI Handbook of Statistics on Indian States, Table 9: State-wise Unemployment Rate, Usual Status Adjusted (Urban Overall)",https://www.rbi.org.in/Scripts/AnnualPublications.aspx?head=Handbook+of+Statistics+on+Indian+States,1999-00,NSO (NSSO EUS / PLFS),,2026-08-06
unemployment-rate-urban,Himachal Pradesh,2004,38.0,"RBI Handbook of Statistics on Indian States, Table 9: State-wise Unemployment Rate, Usual Status Adjusted (Urban Overall)",https://www.rbi.org.in/Scripts/AnnualPublications.aspx?head=Handbook+of+Statistics+on+Indian+States,2004-05,NSO (NSSO EUS / PLFS),,2026-08-06
unemployment-rate-urban,Himachal Pradesh,2009,49.0,"RBI Handbook of Statistics on Indian States, Table 9: State-wise Unemployment Rate, Usual Status Adjusted (Urban Overall)",https://www.rbi.org.in/Scripts/AnnualPublications.aspx?head=Handbook+of+Statistics+on+Indian+States,2009-10,NSO (NSSO EUS / PLFS),,2026-08-06
unemployment-rate-urban,Himachal Pradesh,2011,40.0,"RBI Handbook of Statistics on Indian States, Table 9: State-wise Unemployment Rate, Usual Status Adjusted (Urban Overall)",https://www.rbi.org.in/Scripts/AnnualPublications.aspx?head=Handbook+of+Statistics+on+Indian+States,2011-12,NSO (NSSO EUS / PLFS),,2026-08-06
unemployment-rate-urban,Himachal Pradesh,2017,87.0,"RBI Handbook of Statistics on Indian States, Table 9: State-wise Unemployment Rate, Usual Status Adjusted (Urban Overall)",https://www.rbi.org.in/Scripts/AnnualPublications.aspx?head=Handbook+of+Statistics+on+Indian+States,2017-18,NSO (NSSO EUS / PLFS),,2026-08-06
unemployment-rate-urban,Himachal Pradesh,2018,88.0,"RBI Handbook of Statistics on Indian States, Table 9: State-wise Unemployment Rate, Usual Status Adjusted (Urban Overall)",https://www.rbi.org.in/Scripts/AnnualPublications.aspx?head=Handbook+of+Statistics+on+Indian+States,2018-19,NSO (NSSO EUS / PLFS),,2026-08-06
unemployment-rate-urban,Himachal Pradesh,2019,59.0,"RBI Handbook of Statistics on Indian States, Table 9: State-wise Unemployment Rate, Usual Status Adjusted (Urban Overall)",https://www.rbi.org.in/Scripts/AnnualPublications.aspx?head=Handbook+of+Statistics+on+Indian+States,2019-20,NSO (NSSO EUS / PLFS),,2026-08-06
unemployment-rate-urban,Himachal Pradesh,2020,69.0,"RBI Handbook of Statistics on Indian States, Table 9: State-wise Unemployment Rate, Usual Status Adjusted (Urban Overall)",https://www.rbi.org.in/Scripts/AnnualPublications.aspx?head=Handbook+of+Statistics+on+Indian+States,2020-21,NSO (NSSO EUS / PLFS),,2026-08-06
unemployment-rate-urban,Himachal Pradesh,2021,87.0,"RBI Handbook of Statistics on Indian States, Table 9: State-wise Unemployment Rate, Usual Status Adjusted (Urban Overall)",https://www.rbi.org.in/Scripts/AnnualPublications.aspx?head=Handbook+of+Statistics+on+Indian+States,2021-22,NSO (NSSO EUS / PLFS),,2026-08-06
unemployment-rate-urban,Himachal Pradesh,2022,151.0,"RBI Handbook of Statistics on Indian States, Table 9: State-wise Unemployment Rate, Usual Status Adjusted (Urban Overall)",https://www.rbi.org.in/Scripts/AnnualPublications.aspx?head=Handbook+of+Statistics+on+Indian+States,2022-23,NSO (NSSO EUS / PLFS),,2026-08-06
unemployment-rate-urban,Himachal Pradesh,2023,90.0,"RBI Handbook of Statistics on Indian States, Table 9: State-wise Unemployment Rate, Usual Status Adjusted (Urban Overall)",https://www.rbi.org.in/Scripts/AnnualPublications.aspx?head=Handbook+of+Statistics+on+Indian+States,2023-24,NSO (NSSO EUS / PLFS),,2026-08-06
unemployment-rate-urban,Jammu and Kashmir,1993,66.0,"RBI Handbook of Statistics on Indian States, Table 9: State-wise Unemployment Rate, Usual Status Adjusted (Urban Overall)",https://www.rbi.org.in/Scripts/AnnualPublications.aspx?head=Handbook+of+Statistics+on+Indian+States,1993-94,NSO (NSSO EUS / PLFS),,2026-08-06
unemployment-rate-urban,Jammu and Kashmir,1999,50.0,"RBI Handbook of Statistics on Indian States, Table 9: State-wise Unemployment Rate, Usual Status Adjusted (Urban Overall)",https://www.rbi.org.in/Scripts/AnnualPublications.aspx?head=Handbook+of+Statistics+on+Indian+States,1999-00,NSO (NSSO EUS / PLFS),,2026-08-06
unemployment-rate-urban,Jammu and Kashmir,2004,49.0,"RBI Handbook of Statistics on Indian States, Table 9: State-wise Unemployment Rate, Usual Status Adjusted (Urban Overall)",https://www.rbi.org.in/Scripts/AnnualPublications.aspx?head=Handbook+of+Statistics+on+Indian+States,2004-05,NSO (NSSO EUS / PLFS),,2026-08-06
unemployment-rate-urban,Jammu and Kashmir,2009,60.0,"RBI Handbook of Statistics on Indian States, Table 9: State-wise Unemployment Rate, Usual Status Adjusted (Urban Overall)",https://www.rbi.org.in/Scripts/AnnualPublications.aspx?head=Handbook+of+Statistics+on+Indian+States,2009-10,NSO (NSSO EUS / PLFS),,2026-08-06
unemployment-rate-urban,Jammu and Kashmir,2011,70.0,"RBI Handbook of Statistics on Indian States, Table 9: State-wise Unemployment Rate, Usual Status Adjusted (Urban Overall)",https://www.rbi.org.in/Scripts/AnnualPublications.aspx?head=Handbook+of+Statistics+on+Indian+States,2011-12,NSO (NSSO EUS / PLFS),,2026-08-06
unemployment-rate-urban,Jammu and Kashmir,2017,100.0,"RBI Handbook of Statistics on Indian States, Table 9: State-wise Unemployment Rate, Usual Status Adjusted (Urban Overall)",https://www.rbi.org.in/Scripts/AnnualPublications.aspx?head=Handbook+of+Statistics+on+Indian+States,2017-18,NSO (NSSO EUS / PLFS),,2026-08-06
unemployment-rate-urban,Jammu and Kashmir,2018,101.0,"RBI Handbook of Statistics on Indian States, Table 9: State-wise Unemployment Rate, Usual Status Adjusted (Urban Overall)",https://www.rbi.org.in/Scripts/AnnualPublications.aspx?head=Handbook+of+Statistics+on+Indian+States,2018-19,NSO (NSSO EUS / PLFS),,2026-08-06
unemployment-rate-urban,Jammu and Kashmir,2019,132.0,"RBI Handbook of Statistics on Indian States, Table 9: State-wise Unemployment Rate, Usual Status Adjusted (Urban Overall)",https://www.rbi.org.in/Scripts/AnnualPublications.aspx?head=Handbook+of+Statistics+on+Indian+States,2019-20,NSO (NSSO EUS / PLFS),,2026-08-06
unemployment-rate-urban,Jammu and Kashmir,2020,133.0,"RBI Handbook of Statistics on Indian States, Table 9: State-wise Unemployment Rate, Usual Status Adjusted (Urban Overall)",https://www.rbi.org.in/Scripts/AnnualPublications.aspx?head=Handbook+of+Statistics+on+Indian+States,2020-21,NSO (NSSO EUS / PLFS),,2026-08-06
unemployment-rate-urban,Jammu and Kashmir,2021,129.0,"RBI Handbook of Statistics on Indian States, Table 9: State-wise Unemployment Rate, Usual Status Adjusted (Urban Overall)",https://www.rbi.org.in/Scripts/AnnualPublications.aspx?head=Handbook+of+Statistics+on+Indian+States,2021-22,NSO (NSSO EUS / PLFS),,2026-08-06
unemployment-rate-urban,Jammu and Kashmir,2022,102.0,"RBI Handbook of Statistics on Indian States, Table 9: State-wise Unemployment Rate, Usual Status Adjusted (Urban Overall)",https://www.rbi.org.in/Scripts/AnnualPublications.aspx?head=Handbook+of+Statistics+on+Indian+States,2022-23,NSO (NSSO EUS / PLFS),,2026-08-06
unemployment-rate-urban,Jammu and Kashmir,2023,114.0,"RBI Handbook of Statistics on Indian States, Table 9: State-wise Unemployment Rate, Usual Status Adjusted (Urban Overall)",https://www.rbi.org.in/Scripts/AnnualPublications.aspx?head=Handbook+of+Statistics+on+Indian+States,2023-24,NSO (NSSO EUS / PLFS),,2026-08-06
unemployment-rate-urban,Jharkhand,2004,65.0,"RBI Handbook of Statistics on Indian States, Table 9: State-wise Unemployment Rate, Usual Status Adjusted (Urban Overall)",https://www.rbi.org.in/Scripts/AnnualPublications.aspx?head=Handbook+of+Statistics+on+Indian+States,2004-05,NSO (NSSO EUS / PLFS),,2026-08-06
unemployment-rate-urban,Jharkhand,2009,63.0,"RBI Handbook of Statistics on Indian States, Table 9: State-wise Unemployment Rate, Usual Status Adjusted (Urban Overall)",https://www.rbi.org.in/Scripts/AnnualPublications.aspx?head=Handbook+of+Statistics+on+Indian+States,2009-10,NSO (NSSO EUS / PLFS),,2026-08-06
unemployment-rate-urban,Jharkhand,2011,51.0,"RBI Handbook of Statistics on Indian States, Table 9: State-wise Unemployment Rate, Usual Status Adjusted (Urban Overall)",https://www.rbi.org.in/Scripts/AnnualPublications.aspx?head=Handbook+of+Statistics+on+Indian+States,2011-12,NSO (NSSO EUS / PLFS),,2026-08-06
unemployment-rate-urban,Jharkhand,2017,105.0,"RBI Handbook of Statistics on Indian States, Table 9: State-wise Unemployment Rate, Usual Status Adjusted (Urban Overall)",https://www.rbi.org.in/Scripts/AnnualPublications.aspx?head=Handbook+of+Statistics+on+Indian+States,2017-18,NSO (NSSO EUS / PLFS),,2026-08-06
unemployment-rate-urban,Jharkhand,2018,87.0,"RBI Handbook of Statistics on Indian States, Table 9: State-wise Unemployment Rate, Usual Status Adjusted (Urban Overall)",https://www.rbi.org.in/Scripts/AnnualPublications.aspx?head=Handbook+of+Statistics+on+Indian+States,2018-19,NSO (NSSO EUS / PLFS),,2026-08-06
unemployment-rate-urban,Jharkhand,2019,96.0,"RBI Handbook of Statistics on Indian States, Table 9: State-wise Unemployment Rate, Usual Status Adjusted (Urban Overall)",https://www.rbi.org.in/Scripts/AnnualPublications.aspx?head=Handbook+of+Statistics+on+Indian+States,2019-20,NSO (NSSO EUS / PLFS),,2026-08-06
unemployment-rate-urban,Jharkhand,2020,93.0,"RBI Handbook of Statistics on Indian States, Table 9: State-wise Unemployment Rate, Usual Status Adjusted (Urban Overall)",https://www.rbi.org.in/Scripts/AnnualPublications.aspx?head=Handbook+of+Statistics+on+Indian+States,2020-21,NSO (NSSO EUS / PLFS),,2026-08-06
unemployment-rate-urban,Jharkhand,2021,61.0,"RBI Handbook of Statistics on Indian States, Table 9: State-wise Unemployment Rate, Usual Status Adjusted (Urban Overall)",https://www.rbi.org.in/Scripts/AnnualPublications.aspx?head=Handbook+of+Statistics+on+Indian+States,2021-22,NSO (NSSO EUS / PLFS),,2026-08-06
unemployment-rate-urban,Jharkhand,2022,63.0,"RBI Handbook of Statistics on Indian States, Table 9: State-wise Unemployment Rate, Usual Status Adjusted (Urban Overall)",https://www.rbi.org.in/Scripts/AnnualPublications.aspx?head=Handbook+of+Statistics+on+Indian+States,2022-23,NSO (NSSO EUS / PLFS),,2026-08-06
unemployment-rate-urban,Jharkhand,2023,58.0,"RBI Handbook of Statistics on Indian States, Table 9: State-wise Unemployment Rate, Usual Status Adjusted (Urban Overall)",https://www.rbi.org.in/Scripts/AnnualPublications.aspx?head=Handbook+of+Statistics+on+Indian+States,2023-24,NSO (NSSO EUS / PLFS),,2026-08-06
unemployment-rate-urban,Karnataka,1993,36.0,"RBI Handbook of Statistics on Indian States, Table 9: State-wise Unemployment Rate, Usual Status Adjusted (Urban Overall)",https://www.rbi.org.in/Scripts/AnnualPublications.aspx?head=Handbook+of+Statistics+on+Indian+States,1993-94,NSO (NSSO EUS / PLFS),,2026-08-06
unemployment-rate-urban,Karnataka,1999,33.0,"RBI Handbook of Statistics on Indian States, Table 9: State-wise Unemployment Rate, Usual Status Adjusted (Urban Overall)",https://www.rbi.org.in/Scripts/AnnualPublications.aspx?head=Handbook+of+Statistics+on+Indian+States,1999-00,NSO (NSSO EUS / PLFS),,2026-08-06
unemployment-rate-urban,Karnataka,2004,28.0,"RBI Handbook of Statistics on Indian States, Table 9: State-wise Unemployment Rate, Usual Status Adjusted (Urban Overall)",https://www.rbi.org.in/Scripts/AnnualPublications.aspx?head=Handbook+of+Statistics+on+Indian+States,2004-05,NSO (NSSO EUS / PLFS),,2026-08-06
unemployment-rate-urban,Karnataka,2009,27.0,"RBI Handbook of Statistics on Indian States, Table 9: State-wise Unemployment Rate, Usual Status Adjusted (Urban Overall)",https://www.rbi.org.in/Scripts/AnnualPublications.aspx?head=Handbook+of+Statistics+on+Indian+States,2009-10,NSO (NSSO EUS / PLFS),,2026-08-06
unemployment-rate-urban,Karnataka,2011,29.0,"RBI Handbook of Statistics on Indian States, Table 9: State-wise Unemployment Rate, Usual Status Adjusted (Urban Overall)",https://www.rbi.org.in/Scripts/AnnualPublications.aspx?head=Handbook+of+Statistics+on+Indian+States,2011-12,NSO (NSSO EUS / PLFS),,2026-08-06
unemployment-rate-urban,Karnataka,2017,65.0,"RBI Handbook of Statistics on Indian States, Table 9: State-wise Unemployment Rate, Usual Status Adjusted (Urban Overall)",https://www.rbi.org.in/Scripts/AnnualPublications.aspx?head=Handbook+of+Statistics+on+Indian+States,2017-18,NSO (NSSO EUS / PLFS),,2026-08-06
unemployment-rate-urban,Karnataka,2018,52.0,"RBI Handbook of Statistics on Indian States, Table 9: State-wise Unemployment Rate, Usual Status Adjusted (Urban Overall)",https://www.rbi.org.in/Scripts/AnnualPublications.aspx?head=Handbook+of+Statistics+on+Indian+States,2018-19,NSO (NSSO EUS / PLFS),,2026-08-06
unemployment-rate-urban,Karnataka,2019,68.0,"RBI Handbook of Statistics on Indian States, Table 9: State-wise Unemployment Rate, Usual Status Adjusted (Urban Overall)",https://www.rbi.org.in/Scripts/AnnualPublications.aspx?head=Handbook+of+Statistics+on+Indian+States,2019-20,NSO (NSSO EUS / PLFS),,2026-08-06
unemployment-rate-urban,Karnataka,2020,38.0,"RBI Handbook of Statistics on Indian States, Table 9: State-wise Unemployment Rate, Usual Status Adjusted (Urban Overall)",https://www.rbi.org.in/Scripts/AnnualPublications.aspx?head=Handbook+of+Statistics+on+Indian+States,2020-21,NSO (NSSO EUS / PLFS),,2026-08-06
unemployment-rate-urban,Karnataka,2021,50.0,"RBI Handbook of Statistics on Indian States, Table 9: State-wise Unemployment Rate, Usual Status Adjusted (Urban Overall)",https://www.rbi.org.in/Scripts/AnnualPublications.aspx?head=Handbook+of+Statistics+on+Indian+States,2021-22,NSO (NSSO EUS / PLFS),,2026-08-06
unemployment-rate-urban,Karnataka,2022,42.0,"RBI Handbook of Statistics on Indian States, Table 9: State-wise Unemployment Rate, Usual Status Adjusted (Urban Overall)",https://www.rbi.org.in/Scripts/AnnualPublications.aspx?head=Handbook+of+Statistics+on+Indian+States,2022-23,NSO (NSSO EUS / PLFS),,2026-08-06
unemployment-rate-urban,Karnataka,2023,42.0,"RBI Handbook of Statistics on Indian States, Table 9: State-wise Unemployment Rate, Usual Status Adjusted (Urban Overall)",https://www.rbi.org.in/Scripts/AnnualPublications.aspx?head=Handbook+of+Statistics+on+Indian+States,2023-24,NSO (NSSO EUS / PLFS),,2026-08-06
unemployment-rate-urban,Kerala,1993,103.0,"RBI Handbook of Statistics on Indian States, Table 9: State-wise Unemployment Rate, Usual Status Adjusted (Urban Overall)",https://www.rbi.org.in/Scripts/AnnualPublications.aspx?head=Handbook+of+Statistics+on+Indian+States,1993-94,NSO (NSSO EUS / PLFS),,2026-08-06
unemployment-rate-urban,Kerala,1999,102.0,"RBI Handbook of Statistics on Indian States, Table 9: State-wise Unemployment Rate, Usual Status Adjusted (Urban Overall)",https://www.rbi.org.in/Scripts/AnnualPublications.aspx?head=Handbook+of+Statistics+on+Indian+States,1999-00,NSO (NSSO EUS / PLFS),,2026-08-06
unemployment-rate-urban,Kerala,2004,156.0,"RBI Handbook of Statistics on Indian States, Table 9: State-wise Unemployment Rate, Usual Status Adjusted (Urban Overall)",https://www.rbi.org.in/Scripts/AnnualPublications.aspx?head=Handbook+of+Statistics+on+Indian+States,2004-05,NSO (NSSO EUS / PLFS),,2026-08-06
unemployment-rate-urban,Kerala,2009,73.0,"RBI Handbook of Statistics on Indian States, Table 9: State-wise Unemployment Rate, Usual Status Adjusted (Urban Overall)",https://www.rbi.org.in/Scripts/AnnualPublications.aspx?head=Handbook+of+Statistics+on+Indian+States,2009-10,NSO (NSSO EUS / PLFS),,2026-08-06
unemployment-rate-urban,Kerala,2011,61.0,"RBI Handbook of Statistics on Indian States, Table 9: State-wise Unemployment Rate, Usual Status Adjusted (Urban Overall)",https://www.rbi.org.in/Scripts/AnnualPublications.aspx?head=Handbook+of+Statistics+on+Indian+States,2011-12,NSO (NSSO EUS / PLFS),,2026-08-06
unemployment-rate-urban,Kerala,2017,132.0,"RBI Handbook of Statistics on Indian States, Table 9: State-wise Unemployment Rate, Usual Status Adjusted (Urban Overall)",https://www.rbi.org.in/Scripts/AnnualPublications.aspx?head=Handbook+of+Statistics+on+Indian+States,2017-18,NSO (NSSO EUS / PLFS),,2026-08-06
unemployment-rate-urban,Kerala,2018,97.0,"RBI Handbook of Statistics on Indian States, Table 9: State-wise Unemployment Rate, Usual Status Adjusted (Urban Overall)",https://www.rbi.org.in/Scripts/AnnualPublications.aspx?head=Handbook+of+Statistics+on+Indian+States,2018-19,NSO (NSSO EUS / PLFS),,2026-08-06
unemployment-rate-urban,Kerala,2019,104.0,"RBI Handbook of Statistics on Indian States, Table 9: State-wise Unemployment Rate, Usual Status Adjusted (Urban Overall)",https://www.rbi.org.in/Scripts/AnnualPublications.aspx?head=Handbook+of+Statistics+on+Indian+States,2019-20,NSO (NSSO EUS / PLFS),,2026-08-06
unemployment-rate-urban,Kerala,2020,116.0,"RBI Handbook of Statistics on Indian States, Table 9: State-wise Unemployment Rate, Usual Status Adjusted (Urban Overall)",https://www.rbi.org.in/Scripts/AnnualPublications.aspx?head=Handbook+of+Statistics+on+Indian+States,2020-21,NSO (NSSO EUS / PLFS),,2026-08-06
unemployment-rate-urban,Kerala,2021,103.0,"RBI Handbook of Statistics on Indian States, Table 9: State-wise Unemployment Rate, Usual Status Adjusted (Urban Overall)",https://www.rbi.org.in/Scripts/AnnualPublications.aspx?head=Handbook+of+Statistics+on+Indian+States,2021-22,NSO (NSSO EUS / PLFS),,2026-08-06
unemployment-rate-urban,Kerala,2022,76.0,"RBI Handbook of Statistics on Indian States, Table 9: State-wise Unemployment Rate, Usual Status Adjusted (Urban Overall)",https://www.rbi.org.in/Scripts/AnnualPublications.aspx?head=Handbook+of+Statistics+on+Indian+States,2022-23,NSO (NSSO EUS / PLFS),,2026-08-06
unemployment-rate-urban,Kerala,2023,67.0,"RBI Handbook of Statistics on Indian States, Table 9: State-wise Unemployment Rate, Usual Status Adjusted (Urban Overall)",https://www.rbi.org.in/Scripts/AnnualPublications.aspx?head=Handbook+of+Statistics+on+Indian+States,2023-24,NSO (NSSO EUS / PLFS),,2026-08-06
unemployment-rate-urban,Madhya Pradesh,1993,50.0,"RBI Handbook of Statistics on Indian States, Table 9: State-wise Unemployment Rate, Usual Status Adjusted (Urban Overall)",https://www.rbi.org.in/Scripts/AnnualPublications.aspx?head=Handbook+of+Statistics+on+Indian+States,1993-94,NSO (NSSO EUS / PLFS),,2026-08-06
unemployment-rate-urban,Madhya Pradesh,1999,35.0,"RBI Handbook of Statistics on Indian States, Table 9: State-wise Unemployment Rate, Usual Status Adjusted (Urban Overall)",https://www.rbi.org.in/Scripts/AnnualPublications.aspx?head=Handbook+of+Statistics+on+Indian+States,1999-00,NSO (NSSO EUS / PLFS),,2026-08-06
unemployment-rate-urban,Madhya Pradesh,2004,28.0,"RBI Handbook of Statistics on Indian States, Table 9: State-wise Unemployment Rate, Usual Status Adjusted (Urban Overall)",https://www.rbi.org.in/Scripts/AnnualPublications.aspx?head=Handbook+of+Statistics+on+Indian+States,2004-05,NSO (NSSO EUS / PLFS),,2026-08-06
unemployment-rate-urban,Madhya Pradesh,2009,29.0,"RBI Handbook of Statistics on Indian States, Table 9: State-wise Unemployment Rate, Usual Status Adjusted (Urban Overall)",https://www.rbi.org.in/Scripts/AnnualPublications.aspx?head=Handbook+of+Statistics+on+Indian+States,2009-10,NSO (NSSO EUS / PLFS),,2026-08-06
unemployment-rate-urban,Madhya Pradesh,2011,26.0,"RBI Handbook of Statistics on Indian States, Table 9: State-wise Unemployment Rate, Usual Status Adjusted (Urban Overall)",https://www.rbi.org.in/Scripts/AnnualPublications.aspx?head=Handbook+of+Statistics+on+Indian+States,2011-12,NSO (NSSO EUS / PLFS),,2026-08-06
unemployment-rate-urban,Madhya Pradesh,2017,77.0,"RBI Handbook of Statistics on Indian States, Table 9: State-wise Unemployment Rate, Usual Status Adjusted (Urban Overall)",https://www.rbi.org.in/Scripts/AnnualPublications.aspx?head=Handbook+of+Statistics+on+Indian+States,2017-18,NSO (NSSO EUS / PLFS),,2026-08-06
unemployment-rate-urban,Madhya Pradesh,2018,74.0,"RBI Handbook of Statistics on Indian States, Table 9: State-wise Unemployment Rate, Usual Status Adjusted (Urban Overall)",https://www.rbi.org.in/Scripts/AnnualPublications.aspx?head=Handbook+of+Statistics+on+Indian+States,2018-19,NSO (NSSO EUS / PLFS),,2026-08-06
unemployment-rate-urban,Madhya Pradesh,2019,70.0,"RBI Handbook of Statistics on Indian States, Table 9: State-wise Unemployment Rate, Usual Status Adjusted (Urban Overall)",https://www.rbi.org.in/Scripts/AnnualPublications.aspx?head=Handbook+of+Statistics+on+Indian+States,2019-20,NSO (NSSO EUS / PLFS),,2026-08-06
unemployment-rate-urban,Madhya Pradesh,2020,47.0,"RBI Handbook of Statistics on Indian States, Table 9: State-wise Unemployment Rate, Usual Status Adjusted (Urban Overall)",https://www.rbi.org.in/Scripts/AnnualPublications.aspx?head=Handbook+of+Statistics+on+Indian+States,2020-21,NSO (NSSO EUS / PLFS),,2026-08-06
unemployment-rate-urban,Madhya Pradesh,2021,49.0,"RBI Handbook of Statistics on Indian States, Table 9: State-wise Unemployment Rate, Usual Status Adjusted (Urban Overall)",https://www.rbi.org.in/Scripts/AnnualPublications.aspx?head=Handbook+of+Statistics+on+Indian+States,2021-22,NSO (NSSO EUS / PLFS),,2026-08-06
unemployment-rate-urban,Madhya Pradesh,2022,48.0,"RBI Handbook of Statistics on Indian States, Table 9: State-wise Unemployment Rate, Usual Status Adjusted (Urban Overall)",https://www.rbi.org.in/Scripts/AnnualPublications.aspx?head=Handbook+of+Statistics+on+Indian+States,2022-23,NSO (NSSO EUS / PLFS),,2026-08-06
unemployment-rate-urban,Madhya Pradesh,2023,28.0,"RBI Handbook of Statistics on Indian States, Table 9: State-wise Unemployment Rate, Usual Status Adjusted (Urban Overall)",https://www.rbi.org.in/Scripts/AnnualPublications.aspx?head=Handbook+of+Statistics+on+Indian+States,2023-24,NSO (NSSO EUS / PLFS),,2026-08-06
unemployment-rate-urban,Maharashtra,1993,44.0,"RBI Handbook of Statistics on Indian States, Table 9: State-wise Unemployment Rate, Usual Status Adjusted (Urban Overall)",https://www.rbi.org.in/Scripts/AnnualPublications.aspx?head=Handbook+of+Statistics+on+Indian+States,1993-94,NSO (NSSO EUS / PLFS),,2026-08-06
unemployment-rate-urban,Maharashtra,1999,58.0,"RBI Handbook of Statistics on Indian States, Table 9: State-wise Unemployment Rate, Usual Status Adjusted (Urban Overall)",https://www.rbi.org.in/Scripts/AnnualPublications.aspx?head=Handbook+of+Statistics+on+Indian+States,1999-00,NSO (NSSO EUS / PLFS),,2026-08-06
unemployment-rate-urban,Maharashtra,2004,36.0,"RBI Handbook of Statistics on Indian States, Table 9: State-wise Unemployment Rate, Usual Status Adjusted (Urban Overall)",https://www.rbi.org.in/Scripts/AnnualPublications.aspx?head=Handbook+of+Statistics+on+Indian+States,2004-05,NSO (NSSO EUS / PLFS),,2026-08-06
unemployment-rate-urban,Maharashtra,2009,32.0,"RBI Handbook of Statistics on Indian States, Table 9: State-wise Unemployment Rate, Usual Status Adjusted (Urban Overall)",https://www.rbi.org.in/Scripts/AnnualPublications.aspx?head=Handbook+of+Statistics+on+Indian+States,2009-10,NSO (NSSO EUS / PLFS),,2026-08-06
unemployment-rate-urban,Maharashtra,2011,23.0,"RBI Handbook of Statistics on Indian States, Table 9: State-wise Unemployment Rate, Usual Status Adjusted (Urban Overall)",https://www.rbi.org.in/Scripts/AnnualPublications.aspx?head=Handbook+of+Statistics+on+Indian+States,2011-12,NSO (NSSO EUS / PLFS),,2026-08-06
unemployment-rate-urban,Maharashtra,2017,74.0,"RBI Handbook of Statistics on Indian States, Table 9: State-wise Unemployment Rate, Usual Status Adjusted (Urban Overall)",https://www.rbi.org.in/Scripts/AnnualPublications.aspx?head=Handbook+of+Statistics+on+Indian+States,2017-18,NSO (NSSO EUS / PLFS),,2026-08-06
unemployment-rate-urban,Maharashtra,2018,64.0,"RBI Handbook of Statistics on Indian States, Table 9: State-wise Unemployment Rate, Usual Status Adjusted (Urban Overall)",https://www.rbi.org.in/Scripts/AnnualPublications.aspx?head=Handbook+of+Statistics+on+Indian+States,2018-19,NSO (NSSO EUS / PLFS),,2026-08-06
unemployment-rate-urban,Maharashtra,2019,44.0,"RBI Handbook of Statistics on Indian States, Table 9: State-wise Unemployment Rate, Usual Status Adjusted (Urban Overall)",https://www.rbi.org.in/Scripts/AnnualPublications.aspx?head=Handbook+of+Statistics+on+Indian+States,2019-20,NSO (NSSO EUS / PLFS),,2026-08-06
unemployment-rate-urban,Maharashtra,2020,65.0,"RBI Handbook of Statistics on Indian States, Table 9: State-wise Unemployment Rate, Usual Status Adjusted (Urban Overall)",https://www.rbi.org.in/Scripts/AnnualPublications.aspx?head=Handbook+of+Statistics+on+Indian+States,2020-21,NSO (NSSO EUS / PLFS),,2026-08-06
unemployment-rate-urban,Maharashtra,2021,50.0,"RBI Handbook of Statistics on Indian States, Table 9: State-wise Unemployment Rate, Usual Status Adjusted (Urban Overall)",https://www.rbi.org.in/Scripts/AnnualPublications.aspx?head=Handbook+of+Statistics+on+Indian+States,2021-22,NSO (NSSO EUS / PLFS),,2026-08-06
unemployment-rate-urban,Maharashtra,2022,46.0,"RBI Handbook of Statistics on Indian States, Table 9: State-wise Unemployment Rate, Usual Status Adjusted (Urban Overall)",https://www.rbi.org.in/Scripts/AnnualPublications.aspx?head=Handbook+of+Statistics+on+Indian+States,2022-23,NSO (NSSO EUS / PLFS),,2026-08-06
unemployment-rate-urban,Maharashtra,2023,52.0,"RBI Handbook of Statistics on Indian States, Table 9: State-wise Unemployment Rate, Usual Status Adjusted (Urban Overall)",https://www.rbi.org.in/Scripts/AnnualPublications.aspx?head=Handbook+of+Statistics+on+Indian+States,2023-24,NSO (NSSO EUS / PLFS),,2026-08-06
unemployment-rate-urban,Manipur,1993,42.0,"RBI Handbook of Statistics on Indian States, Table 9: State-wise Unemployment Rate, Usual Status Adjusted (Urban Overall)",https://www.rbi.org.in/Scripts/AnnualPublications.aspx?head=Handbook+of+Statistics+on+Indian+States,1993-94,NSO (NSSO EUS / PLFS),,2026-08-06
unemployment-rate-urban,Manipur,1999,67.0,"RBI Handbook of Statistics on Indian States, Table 9: State-wise Unemployment Rate, Usual Status Adjusted (Urban Overall)",https://www.rbi.org.in/Scripts/AnnualPublications.aspx?head=Handbook+of+Statistics+on+Indian+States,1999-00,NSO (NSSO EUS / PLFS),,2026-08-06
unemployment-rate-urban,Manipur,2004,55.0,"RBI Handbook of Statistics on Indian States, Table 9: State-wise Unemployment Rate, Usual Status Adjusted (Urban Overall)",https://www.rbi.org.in/Scripts/AnnualPublications.aspx?head=Handbook+of+Statistics+on+Indian+States,2004-05,NSO (NSSO EUS / PLFS),,2026-08-06
unemployment-rate-urban,Manipur,2009,48.0,"RBI Handbook of Statistics on Indian States, Table 9: State-wise Unemployment Rate, Usual Status Adjusted (Urban Overall)",https://www.rbi.org.in/Scripts/AnnualPublications.aspx?head=Handbook+of+Statistics+on+Indian+States,2009-10,NSO (NSSO EUS / PLFS),,2026-08-06
unemployment-rate-urban,Manipur,2011,71.0,"RBI Handbook of Statistics on Indian States, Table 9: State-wise Unemployment Rate, Usual Status Adjusted (Urban Overall)",https://www.rbi.org.in/Scripts/AnnualPublications.aspx?head=Handbook+of+Statistics+on+Indian+States,2011-12,NSO (NSSO EUS / PLFS),,2026-08-06
unemployment-rate-urban,Manipur,2017,114.0,"RBI Handbook of Statistics on Indian States, Table 9: State-wise Unemployment Rate, Usual Status Adjusted (Urban Overall)",https://www.rbi.org.in/Scripts/AnnualPublications.aspx?head=Handbook+of+Statistics+on+Indian+States,2017-18,NSO (NSSO EUS / PLFS),,2026-08-06
unemployment-rate-urban,Manipur,2018,92.0,"RBI Handbook of Statistics on Indian States, Table 9: State-wise Unemployment Rate, Usual Status Adjusted (Urban Overall)",https://www.rbi.org.in/Scripts/AnnualPublications.aspx?head=Handbook+of+Statistics+on+Indian+States,2018-19,NSO (NSSO EUS / PLFS),,2026-08-06
unemployment-rate-urban,Manipur,2019,102.0,"RBI Handbook of Statistics on Indian States, Table 9: State-wise Unemployment Rate, Usual Status Adjusted (Urban Overall)",https://www.rbi.org.in/Scripts/AnnualPublications.aspx?head=Handbook+of+Statistics+on+Indian+States,2019-20,NSO (NSSO EUS / PLFS),,2026-08-06
unemployment-rate-urban,Manipur,2020,99.0,"RBI Handbook of Statistics on Indian States, Table 9: State-wise Unemployment Rate, Usual Status Adjusted (Urban Overall)",https://www.rbi.org.in/Scripts/AnnualPublications.aspx?head=Handbook+of+Statistics+on+Indian+States,2020-21,NSO (NSSO EUS / PLFS),,2026-08-06
unemployment-rate-urban,Manipur,2021,77.0,"RBI Handbook of Statistics on Indian States, Table 9: State-wise Unemployment Rate, Usual Status Adjusted (Urban Overall)",https://www.rbi.org.in/Scripts/AnnualPublications.aspx?head=Handbook+of+Statistics+on+Indian+States,2021-22,NSO (NSSO EUS / PLFS),,2026-08-06
unemployment-rate-urban,Manipur,2022,53.0,"RBI Handbook of Statistics on Indian States, Table 9: State-wise Unemployment Rate, Usual Status Adjusted (Urban Overall)",https://www.rbi.org.in/Scripts/AnnualPublications.aspx?head=Handbook+of+Statistics+on+Indian+States,2022-23,NSO (NSSO EUS / PLFS),,2026-08-06
unemployment-rate-urban,Manipur,2023,75.0,"RBI Handbook of Statistics on Indian States, Table 9: State-wise Unemployment Rate, Usual Status Adjusted (Urban Overall)",https://www.rbi.org.in/Scripts/AnnualPublications.aspx?head=Handbook+of+Statistics+on+Indian+States,2023-24,NSO (NSSO EUS / PLFS),,2026-08-06
unemployment-rate-urban,Meghalaya,1993,17.0,"RBI Handbook of Statistics on Indian States, Table 9: State-wise Unemployment Rate, Usual Status Adjusted (Urban Overall)",https://www.rbi.org.in/Scripts/AnnualPublications.aspx?head=Handbook+of+Statistics+on+Indian+States,1993-94,NSO (NSSO EUS / PLFS),,2026-08-06
unemployment-rate-urban,Meghalaya,1999,46.0,"RBI Handbook of Statistics on Indian States, Table 9: State-wise Unemployment Rate, Usual Status Adjusted (Urban Overall)",https://www.rbi.org.in/Scripts/AnnualPublications.aspx?head=Handbook+of+Statistics+on+Indian+States,1999-00,NSO (NSSO EUS / PLFS),,2026-08-06
unemployment-rate-urban,Meghalaya,2004,35.0,"RBI Handbook of Statistics on Indian States, Table 9: State-wise Unemployment Rate, Usual Status Adjusted (Urban Overall)",https://www.rbi.org.in/Scripts/AnnualPublications.aspx?head=Handbook+of+Statistics+on+Indian+States,2004-05,NSO (NSSO EUS / PLFS),,2026-08-06
unemployment-rate-urban,Meghalaya,2009,51.0,"RBI Handbook of Statistics on Indian States, Table 9: State-wise Unemployment Rate, Usual Status Adjusted (Urban Overall)",https://www.rbi.org.in/Scripts/AnnualPublications.aspx?head=Handbook+of+Statistics+on+Indian+States,2009-10,NSO (NSSO EUS / PLFS),,2026-08-06
unemployment-rate-urban,Meghalaya,2011,28.0,"RBI Handbook of Statistics on Indian States, Table 9: State-wise Unemployment Rate, Usual Status Adjusted (Urban Overall)",https://www.rbi.org.in/Scripts/AnnualPublications.aspx?head=Handbook+of+Statistics+on+Indian+States,2011-12,NSO (NSSO EUS / PLFS),,2026-08-06
unemployment-rate-urban,Meghalaya,2017,67.0,"RBI Handbook of Statistics on Indian States, Table 9: State-wise Unemployment Rate, Usual Status Adjusted (Urban Overall)",https://www.rbi.org.in/Scripts/AnnualPublications.aspx?head=Handbook+of+Statistics+on+Indian+States,2017-18,NSO (NSSO EUS / PLFS),,2026-08-06
unemployment-rate-urban,Meghalaya,2018,75.0,"RBI Handbook of Statistics on Indian States, Table 9: State-wise Unemployment Rate, Usual Status Adjusted (Urban Overall)",https://www.rbi.org.in/Scripts/AnnualPublications.aspx?head=Handbook+of+Statistics+on+Indian+States,2018-19,NSO (NSSO EUS / PLFS),,2026-08-06
unemployment-rate-urban,Meghalaya,2019,109.0,"RBI Handbook of Statistics on Indian States, Table 9: State-wise Unemployment Rate, Usual Status Adjusted (Urban Overall)",https://www.rbi.org.in/Scripts/AnnualPublications.aspx?head=Handbook+of+Statistics+on+Indian+States,2019-20,NSO (NSSO EUS / PLFS),,2026-08-06
unemployment-rate-urban,Meghalaya,2020,71.0,"RBI Handbook of Statistics on Indian States, Table 9: State-wise Unemployment Rate, Usual Status Adjusted (Urban Overall)",https://www.rbi.org.in/Scripts/AnnualPublications.aspx?head=Handbook+of+Statistics+on+Indian+States,2020-21,NSO (NSSO EUS / PLFS),,2026-08-06
unemployment-rate-urban,Meghalaya,2021,89.0,"RBI Handbook of Statistics on Indian States, Table 9: State-wise Unemployment Rate, Usual Status Adjusted (Urban Overall)",https://www.rbi.org.in/Scripts/AnnualPublications.aspx?head=Handbook+of+Statistics+on+Indian+States,2021-22,NSO (NSSO EUS / PLFS),,2026-08-06
unemployment-rate-urban,Meghalaya,2022,123.0,"RBI Handbook of Statistics on Indian States, Table 9: State-wise Unemployment Rate, Usual Status Adjusted (Urban Overall)",https://www.rbi.org.in/Scripts/AnnualPublications.aspx?head=Handbook+of+Statistics+on+Indian+States,2022-23,NSO (NSSO EUS / PLFS),,2026-08-06
unemployment-rate-urban,Meghalaya,2023,140.0,"RBI Handbook of Statistics on Indian States, Table 9: State-wise Unemployment Rate, Usual Status Adjusted (Urban Overall)",https://www.rbi.org.in/Scripts/AnnualPublications.aspx?head=Handbook+of+Statistics+on+Indian+States,2023-24,NSO (NSSO EUS / PLFS),,2026-08-06
unemployment-rate-urban,Mizoram,1993,5.0,"RBI Handbook of Statistics on Indian States, Table 9: State-wise Unemployment Rate, Usual Status Adjusted (Urban Overall)",https://www.rbi.org.in/Scripts/AnnualPublications.aspx?head=Handbook+of+Statistics+on+Indian+States,1993-94,NSO (NSSO EUS / PLFS),,2026-08-06
unemployment-rate-urban,Mizoram,1999,30.0,"RBI Handbook of Statistics on Indian States, Table 9: State-wise Unemployment Rate, Usual Status Adjusted (Urban Overall)",https://www.rbi.org.in/Scripts/AnnualPublications.aspx?head=Handbook+of+Statistics+on+Indian+States,1999-00,NSO (NSSO EUS / PLFS),,2026-08-06
unemployment-rate-urban,Mizoram,2004,19.0,"RBI Handbook of Statistics on Indian States, Table 9: State-wise Unemployment Rate, Usual Status Adjusted (Urban Overall)",https://www.rbi.org.in/Scripts/AnnualPublications.aspx?head=Handbook+of+Statistics+on+Indian+States,2004-05,NSO (NSSO EUS / PLFS),,2026-08-06
unemployment-rate-urban,Mizoram,2009,28.0,"RBI Handbook of Statistics on Indian States, Table 9: State-wise Unemployment Rate, Usual Status Adjusted (Urban Overall)",https://www.rbi.org.in/Scripts/AnnualPublications.aspx?head=Handbook+of+Statistics+on+Indian+States,2009-10,NSO (NSSO EUS / PLFS),,2026-08-06
unemployment-rate-urban,Mizoram,2011,50.0,"RBI Handbook of Statistics on Indian States, Table 9: State-wise Unemployment Rate, Usual Status Adjusted (Urban Overall)",https://www.rbi.org.in/Scripts/AnnualPublications.aspx?head=Handbook+of+Statistics+on+Indian+States,2011-12,NSO (NSSO EUS / PLFS),,2026-08-06
unemployment-rate-urban,Mizoram,2017,144.0,"RBI Handbook of Statistics on Indian States, Table 9: State-wise Unemployment Rate, Usual Status Adjusted (Urban Overall)",https://www.rbi.org.in/Scripts/AnnualPublications.aspx?head=Handbook+of+Statistics+on+Indian+States,2017-18,NSO (NSSO EUS / PLFS),,2026-08-06
unemployment-rate-urban,Mizoram,2018,91.0,"RBI Handbook of Statistics on Indian States, Table 9: State-wise Unemployment Rate, Usual Status Adjusted (Urban Overall)",https://www.rbi.org.in/Scripts/AnnualPublications.aspx?head=Handbook+of+Statistics+on+Indian+States,2018-19,NSO (NSSO EUS / PLFS),,2026-08-06
unemployment-rate-urban,Mizoram,2019,77.0,"RBI Handbook of Statistics on Indian States, Table 9: State-wise Unemployment Rate, Usual Status Adjusted (Urban Overall)",https://www.rbi.org.in/Scripts/AnnualPublications.aspx?head=Handbook+of+Statistics+on+Indian+States,2019-20,NSO (NSSO EUS / PLFS),,2026-08-06
unemployment-rate-urban,Mizoram,2020,44.0,"RBI Handbook of Statistics on Indian States, Table 9: State-wise Unemployment Rate, Usual Status Adjusted (Urban Overall)",https://www.rbi.org.in/Scripts/AnnualPublications.aspx?head=Handbook+of+Statistics+on+Indian+States,2020-21,NSO (NSSO EUS / PLFS),,2026-08-06
unemployment-rate-urban,Mizoram,2021,72.0,"RBI Handbook of Statistics on Indian States, Table 9: State-wise Unemployment Rate, Usual Status Adjusted (Urban Overall)",https://www.rbi.org.in/Scripts/AnnualPublications.aspx?head=Handbook+of+Statistics+on+Indian+States,2021-22,NSO (NSSO EUS / PLFS),,2026-08-06
unemployment-rate-urban,Mizoram,2022,35.0,"RBI Handbook of Statistics on Indian States, Table 9: State-wise Unemployment Rate, Usual Status Adjusted (Urban Overall)",https://www.rbi.org.in/Scripts/AnnualPublications.aspx?head=Handbook+of+Statistics+on+Indian+States,2022-23,NSO (NSSO EUS / PLFS),,2026-08-06
unemployment-rate-urban,Mizoram,2023,34.0,"RBI Handbook of Statistics on Indian States, Table 9: State-wise Unemployment Rate, Usual Status Adjusted (Urban Overall)",https://www.rbi.org.in/Scripts/AnnualPublications.aspx?head=Handbook+of+Statistics+on+Indian+States,2023-24,NSO (NSSO EUS / PLFS),,2026-08-06
unemployment-rate-urban,Nagaland,1993,68.0,"RBI Handbook of Statistics on Indian States, Table 9: State-wise Unemployment Rate, Usual Status Adjusted (Urban Overall)",https://www.rbi.org.in/Scripts/AnnualPublications.aspx?head=Handbook+of+Statistics+on+Indian+States,1993-94,NSO (NSSO EUS / PLFS),,2026-08-06
unemployment-rate-urban,Nagaland,1999,91.0,"RBI Handbook of Statistics on Indian States, Table 9: State-wise Unemployment Rate, Usual Status Adjusted (Urban Overall)",https://www.rbi.org.in/Scripts/AnnualPublications.aspx?head=Handbook+of+Statistics+on+Indian+States,1999-00,NSO (NSSO EUS / PLFS),,2026-08-06
unemployment-rate-urban,Nagaland,2004,55.0,"RBI Handbook of Statistics on Indian States, Table 9: State-wise Unemployment Rate, Usual Status Adjusted (Urban Overall)",https://www.rbi.org.in/Scripts/AnnualPublications.aspx?head=Handbook+of+Statistics+on+Indian+States,2004-05,NSO (NSSO EUS / PLFS),,2026-08-06
unemployment-rate-urban,Nagaland,2009,92.0,"RBI Handbook of Statistics on Indian States, Table 9: State-wise Unemployment Rate, Usual Status Adjusted (Urban Overall)",https://www.rbi.org.in/Scripts/AnnualPublications.aspx?head=Handbook+of+Statistics+on+Indian+States,2009-10,NSO (NSSO EUS / PLFS),,2026-08-06
unemployment-rate-urban,Nagaland,2011,238.0,"RBI Handbook of Statistics on Indian States, Table 9: State-wise Unemployment Rate, Usual Status Adjusted (Urban Overall)",https://www.rbi.org.in/Scripts/AnnualPublications.aspx?head=Handbook+of+Statistics+on+Indian+States,2011-12,NSO (NSSO EUS / PLFS),,2026-08-06
unemployment-rate-urban,Nagaland,2017,211.0,"RBI Handbook of Statistics on Indian States, Table 9: State-wise Unemployment Rate, Usual Status Adjusted (Urban Overall)",https://www.rbi.org.in/Scripts/AnnualPublications.aspx?head=Handbook+of+Statistics+on+Indian+States,2017-18,NSO (NSSO EUS / PLFS),,2026-08-06
unemployment-rate-urban,Nagaland,2018,211.0,"RBI Handbook of Statistics on Indian States, Table 9: State-wise Unemployment Rate, Usual Status Adjusted (Urban Overall)",https://www.rbi.org.in/Scripts/AnnualPublications.aspx?head=Handbook+of+Statistics+on+Indian+States,2018-19,NSO (NSSO EUS / PLFS),,2026-08-06
unemployment-rate-urban,Nagaland,2019,257.0,"RBI Handbook of Statistics on Indian States, Table 9: State-wise Unemployment Rate, Usual Status Adjusted (Urban Overall)",https://www.rbi.org.in/Scripts/AnnualPublications.aspx?head=Handbook+of+Statistics+on+Indian+States,2019-20,NSO (NSSO EUS / PLFS),,2026-08-06
unemployment-rate-urban,Nagaland,2020,240.0,"RBI Handbook of Statistics on Indian States, Table 9: State-wise Unemployment Rate, Usual Status Adjusted (Urban Overall)",https://www.rbi.org.in/Scripts/AnnualPublications.aspx?head=Handbook+of+Statistics+on+Indian+States,2020-21,NSO (NSSO EUS / PLFS),,2026-08-06
unemployment-rate-urban,Nagaland,2021,146.0,"RBI Handbook of Statistics on Indian States, Table 9: State-wise Unemployment Rate, Usual Status Adjusted (Urban Overall)",https://www.rbi.org.in/Scripts/AnnualPublications.aspx?head=Handbook+of+Statistics+on+Indian+States,2021-22,NSO (NSSO EUS / PLFS),,2026-08-06
unemployment-rate-urban,Nagaland,2022,86.0,"RBI Handbook of Statistics on Indian States, Table 9: State-wise Unemployment Rate, Usual Status Adjusted (Urban Overall)",https://www.rbi.org.in/Scripts/AnnualPublications.aspx?head=Handbook+of+Statistics+on+Indian+States,2022-23,NSO (NSSO EUS / PLFS),,2026-08-06
unemployment-rate-urban,Nagaland,2023,113.0,"RBI Handbook of Statistics on Indian States, Table 9: State-wise Unemployment Rate, Usual Status Adjusted (Urban Overall)",https://www.rbi.org.in/Scripts/AnnualPublications.aspx?head=Handbook+of+Statistics+on+Indian+States,2023-24,NSO (NSSO EUS / PLFS),,2026-08-06
unemployment-rate-urban,Odisha,1993,65.0,"RBI Handbook of Statistics on Indian States, Table 9: State-wise Unemployment Rate, Usual Status Adjusted (Urban Overall)",https://www.rbi.org.in/Scripts/AnnualPublications.aspx?head=Handbook+of+Statistics+on+Indian+States,1993-94,NSO (NSSO EUS / PLFS),,2026-08-06
unemployment-rate-urban,Odisha,1999,67.0,"RBI Handbook of Statistics on Indian States, Table 9: State-wise Unemployment Rate, Usual Status Adjusted (Urban Overall)",https://www.rbi.org.in/Scripts/AnnualPublications.aspx?head=Handbook+of+Statistics+on+Indian+States,1999-00,NSO (NSSO EUS / PLFS),,2026-08-06
unemployment-rate-urban,Odisha,2004,134.0,"RBI Handbook of Statistics on Indian States, Table 9: State-wise Unemployment Rate, Usual Status Adjusted (Urban Overall)",https://www.rbi.org.in/Scripts/AnnualPublications.aspx?head=Handbook+of+Statistics+on+Indian+States,2004-05,NSO (NSSO EUS / PLFS),,2026-08-06
unemployment-rate-urban,Odisha,2009,42.0,"RBI Handbook of Statistics on Indian States, Table 9: State-wise Unemployment Rate, Usual Status Adjusted (Urban Overall)",https://www.rbi.org.in/Scripts/AnnualPublications.aspx?head=Handbook+of+Statistics+on+Indian+States,2009-10,NSO (NSSO EUS / PLFS),,2026-08-06
unemployment-rate-urban,Odisha,2011,35.0,"RBI Handbook of Statistics on Indian States, Table 9: State-wise Unemployment Rate, Usual Status Adjusted (Urban Overall)",https://www.rbi.org.in/Scripts/AnnualPublications.aspx?head=Handbook+of+Statistics+on+Indian+States,2011-12,NSO (NSSO EUS / PLFS),,2026-08-06
unemployment-rate-urban,Odisha,2017,83.0,"RBI Handbook of Statistics on Indian States, Table 9: State-wise Unemployment Rate, Usual Status Adjusted (Urban Overall)",https://www.rbi.org.in/Scripts/AnnualPublications.aspx?head=Handbook+of+Statistics+on+Indian+States,2017-18,NSO (NSSO EUS / PLFS),,2026-08-06
unemployment-rate-urban,Odisha,2018,127.0,"RBI Handbook of Statistics on Indian States, Table 9: State-wise Unemployment Rate, Usual Status Adjusted (Urban Overall)",https://www.rbi.org.in/Scripts/AnnualPublications.aspx?head=Handbook+of+Statistics+on+Indian+States,2018-19,NSO (NSSO EUS / PLFS),,2026-08-06
unemployment-rate-urban,Odisha,2019,77.0,"RBI Handbook of Statistics on Indian States, Table 9: State-wise Unemployment Rate, Usual Status Adjusted (Urban Overall)",https://www.rbi.org.in/Scripts/AnnualPublications.aspx?head=Handbook+of+Statistics+on+Indian+States,2019-20,NSO (NSSO EUS / PLFS),,2026-08-06
unemployment-rate-urban,Odisha,2020,78.0,"RBI Handbook of Statistics on Indian States, Table 9: State-wise Unemployment Rate, Usual Status Adjusted (Urban Overall)",https://www.rbi.org.in/Scripts/AnnualPublications.aspx?head=Handbook+of+Statistics+on+Indian+States,2020-21,NSO (NSSO EUS / PLFS),,2026-08-06
unemployment-rate-urban,Odisha,2021,105.0,"RBI Handbook of Statistics on Indian States, Table 9: State-wise Unemployment Rate, Usual Status Adjusted (Urban Overall)",https://www.rbi.org.in/Scripts/AnnualPublications.aspx?head=Handbook+of+Statistics+on+Indian+States,2021-22,NSO (NSSO EUS / PLFS),,2026-08-06
unemployment-rate-urban,Odisha,2022,62.0,"RBI Handbook of Statistics on Indian States, Table 9: State-wise Unemployment Rate, Usual Status Adjusted (Urban Overall)",https://www.rbi.org.in/Scripts/AnnualPublications.aspx?head=Handbook+of+Statistics+on+Indian+States,2022-23,NSO (NSSO EUS / PLFS),,2026-08-06
unemployment-rate-urban,Odisha,2023,68.0,"RBI Handbook of Statistics on Indian States, Table 9: State-wise Unemployment Rate, Usual Status Adjusted (Urban Overall)",https://www.rbi.org.in/Scripts/AnnualPublications.aspx?head=Handbook+of+Statistics+on+Indian+States,2023-24,NSO (NSSO EUS / PLFS),,2026-08-06
unemployment-rate-urban,Punjab,1993,34.0,"RBI Handbook of Statistics on Indian States, Table 9: State-wise Unemployment Rate, Usual Status Adjusted (Urban Overall)",https://www.rbi.org.in/Scripts/AnnualPublications.aspx?head=Handbook+of+Statistics+on+Indian+States,1993-94,NSO (NSSO EUS / PLFS),,2026-08-06
unemployment-rate-urban,Punjab,1999,27.0,"RBI Handbook of Statistics on Indian States, Table 9: State-wise Unemployment Rate, Usual Status Adjusted (Urban Overall)",https://www.rbi.org.in/Scripts/AnnualPublications.aspx?head=Handbook+of+Statistics+on+Indian+States,1999-00,NSO (NSSO EUS / PLFS),,2026-08-06
unemployment-rate-urban,Punjab,2004,50.0,"RBI Handbook of Statistics on Indian States, Table 9: State-wise Unemployment Rate, Usual Status Adjusted (Urban Overall)",https://www.rbi.org.in/Scripts/AnnualPublications.aspx?head=Handbook+of+Statistics+on+Indian+States,2004-05,NSO (NSSO EUS / PLFS),,2026-08-06
unemployment-rate-urban,Punjab,2009,48.0,"RBI Handbook of Statistics on Indian States, Table 9: State-wise Unemployment Rate, Usual Status Adjusted (Urban Overall)",https://www.rbi.org.in/Scripts/AnnualPublications.aspx?head=Handbook+of+Statistics+on+Indian+States,2009-10,NSO (NSSO EUS / PLFS),,2026-08-06
unemployment-rate-urban,Punjab,2011,28.0,"RBI Handbook of Statistics on Indian States, Table 9: State-wise Unemployment Rate, Usual Status Adjusted (Urban Overall)",https://www.rbi.org.in/Scripts/AnnualPublications.aspx?head=Handbook+of+Statistics+on+Indian+States,2011-12,NSO (NSSO EUS / PLFS),,2026-08-06
unemployment-rate-urban,Punjab,2017,77.0,"RBI Handbook of Statistics on Indian States, Table 9: State-wise Unemployment Rate, Usual Status Adjusted (Urban Overall)",https://www.rbi.org.in/Scripts/AnnualPublications.aspx?head=Handbook+of+Statistics+on+Indian+States,2017-18,NSO (NSSO EUS / PLFS),,2026-08-06
unemployment-rate-urban,Punjab,2018,70.0,"RBI Handbook of Statistics on Indian States, Table 9: State-wise Unemployment Rate, Usual Status Adjusted (Urban Overall)",https://www.rbi.org.in/Scripts/AnnualPublications.aspx?head=Handbook+of+Statistics+on+Indian+States,2018-19,NSO (NSSO EUS / PLFS),,2026-08-06
unemployment-rate-urban,Punjab,2019,77.0,"RBI Handbook of Statistics on Indian States, Table 9: State-wise Unemployment Rate, Usual Status Adjusted (Urban Overall)",https://www.rbi.org.in/Scripts/AnnualPublications.aspx?head=Handbook+of+Statistics+on+Indian+States,2019-20,NSO (NSSO EUS / PLFS),,2026-08-06
unemployment-rate-urban,Punjab,2020,61.0,"RBI Handbook of Statistics on Indian States, Table 9: State-wise Unemployment Rate, Usual Status Adjusted (Urban Overall)",https://www.rbi.org.in/Scripts/AnnualPublications.aspx?head=Handbook+of+Statistics+on+Indian+States,2020-21,NSO (NSSO EUS / PLFS),,2026-08-06
unemployment-rate-urban,Punjab,2021,61.0,"RBI Handbook of Statistics on Indian States, Table 9: State-wise Unemployment Rate, Usual Status Adjusted (Urban Overall)",https://www.rbi.org.in/Scripts/AnnualPublications.aspx?head=Handbook+of+Statistics+on+Indian+States,2021-22,NSO (NSSO EUS / PLFS),,2026-08-06
unemployment-rate-urban,Punjab,2022,60.0,"RBI Handbook of Statistics on Indian States, Table 9: State-wise Unemployment Rate, Usual Status Adjusted (Urban Overall)",https://www.rbi.org.in/Scripts/AnnualPublications.aspx?head=Handbook+of+Statistics+on+Indian+States,2022-23,NSO (NSSO EUS / PLFS),,2026-08-06
unemployment-rate-urban,Punjab,2023,56.0,"RBI Handbook of Statistics on Indian States, Table 9: State-wise Unemployment Rate, Usual Status Adjusted (Urban Overall)",https://www.rbi.org.in/Scripts/AnnualPublications.aspx?head=Handbook+of+Statistics+on+Indian+States,2023-24,NSO (NSSO EUS / PLFS),,2026-08-06
unemployment-rate-urban,Rajasthan,1993,14.0,"RBI Handbook of Statistics on Indian States, Table 9: State-wise Unemployment Rate, Usual Status Adjusted (Urban Overall)",https://www.rbi.org.in/Scripts/AnnualPublications.aspx?head=Handbook+of+Statistics+on+Indian+States,1993-94,NSO (NSSO EUS / PLFS),,2026-08-06
unemployment-rate-urban,Rajasthan,1999,25.0,"RBI Handbook of Statistics on Indian States, Table 9: State-wise Unemployment Rate, Usual Status Adjusted (Urban Overall)",https://www.rbi.org.in/Scripts/AnnualPublications.aspx?head=Handbook+of+Statistics+on+Indian+States,1999-00,NSO (NSSO EUS / PLFS),,2026-08-06
unemployment-rate-urban,Rajasthan,2004,29.0,"RBI Handbook of Statistics on Indian States, Table 9: State-wise Unemployment Rate, Usual Status Adjusted (Urban Overall)",https://www.rbi.org.in/Scripts/AnnualPublications.aspx?head=Handbook+of+Statistics+on+Indian+States,2004-05,NSO (NSSO EUS / PLFS),,2026-08-06
unemployment-rate-urban,Rajasthan,2009,22.0,"RBI Handbook of Statistics on Indian States, Table 9: State-wise Unemployment Rate, Usual Status Adjusted (Urban Overall)",https://www.rbi.org.in/Scripts/AnnualPublications.aspx?head=Handbook+of+Statistics+on+Indian+States,2009-10,NSO (NSSO EUS / PLFS),,2026-08-06
unemployment-rate-urban,Rajasthan,2011,31.0,"RBI Handbook of Statistics on Indian States, Table 9: State-wise Unemployment Rate, Usual Status Adjusted (Urban Overall)",https://www.rbi.org.in/Scripts/AnnualPublications.aspx?head=Handbook+of+Statistics+on+Indian+States,2011-12,NSO (NSSO EUS / PLFS),,2026-08-06
unemployment-rate-urban,Rajasthan,2017,72.0,"RBI Handbook of Statistics on Indian States, Table 9: State-wise Unemployment Rate, Usual Status Adjusted (Urban Overall)",https://www.rbi.org.in/Scripts/AnnualPublications.aspx?head=Handbook+of+Statistics+on+Indian+States,2017-18,NSO (NSSO EUS / PLFS),,2026-08-06
unemployment-rate-urban,Rajasthan,2018,95.0,"RBI Handbook of Statistics on Indian States, Table 9: State-wise Unemployment Rate, Usual Status Adjusted (Urban Overall)",https://www.rbi.org.in/Scripts/AnnualPublications.aspx?head=Handbook+of+Statistics+on+Indian+States,2018-19,NSO (NSSO EUS / PLFS),,2026-08-06
unemployment-rate-urban,Rajasthan,2019,90.0,"RBI Handbook of Statistics on Indian States, Table 9: State-wise Unemployment Rate, Usual Status Adjusted (Urban Overall)",https://www.rbi.org.in/Scripts/AnnualPublications.aspx?head=Handbook+of+Statistics+on+Indian+States,2019-20,NSO (NSSO EUS / PLFS),,2026-08-06
unemployment-rate-urban,Rajasthan,2020,102.0,"RBI Handbook of Statistics on Indian States, Table 9: State-wise Unemployment Rate, Usual Status Adjusted (Urban Overall)",https://www.rbi.org.in/Scripts/AnnualPublications.aspx?head=Handbook+of+Statistics+on+Indian+States,2020-21,NSO (NSSO EUS / PLFS),,2026-08-06
unemployment-rate-urban,Rajasthan,2021,108.0,"RBI Handbook of Statistics on Indian States, Table 9: State-wise Unemployment Rate, Usual Status Adjusted (Urban Overall)",https://www.rbi.org.in/Scripts/AnnualPublications.aspx?head=Handbook+of+Statistics+on+Indian+States,2021-22,NSO (NSSO EUS / PLFS),,2026-08-06
unemployment-rate-urban,Rajasthan,2022,85.0,"RBI Handbook of Statistics on Indian States, Table 9: State-wise Unemployment Rate, Usual Status Adjusted (Urban Overall)",https://www.rbi.org.in/Scripts/AnnualPublications.aspx?head=Handbook+of+Statistics+on+Indian+States,2022-23,NSO (NSSO EUS / PLFS),,2026-08-06
unemployment-rate-urban,Rajasthan,2023,77.0,"RBI Handbook of Statistics on Indian States, Table 9: State-wise Unemployment Rate, Usual Status Adjusted (Urban Overall)",https://www.rbi.org.in/Scripts/AnnualPublications.aspx?head=Handbook+of+Statistics+on+Indian+States,2023-24,NSO (NSSO EUS / PLFS),,2026-08-06
unemployment-rate-urban,Sikkim,1993,31.0,"RBI Handbook of Statistics on Indian States, Table 9: State-wise Unemployment Rate, Usual Status Adjusted (Urban Overall)",https://www.rbi.org.in/Scripts/AnnualPublications.aspx?head=Handbook+of+Statistics+on+Indian+States,1993-94,NSO (NSSO EUS / PLFS),,2026-08-06
unemployment-rate-urban,Sikkim,1999,75.0,"RBI Handbook of Statistics on Indian States, Table 9: State-wise Unemployment Rate, Usual Status Adjusted (Urban Overall)",https://www.rbi.org.in/Scripts/AnnualPublications.aspx?head=Handbook+of+Statistics+on+Indian+States,1999-00,NSO (NSSO EUS / PLFS),,2026-08-06
unemployment-rate-urban,Sikkim,2004,37.0,"RBI Handbook of Statistics on Indian States, Table 9: State-wise Unemployment Rate, Usual Status Adjusted (Urban Overall)",https://www.rbi.org.in/Scripts/AnnualPublications.aspx?head=Handbook+of+Statistics+on+Indian+States,2004-05,NSO (NSSO EUS / PLFS),,2026-08-06
unemployment-rate-urban,Sikkim,2011,23.0,"RBI Handbook of Statistics on Indian States, Table 9: State-wise Unemployment Rate, Usual Status Adjusted (Urban Overall)",https://www.rbi.org.in/Scripts/AnnualPublications.aspx?head=Handbook+of+Statistics+on+Indian+States,2011-12,NSO (NSSO EUS / PLFS),,2026-08-06
unemployment-rate-urban,Sikkim,2017,58.0,"RBI Handbook of Statistics on Indian States, Table 9: State-wise Unemployment Rate, Usual Status Adjusted (Urban Overall)",https://www.rbi.org.in/Scripts/AnnualPublications.aspx?head=Handbook+of+Statistics+on+Indian+States,2017-18,NSO (NSSO EUS / PLFS),,2026-08-06
unemployment-rate-urban,Sikkim,2018,49.0,"RBI Handbook of Statistics on Indian States, Table 9: State-wise Unemployment Rate, Usual Status Adjusted (Urban Overall)",https://www.rbi.org.in/Scripts/AnnualPublications.aspx?head=Handbook+of+Statistics+on+Indian+States,2018-19,NSO (NSSO EUS / PLFS),,2026-08-06
unemployment-rate-urban,Sikkim,2019,29.0,"RBI Handbook of Statistics on Indian States, Table 9: State-wise Unemployment Rate, Usual Status Adjusted (Urban Overall)",https://www.rbi.org.in/Scripts/AnnualPublications.aspx?head=Handbook+of+Statistics+on+Indian+States,2019-20,NSO (NSSO EUS / PLFS),,2026-08-06
unemployment-rate-urban,Sikkim,2020,30.0,"RBI Handbook of Statistics on Indian States, Table 9: State-wise Unemployment Rate, Usual Status Adjusted (Urban Overall)",https://www.rbi.org.in/Scripts/AnnualPublications.aspx?head=Handbook+of+Statistics+on+Indian+States,2020-21,NSO (NSSO EUS / PLFS),,2026-08-06
unemployment-rate-urban,Sikkim,2021,30.0,"RBI Handbook of Statistics on Indian States, Table 9: State-wise Unemployment Rate, Usual Status Adjusted (Urban Overall)",https://www.rbi.org.in/Scripts/AnnualPublications.aspx?head=Handbook+of+Statistics+on+Indian+States,2021-22,NSO (NSSO EUS / PLFS),,2026-08-06
unemployment-rate-urban,Sikkim,2022,22.0,"RBI Handbook of Statistics on Indian States, Table 9: State-wise Unemployment Rate, Usual Status Adjusted (Urban Overall)",https://www.rbi.org.in/Scripts/AnnualPublications.aspx?head=Handbook+of+Statistics+on+Indian+States,2022-23,NSO (NSSO EUS / PLFS),,2026-08-06
unemployment-rate-urban,Sikkim,2023,30.0,"RBI Handbook of Statistics on Indian States, Table 9: State-wise Unemployment Rate, Usual Status Adjusted (Urban Overall)",https://www.rbi.org.in/Scripts/AnnualPublications.aspx?head=Handbook+of+Statistics+on+Indian+States,2023-24,NSO (NSSO EUS / PLFS),,2026-08-06
unemployment-rate-urban,Tamil Nadu,1993,50.0,"RBI Handbook of Statistics on Indian States, Table 9: State-wise Unemployment Rate, Usual Status Adjusted (Urban Overall)",https://www.rbi.org.in/Scripts/AnnualPublications.aspx?head=Handbook+of+Statistics+on+Indian+States,1993-94,NSO (NSSO EUS / PLFS),,2026-08-06
unemployment-rate-urban,Tamil Nadu,1999,40.0,"RBI Handbook of Statistics on Indian States, Table 9: State-wise Unemployment Rate, Usual Status Adjusted (Urban Overall)",https://www.rbi.org.in/Scripts/AnnualPublications.aspx?head=Handbook+of+Statistics+on+Indian+States,1999-00,NSO (NSSO EUS / PLFS),,2026-08-06
unemployment-rate-urban,Tamil Nadu,2004,35.0,"RBI Handbook of Statistics on Indian States, Table 9: State-wise Unemployment Rate, Usual Status Adjusted (Urban Overall)",https://www.rbi.org.in/Scripts/AnnualPublications.aspx?head=Handbook+of+Statistics+on+Indian+States,2004-05,NSO (NSSO EUS / PLFS),,2026-08-06
unemployment-rate-urban,Tamil Nadu,2009,32.0,"RBI Handbook of Statistics on Indian States, Table 9: State-wise Unemployment Rate, Usual Status Adjusted (Urban Overall)",https://www.rbi.org.in/Scripts/AnnualPublications.aspx?head=Handbook+of+Statistics+on+Indian+States,2009-10,NSO (NSSO EUS / PLFS),,2026-08-06
unemployment-rate-urban,Tamil Nadu,2011,27.0,"RBI Handbook of Statistics on Indian States, Table 9: State-wise Unemployment Rate, Usual Status Adjusted (Urban Overall)",https://www.rbi.org.in/Scripts/AnnualPublications.aspx?head=Handbook+of+Statistics+on+Indian+States,2011-12,NSO (NSSO EUS / PLFS),,2026-08-06
unemployment-rate-urban,Tamil Nadu,2017,72.0,"RBI Handbook of Statistics on Indian States, Table 9: State-wise Unemployment Rate, Usual Status Adjusted (Urban Overall)",https://www.rbi.org.in/Scripts/AnnualPublications.aspx?head=Handbook+of+Statistics+on+Indian+States,2017-18,NSO (NSSO EUS / PLFS),,2026-08-06
unemployment-rate-urban,Tamil Nadu,2018,67.0,"RBI Handbook of Statistics on Indian States, Table 9: State-wise Unemployment Rate, Usual Status Adjusted (Urban Overall)",https://www.rbi.org.in/Scripts/AnnualPublications.aspx?head=Handbook+of+Statistics+on+Indian+States,2018-19,NSO (NSSO EUS / PLFS),,2026-08-06
unemployment-rate-urban,Tamil Nadu,2019,58.0,"RBI Handbook of Statistics on Indian States, Table 9: State-wise Unemployment Rate, Usual Status Adjusted (Urban Overall)",https://www.rbi.org.in/Scripts/AnnualPublications.aspx?head=Handbook+of+Statistics+on+Indian+States,2019-20,NSO (NSSO EUS / PLFS),,2026-08-06
unemployment-rate-urban,Tamil Nadu,2020,58.0,"RBI Handbook of Statistics on Indian States, Table 9: State-wise Unemployment Rate, Usual Status Adjusted (Urban Overall)",https://www.rbi.org.in/Scripts/AnnualPublications.aspx?head=Handbook+of+Statistics+on+Indian+States,2020-21,NSO (NSSO EUS / PLFS),,2026-08-06
unemployment-rate-urban,Tamil Nadu,2021,57.0,"RBI Handbook of Statistics on Indian States, Table 9: State-wise Unemployment Rate, Usual Status Adjusted (Urban Overall)",https://www.rbi.org.in/Scripts/AnnualPublications.aspx?head=Handbook+of+Statistics+on+Indian+States,2021-22,NSO (NSSO EUS / PLFS),,2026-08-06
unemployment-rate-urban,Tamil Nadu,2022,51.0,"RBI Handbook of Statistics on Indian States, Table 9: State-wise Unemployment Rate, Usual Status Adjusted (Urban Overall)",https://www.rbi.org.in/Scripts/AnnualPublications.aspx?head=Handbook+of+Statistics+on+Indian+States,2022-23,NSO (NSSO EUS / PLFS),,2026-08-06
unemployment-rate-urban,Tamil Nadu,2023,41.0,"RBI Handbook of Statistics on Indian States, Table 9: State-wise Unemployment Rate, Usual Status Adjusted (Urban Overall)",https://www.rbi.org.in/Scripts/AnnualPublications.aspx?head=Handbook+of+Statistics+on+Indian+States,2023-24,NSO (NSSO EUS / PLFS),,2026-08-06
unemployment-rate-urban,Telangana,2017,94.0,"RBI Handbook of Statistics on Indian States, Table 9: State-wise Unemployment Rate, Usual Status Adjusted (Urban Overall)",https://www.rbi.org.in/Scripts/AnnualPublications.aspx?head=Handbook+of+Statistics+on+Indian+States,2017-18,NSO (NSSO EUS / PLFS),,2026-08-06
unemployment-rate-urban,Telangana,2018,112.0,"RBI Handbook of Statistics on Indian States, Table 9: State-wise Unemployment Rate, Usual Status Adjusted (Urban Overall)",https://www.rbi.org.in/Scripts/AnnualPublications.aspx?head=Handbook+of+Statistics+on+Indian+States,2018-19,NSO (NSSO EUS / PLFS),,2026-08-06
unemployment-rate-urban,Telangana,2019,103.0,"RBI Handbook of Statistics on Indian States, Table 9: State-wise Unemployment Rate, Usual Status Adjusted (Urban Overall)",https://www.rbi.org.in/Scripts/AnnualPublications.aspx?head=Handbook+of+Statistics+on+Indian+States,2019-20,NSO (NSSO EUS / PLFS),,2026-08-06
unemployment-rate-urban,Telangana,2020,77.0,"RBI Handbook of Statistics on Indian States, Table 9: State-wise Unemployment Rate, Usual Status Adjusted (Urban Overall)",https://www.rbi.org.in/Scripts/AnnualPublications.aspx?head=Handbook+of+Statistics+on+Indian+States,2020-21,NSO (NSSO EUS / PLFS),,2026-08-06
unemployment-rate-urban,Telangana,2021,69.0,"RBI Handbook of Statistics on Indian States, Table 9: State-wise Unemployment Rate, Usual Status Adjusted (Urban Overall)",https://www.rbi.org.in/Scripts/AnnualPublications.aspx?head=Handbook+of+Statistics+on+Indian+States,2021-22,NSO (NSSO EUS / PLFS),,2026-08-06
unemployment-rate-urban,Telangana,2022,78.0,"RBI Handbook of Statistics on Indian States, Table 9: State-wise Unemployment Rate, Usual Status Adjusted (Urban Overall)",https://www.rbi.org.in/Scripts/AnnualPublications.aspx?head=Handbook+of+Statistics+on+Indian+States,2022-23,NSO (NSSO EUS / PLFS),,2026-08-06
unemployment-rate-urban,Telangana,2023,73.0,"RBI Handbook of Statistics on Indian States, Table 9: State-wise Unemployment Rate, Usual Status Adjusted (Urban Overall)",https://www.rbi.org.in/Scripts/AnnualPublications.aspx?head=Handbook+of+Statistics+on+Indian+States,2023-24,NSO (NSSO EUS / PLFS),,2026-08-06
unemployment-rate-urban,Tripura,1993,85.0,"RBI Handbook of Statistics on Indian States, Table 9: State-wise Unemployment Rate, Usual Status Adjusted (Urban Overall)",https://www.rbi.org.in/Scripts/AnnualPublications.aspx?head=Handbook+of+Statistics+on+Indian+States,1993-94,NSO (NSSO EUS / PLFS),,2026-08-06
unemployment-rate-urban,Tripura,1999,58.0,"RBI Handbook of Statistics on Indian States, Table 9: State-wise Unemployment Rate, Usual Status Adjusted (Urban Overall)",https://www.rbi.org.in/Scripts/AnnualPublications.aspx?head=Handbook+of+Statistics+on+Indian+States,1999-00,NSO (NSSO EUS / PLFS),,2026-08-06
unemployment-rate-urban,Tripura,2004,280.0,"RBI Handbook of Statistics on Indian States, Table 9: State-wise Unemployment Rate, Usual Status Adjusted (Urban Overall)",https://www.rbi.org.in/Scripts/AnnualPublications.aspx?head=Handbook+of+Statistics+on+Indian+States,2004-05,NSO (NSSO EUS / PLFS),,2026-08-06
unemployment-rate-urban,Tripura,2009,171.0,"RBI Handbook of Statistics on Indian States, Table 9: State-wise Unemployment Rate, Usual Status Adjusted (Urban Overall)",https://www.rbi.org.in/Scripts/AnnualPublications.aspx?head=Handbook+of+Statistics+on+Indian+States,2009-10,NSO (NSSO EUS / PLFS),,2026-08-06
unemployment-rate-urban,Tripura,2011,252.0,"RBI Handbook of Statistics on Indian States, Table 9: State-wise Unemployment Rate, Usual Status Adjusted (Urban Overall)",https://www.rbi.org.in/Scripts/AnnualPublications.aspx?head=Handbook+of+Statistics+on+Indian+States,2011-12,NSO (NSSO EUS / PLFS),,2026-08-06
unemployment-rate-urban,Tripura,2017,87.0,"RBI Handbook of Statistics on Indian States, Table 9: State-wise Unemployment Rate, Usual Status Adjusted (Urban Overall)",https://www.rbi.org.in/Scripts/AnnualPublications.aspx?head=Handbook+of+Statistics+on+Indian+States,2017-18,NSO (NSSO EUS / PLFS),,2026-08-06
unemployment-rate-urban,Tripura,2018,135.0,"RBI Handbook of Statistics on Indian States, Table 9: State-wise Unemployment Rate, Usual Status Adjusted (Urban Overall)",https://www.rbi.org.in/Scripts/AnnualPublications.aspx?head=Handbook+of+Statistics+on+Indian+States,2018-19,NSO (NSSO EUS / PLFS),,2026-08-06
unemployment-rate-urban,Tripura,2019,46.0,"RBI Handbook of Statistics on Indian States, Table 9: State-wise Unemployment Rate, Usual Status Adjusted (Urban Overall)",https://www.rbi.org.in/Scripts/AnnualPublications.aspx?head=Handbook+of+Statistics+on+Indian+States,2019-20,NSO (NSSO EUS / PLFS),,2026-08-06
unemployment-rate-urban,Tripura,2020,46.0,"RBI Handbook of Statistics on Indian States, Table 9: State-wise Unemployment Rate, Usual Status Adjusted (Urban Overall)",https://www.rbi.org.in/Scripts/AnnualPublications.aspx?head=Handbook+of+Statistics+on+Indian+States,2020-21,NSO (NSSO EUS / PLFS),,2026-08-06
unemployment-rate-urban,Tripura,2021,43.0,"RBI Handbook of Statistics on Indian States, Table 9: State-wise Unemployment Rate, Usual Status Adjusted (Urban Overall)",https://www.rbi.org.in/Scripts/AnnualPublications.aspx?head=Handbook+of+Statistics+on+Indian+States,2021-22,NSO (NSSO EUS / PLFS),,2026-08-06
unemployment-rate-urban,Tripura,2022,30.0,"RBI Handbook of Statistics on Indian States, Table 9: State-wise Unemployment Rate, Usual Status Adjusted (Urban Overall)",https://www.rbi.org.in/Scripts/AnnualPublications.aspx?head=Handbook+of+Statistics+on+Indian+States,2022-23,NSO (NSSO EUS / PLFS),,2026-08-06
unemployment-rate-urban,Tripura,2023,32.0,"RBI Handbook of Statistics on Indian States, Table 9: State-wise Unemployment Rate, Usual Status Adjusted (Urban Overall)",https://www.rbi.org.in/Scripts/AnnualPublications.aspx?head=Handbook+of+Statistics+on+Indian+States,2023-24,NSO (NSSO EUS / PLFS),,2026-08-06
unemployment-rate-urban,Uttarakhand,2004,54.0,"RBI Handbook of Statistics on Indian States, Table 9: State-wise Unemployment Rate, Usual Status Adjusted (Urban Overall)",https://www.rbi.org.in/Scripts/AnnualPublications.aspx?head=Handbook+of+Statistics+on+Indian+States,2004-05,NSO (NSSO EUS / PLFS),,2026-08-06
unemployment-rate-urban,Uttarakhand,2009,29.0,"RBI Handbook of Statistics on Indian States, Table 9: State-wise Unemployment Rate, Usual Status Adjusted (Urban Overall)",https://www.rbi.org.in/Scripts/AnnualPublications.aspx?head=Handbook+of+Statistics+on+Indian+States,2009-10,NSO (NSSO EUS / PLFS),,2026-08-06
unemployment-rate-urban,Uttarakhand,2011,53.0,"RBI Handbook of Statistics on Indian States, Table 9: State-wise Unemployment Rate, Usual Status Adjusted (Urban Overall)",https://www.rbi.org.in/Scripts/AnnualPublications.aspx?head=Handbook+of+Statistics+on+Indian+States,2011-12,NSO (NSSO EUS / PLFS),,2026-08-06
unemployment-rate-urban,Uttarakhand,2017,95.0,"RBI Handbook of Statistics on Indian States, Table 9: State-wise Unemployment Rate, Usual Status Adjusted (Urban Overall)",https://www.rbi.org.in/Scripts/AnnualPublications.aspx?head=Handbook+of+Statistics+on+Indian+States,2017-18,NSO (NSSO EUS / PLFS),,2026-08-06
unemployment-rate-urban,Uttarakhand,2018,134.0,"RBI Handbook of Statistics on Indian States, Table 9: State-wise Unemployment Rate, Usual Status Adjusted (Urban Overall)",https://www.rbi.org.in/Scripts/AnnualPublications.aspx?head=Handbook+of+Statistics+on+Indian+States,2018-19,NSO (NSSO EUS / PLFS),,2026-08-06
unemployment-rate-urban,Uttarakhand,2019,91.0,"RBI Handbook of Statistics on Indian States, Table 9: State-wise Unemployment Rate, Usual Status Adjusted (Urban Overall)",https://www.rbi.org.in/Scripts/AnnualPublications.aspx?head=Handbook+of+Statistics+on+Indian+States,2019-20,NSO (NSSO EUS / PLFS),,2026-08-06
unemployment-rate-urban,Uttarakhand,2020,105.0,"RBI Handbook of Statistics on Indian States, Table 9: State-wise Unemployment Rate, Usual Status Adjusted (Urban Overall)",https://www.rbi.org.in/Scripts/AnnualPublications.aspx?head=Handbook+of+Statistics+on+Indian+States,2020-21,NSO (NSSO EUS / PLFS),,2026-08-06
unemployment-rate-urban,Uttarakhand,2021,106.0,"RBI Handbook of Statistics on Indian States, Table 9: State-wise Unemployment Rate, Usual Status Adjusted (Urban Overall)",https://www.rbi.org.in/Scripts/AnnualPublications.aspx?head=Handbook+of+Statistics+on+Indian+States,2021-22,NSO (NSSO EUS / PLFS),,2026-08-06
unemployment-rate-urban,Uttarakhand,2022,69.0,"RBI Handbook of Statistics on Indian States, Table 9: State-wise Unemployment Rate, Usual Status Adjusted (Urban Overall)",https://www.rbi.org.in/Scripts/AnnualPublications.aspx?head=Handbook+of+Statistics+on+Indian+States,2022-23,NSO (NSSO EUS / PLFS),,2026-08-06
unemployment-rate-urban,Uttarakhand,2023,58.0,"RBI Handbook of Statistics on Indian States, Table 9: State-wise Unemployment Rate, Usual Status Adjusted (Urban Overall)",https://www.rbi.org.in/Scripts/AnnualPublications.aspx?head=Handbook+of+Statistics+on+Indian+States,2023-24,NSO (NSSO EUS / PLFS),,2026-08-06
unemployment-rate-urban,Uttar Pradesh,1993,29.0,"RBI Handbook of Statistics on Indian States, Table 9: State-wise Unemployment Rate, Usual Status Adjusted (Urban Overall)",https://www.rbi.org.in/Scripts/AnnualPublications.aspx?head=Handbook+of+Statistics+on+Indian+States,1993-94,NSO (NSSO EUS / PLFS),,2026-08-06
unemployment-rate-urban,Uttar Pradesh,1999,41.0,"RBI Handbook of Statistics on Indian States, Table 9: State-wise Unemployment Rate, Usual Status Adjusted (Urban Overall)",https://www.rbi.org.in/Scripts/AnnualPublications.aspx?head=Handbook+of+Statistics+on+Indian+States,1999-00,NSO (NSSO EUS / PLFS),,2026-08-06
unemployment-rate-urban,Uttar Pradesh,2004,33.0,"RBI Handbook of Statistics on Indian States, Table 9: State-wise Unemployment Rate, Usual Status Adjusted (Urban Overall)",https://www.rbi.org.in/Scripts/AnnualPublications.aspx?head=Handbook+of+Statistics+on+Indian+States,2004-05,NSO (NSSO EUS / PLFS),,2026-08-06
unemployment-rate-urban,Uttar Pradesh,2009,29.0,"RBI Handbook of Statistics on Indian States, Table 9: State-wise Unemployment Rate, Usual Status Adjusted (Urban Overall)",https://www.rbi.org.in/Scripts/AnnualPublications.aspx?head=Handbook+of+Statistics+on+Indian+States,2009-10,NSO (NSSO EUS / PLFS),,2026-08-06
unemployment-rate-urban,Uttar Pradesh,2011,41.0,"RBI Handbook of Statistics on Indian States, Table 9: State-wise Unemployment Rate, Usual Status Adjusted (Urban Overall)",https://www.rbi.org.in/Scripts/AnnualPublications.aspx?head=Handbook+of+Statistics+on+Indian+States,2011-12,NSO (NSSO EUS / PLFS),,2026-08-06
unemployment-rate-urban,Uttar Pradesh,2017,97.0,"RBI Handbook of Statistics on Indian States, Table 9: State-wise Unemployment Rate, Usual Status Adjusted (Urban Overall)",https://www.rbi.org.in/Scripts/AnnualPublications.aspx?head=Handbook+of+Statistics+on+Indian+States,2017-18,NSO (NSSO EUS / PLFS),,2026-08-06
unemployment-rate-urban,Uttar Pradesh,2018,106.0,"RBI Handbook of Statistics on Indian States, Table 9: State-wise Unemployment Rate, Usual Status Adjusted (Urban Overall)",https://www.rbi.org.in/Scripts/AnnualPublications.aspx?head=Handbook+of+Statistics+on+Indian+States,2018-19,NSO (NSSO EUS / PLFS),,2026-08-06
unemployment-rate-urban,Uttar Pradesh,2019,88.0,"RBI Handbook of Statistics on Indian States, Table 9: State-wise Unemployment Rate, Usual Status Adjusted (Urban Overall)",https://www.rbi.org.in/Scripts/AnnualPublications.aspx?head=Handbook+of+Statistics+on+Indian+States,2019-20,NSO (NSSO EUS / PLFS),,2026-08-06
unemployment-rate-urban,Uttar Pradesh,2020,80.0,"RBI Handbook of Statistics on Indian States, Table 9: State-wise Unemployment Rate, Usual Status Adjusted (Urban Overall)",https://www.rbi.org.in/Scripts/AnnualPublications.aspx?head=Handbook+of+Statistics+on+Indian+States,2020-21,NSO (NSSO EUS / PLFS),,2026-08-06
unemployment-rate-urban,Uttar Pradesh,2021,67.0,"RBI Handbook of Statistics on Indian States, Table 9: State-wise Unemployment Rate, Usual Status Adjusted (Urban Overall)",https://www.rbi.org.in/Scripts/AnnualPublications.aspx?head=Handbook+of+Statistics+on+Indian+States,2021-22,NSO (NSSO EUS / PLFS),,2026-08-06
unemployment-rate-urban,Uttar Pradesh,2022,65.0,"RBI Handbook of Statistics on Indian States, Table 9: State-wise Unemployment Rate, Usual Status Adjusted (Urban Overall)",https://www.rbi.org.in/Scripts/AnnualPublications.aspx?head=Handbook+of+Statistics+on+Indian+States,2022-23,NSO (NSSO EUS / PLFS),,2026-08-06
unemployment-rate-urban,Uttar Pradesh,2023,67.0,"RBI Handbook of Statistics on Indian States, Table 9: State-wise Unemployment Rate, Usual Status Adjusted (Urban Overall)",https://www.rbi.org.in/Scripts/AnnualPublications.aspx?head=Handbook+of+Statistics+on+Indian+States,2023-24,NSO (NSSO EUS / PLFS),,2026-08-06
unemployment-rate-urban,West Bengal,1993,79.0,"RBI Handbook of Statistics on Indian States, Table 9: State-wise Unemployment Rate, Usual Status Adjusted (Urban Overall)",https://www.rbi.org.in/Scripts/AnnualPublications.aspx?head=Handbook+of+Statistics+on+Indian+States,1993-94,NSO (NSSO EUS / PLFS),,2026-08-06
unemployment-rate-urban,West Bengal,1999,76.0,"RBI Handbook of Statistics on Indian States, Table 9: State-wise Unemployment Rate, Usual Status Adjusted (Urban Overall)",https://www.rbi.org.in/Scripts/AnnualPublications.aspx?head=Handbook+of+Statistics+on+Indian+States,1999-00,NSO (NSSO EUS / PLFS),,2026-08-06
unemployment-rate-urban,West Bengal,2004,62.0,"RBI Handbook of Statistics on Indian States, Table 9: State-wise Unemployment Rate, Usual Status Adjusted (Urban Overall)",https://www.rbi.org.in/Scripts/AnnualPublications.aspx?head=Handbook+of+Statistics+on+Indian+States,2004-05,NSO (NSSO EUS / PLFS),,2026-08-06
unemployment-rate-urban,West Bengal,2009,40.0,"RBI Handbook of Statistics on Indian States, Table 9: State-wise Unemployment Rate, Usual Status Adjusted (Urban Overall)",https://www.rbi.org.in/Scripts/AnnualPublications.aspx?head=Handbook+of+Statistics+on+Indian+States,2009-10,NSO (NSSO EUS / PLFS),,2026-08-06
unemployment-rate-urban,West Bengal,2011,48.0,"RBI Handbook of Statistics on Indian States, Table 9: State-wise Unemployment Rate, Usual Status Adjusted (Urban Overall)",https://www.rbi.org.in/Scripts/AnnualPublications.aspx?head=Handbook+of+Statistics+on+Indian+States,2011-12,NSO (NSSO EUS / PLFS),,2026-08-06
unemployment-rate-urban,West Bengal,2017,65.0,"RBI Handbook of Statistics on Indian States, Table 9: State-wise Unemployment Rate, Usual Status Adjusted (Urban Overall)",https://www.rbi.org.in/Scripts/AnnualPublications.aspx?head=Handbook+of+Statistics+on+Indian+States,2017-18,NSO (NSSO EUS / PLFS),,2026-08-06
unemployment-rate-urban,West Bengal,2018,49.0,"RBI Handbook of Statistics on Indian States, Table 9: State-wise Unemployment Rate, Usual Status Adjusted (Urban Overall)",https://www.rbi.org.in/Scripts/AnnualPublications.aspx?head=Handbook+of+Statistics+on+Indian+States,2018-19,NSO (NSSO EUS / PLFS),,2026-08-06
unemployment-rate-urban,West Bengal,2019,52.0,"RBI Handbook of Statistics on Indian States, Table 9: State-wise Unemployment Rate, Usual Status Adjusted (Urban Overall)",https://www.rbi.org.in/Scripts/AnnualPublications.aspx?head=Handbook+of+Statistics+on+Indian+States,2019-20,NSO (NSSO EUS / PLFS),,2026-08-06
unemployment-rate-urban,West Bengal,2020,44.0,"RBI Handbook of Statistics on Indian States, Table 9: State-wise Unemployment Rate, Usual Status Adjusted (Urban Overall)",https://www.rbi.org.in/Scripts/AnnualPublications.aspx?head=Handbook+of+Statistics+on+Indian+States,2020-21,NSO (NSSO EUS / PLFS),,2026-08-06
unemployment-rate-urban,West Bengal,2021,44.0,"RBI Handbook of Statistics on Indian States, Table 9: State-wise Unemployment Rate, Usual Status Adjusted (Urban Overall)",https://www.rbi.org.in/Scripts/AnnualPublications.aspx?head=Handbook+of+Statistics+on+Indian+States,2021-22,NSO (NSSO EUS / PLFS),,2026-08-06
unemployment-rate-urban,West Bengal,2022,38.0,"RBI Handbook of Statistics on Indian States, Table 9: State-wise Unemployment Rate, Usual Status Adjusted (Urban Overall)",https://www.rbi.org.in/Scripts/AnnualPublications.aspx?head=Handbook+of+Statistics+on+Indian+States,2022-23,NSO (NSSO EUS / PLFS),,2026-08-06
unemployment-rate-urban,West Bengal,2023,33.0,"RBI Handbook of Statistics on Indian States, Table 9: State-wise Unemployment Rate, Usual Status Adjusted (Urban Overall)",https://www.rbi.org.in/Scripts/AnnualPublications.aspx?head=Handbook+of+Statistics+on+Indian+States,2023-24,NSO (NSSO EUS / PLFS),,2026-08-06
unemployment-rate-urban,Andaman and Nicobar Islands,1993,54.0,"RBI Handbook of Statistics on Indian States, Table 9: State-wise Unemployment Rate, Usual Status Adjusted (Urban Overall)",https://www.rbi.org.in/Scripts/AnnualPublications.aspx?head=Handbook+of+Statistics+on+Indian+States,1993-94,NSO (NSSO EUS / PLFS),,2026-08-06
unemployment-rate-urban,Andaman and Nicobar Islands,1999,69.0,"RBI Handbook of Statistics on Indian States, Table 9: State-wise Unemployment Rate, Usual Status Adjusted (Urban Overall)",https://www.rbi.org.in/Scripts/AnnualPublications.aspx?head=Handbook+of+Statistics+on+Indian+States,1999-00,NSO (NSSO EUS / PLFS),,2026-08-06
unemployment-rate-urban,Andaman and Nicobar Islands,2004,88.0,"RBI Handbook of Statistics on Indian States, Table 9: State-wise Unemployment Rate, Usual Status Adjusted (Urban Overall)",https://www.rbi.org.in/Scripts/AnnualPublications.aspx?head=Handbook+of+Statistics+on+Indian+States,2004-05,NSO (NSSO EUS / PLFS),,2026-08-06
unemployment-rate-urban,Andaman and Nicobar Islands,2009,84.0,"RBI Handbook of Statistics on Indian States, Table 9: State-wise Unemployment Rate, Usual Status Adjusted (Urban Overall)",https://www.rbi.org.in/Scripts/AnnualPublications.aspx?head=Handbook+of+Statistics+on+Indian+States,2009-10,NSO (NSSO EUS / PLFS),,2026-08-06
unemployment-rate-urban,Andaman and Nicobar Islands,2011,86.0,"RBI Handbook of Statistics on Indian States, Table 9: State-wise Unemployment Rate, Usual Status Adjusted (Urban Overall)",https://www.rbi.org.in/Scripts/AnnualPublications.aspx?head=Handbook+of+Statistics+on+Indian+States,2011-12,NSO (NSSO EUS / PLFS),,2026-08-06
unemployment-rate-urban,Andaman and Nicobar Islands,2017,174.0,"RBI Handbook of Statistics on Indian States, Table 9: State-wise Unemployment Rate, Usual Status Adjusted (Urban Overall)",https://www.rbi.org.in/Scripts/AnnualPublications.aspx?head=Handbook+of+Statistics+on+Indian+States,2017-18,NSO (NSSO EUS / PLFS),,2026-08-06
unemployment-rate-urban,Andaman and Nicobar Islands,2018,120.0,"RBI Handbook of Statistics on Indian States, Table 9: State-wise Unemployment Rate, Usual Status Adjusted (Urban Overall)",https://www.rbi.org.in/Scripts/AnnualPublications.aspx?head=Handbook+of+Statistics+on+Indian+States,2018-19,NSO (NSSO EUS / PLFS),,2026-08-06
unemployment-rate-urban,Andaman and Nicobar Islands,2019,124.0,"RBI Handbook of Statistics on Indian States, Table 9: State-wise Unemployment Rate, Usual Status Adjusted (Urban Overall)",https://www.rbi.org.in/Scripts/AnnualPublications.aspx?head=Handbook+of+Statistics+on+Indian+States,2019-20,NSO (NSSO EUS / PLFS),,2026-08-06
unemployment-rate-urban,Andaman and Nicobar Islands,2020,106.0,"RBI Handbook of Statistics on Indian States, Table 9: State-wise Unemployment Rate, Usual Status Adjusted (Urban Overall)",https://www.rbi.org.in/Scripts/AnnualPublications.aspx?head=Handbook+of+Statistics+on+Indian+States,2020-21,NSO (NSSO EUS / PLFS),,2026-08-06
unemployment-rate-urban,Andaman and Nicobar Islands,2021,99.0,"RBI Handbook of Statistics on Indian States, Table 9: State-wise Unemployment Rate, Usual Status Adjusted (Urban Overall)",https://www.rbi.org.in/Scripts/AnnualPublications.aspx?head=Handbook+of+Statistics+on+Indian+States,2021-22,NSO (NSSO EUS / PLFS),,2026-08-06
unemployment-rate-urban,Andaman and Nicobar Islands,2022,140.0,"RBI Handbook of Statistics on Indian States, Table 9: State-wise Unemployment Rate, Usual Status Adjusted (Urban Overall)",https://www.rbi.org.in/Scripts/AnnualPublications.aspx?head=Handbook+of+Statistics+on+Indian+States,2022-23,NSO (NSSO EUS / PLFS),,2026-08-06
unemployment-rate-urban,Andaman and Nicobar Islands,2023,135.0,"RBI Handbook of Statistics on Indian States, Table 9: State-wise Unemployment Rate, Usual Status Adjusted (Urban Overall)",https://www.rbi.org.in/Scripts/AnnualPublications.aspx?head=Handbook+of+Statistics+on+Indian+States,2023-24,NSO (NSSO EUS / PLFS),,2026-08-06
unemployment-rate-urban,Chandigarh,1993,72.0,"RBI Handbook of Statistics on Indian States, Table 9: State-wise Unemployment Rate, Usual Status Adjusted (Urban Overall)",https://www.rbi.org.in/Scripts/AnnualPublications.aspx?head=Handbook+of+Statistics+on+Indian+States,1993-94,NSO (NSSO EUS / PLFS),,2026-08-06
unemployment-rate-urban,Chandigarh,1999,48.0,"RBI Handbook of Statistics on Indian States, Table 9: State-wise Unemployment Rate, Usual Status Adjusted (Urban Overall)",https://www.rbi.org.in/Scripts/AnnualPublications.aspx?head=Handbook+of+Statistics+on+Indian+States,1999-00,NSO (NSSO EUS / PLFS),,2026-08-06
unemployment-rate-urban,Chandigarh,2004,40.0,"RBI Handbook of Statistics on Indian States, Table 9: State-wise Unemployment Rate, Usual Status Adjusted (Urban Overall)",https://www.rbi.org.in/Scripts/AnnualPublications.aspx?head=Handbook+of+Statistics+on+Indian+States,2004-05,NSO (NSSO EUS / PLFS),,2026-08-06
unemployment-rate-urban,Chandigarh,2009,34.0,"RBI Handbook of Statistics on Indian States, Table 9: State-wise Unemployment Rate, Usual Status Adjusted (Urban Overall)",https://www.rbi.org.in/Scripts/AnnualPublications.aspx?head=Handbook+of+Statistics+on+Indian+States,2009-10,NSO (NSSO EUS / PLFS),,2026-08-06
unemployment-rate-urban,Chandigarh,2011,64.0,"RBI Handbook of Statistics on Indian States, Table 9: State-wise Unemployment Rate, Usual Status Adjusted (Urban Overall)",https://www.rbi.org.in/Scripts/AnnualPublications.aspx?head=Handbook+of+Statistics+on+Indian+States,2011-12,NSO (NSSO EUS / PLFS),,2026-08-06
unemployment-rate-urban,Chandigarh,2017,92.0,"RBI Handbook of Statistics on Indian States, Table 9: State-wise Unemployment Rate, Usual Status Adjusted (Urban Overall)",https://www.rbi.org.in/Scripts/AnnualPublications.aspx?head=Handbook+of+Statistics+on+Indian+States,2017-18,NSO (NSSO EUS / PLFS),,2026-08-06
unemployment-rate-urban,Chandigarh,2018,82.0,"RBI Handbook of Statistics on Indian States, Table 9: State-wise Unemployment Rate, Usual Status Adjusted (Urban Overall)",https://www.rbi.org.in/Scripts/AnnualPublications.aspx?head=Handbook+of+Statistics+on+Indian+States,2018-19,NSO (NSSO EUS / PLFS),,2026-08-06
unemployment-rate-urban,Chandigarh,2019,61.0,"RBI Handbook of Statistics on Indian States, Table 9: State-wise Unemployment Rate, Usual Status Adjusted (Urban Overall)",https://www.rbi.org.in/Scripts/AnnualPublications.aspx?head=Handbook+of+Statistics+on+Indian+States,2019-20,NSO (NSSO EUS / PLFS),,2026-08-06
unemployment-rate-urban,Chandigarh,2020,77.0,"RBI Handbook of Statistics on Indian States, Table 9: State-wise Unemployment Rate, Usual Status Adjusted (Urban Overall)",https://www.rbi.org.in/Scripts/AnnualPublications.aspx?head=Handbook+of+Statistics+on+Indian+States,2020-21,NSO (NSSO EUS / PLFS),,2026-08-06
unemployment-rate-urban,Chandigarh,2021,63.0,"RBI Handbook of Statistics on Indian States, Table 9: State-wise Unemployment Rate, Usual Status Adjusted (Urban Overall)",https://www.rbi.org.in/Scripts/AnnualPublications.aspx?head=Handbook+of+Statistics+on+Indian+States,2021-22,NSO (NSSO EUS / PLFS),,2026-08-06
unemployment-rate-urban,Chandigarh,2022,40.0,"RBI Handbook of Statistics on Indian States, Table 9: State-wise Unemployment Rate, Usual Status Adjusted (Urban Overall)",https://www.rbi.org.in/Scripts/AnnualPublications.aspx?head=Handbook+of+Statistics+on+Indian+States,2022-23,NSO (NSSO EUS / PLFS),,2026-08-06
unemployment-rate-urban,Chandigarh,2023,71.0,"RBI Handbook of Statistics on Indian States, Table 9: State-wise Unemployment Rate, Usual Status Adjusted (Urban Overall)",https://www.rbi.org.in/Scripts/AnnualPublications.aspx?head=Handbook+of+Statistics+on+Indian+States,2023-24,NSO (NSSO EUS / PLFS),,2026-08-06
unemployment-rate-urban,Dadra and Nagar Haveli,1999,14.0,"RBI Handbook of Statistics on Indian States, Table 9: State-wise Unemployment Rate, Usual Status Adjusted (Urban Overall)",https://www.rbi.org.in/Scripts/AnnualPublications.aspx?head=Handbook+of+Statistics+on+Indian+States,1999-00,NSO (NSSO EUS / PLFS),,2026-08-06
unemployment-rate-urban,Dadra and Nagar Haveli,2004,30.0,"RBI Handbook of Statistics on Indian States, Table 9: State-wise Unemployment Rate, Usual Status Adjusted (Urban Overall)",https://www.rbi.org.in/Scripts/AnnualPublications.aspx?head=Handbook+of+Statistics+on+Indian+States,2004-05,NSO (NSSO EUS / PLFS),,2026-08-06
unemployment-rate-urban,Dadra and Nagar Haveli,2009,53.0,"RBI Handbook of Statistics on Indian States, Table 9: State-wise Unemployment Rate, Usual Status Adjusted (Urban Overall)",https://www.rbi.org.in/Scripts/AnnualPublications.aspx?head=Handbook+of+Statistics+on+Indian+States,2009-10,NSO (NSSO EUS / PLFS),,2026-08-06
unemployment-rate-urban,Dadra and Nagar Haveli,2017,1.0,"RBI Handbook of Statistics on Indian States, Table 9: State-wise Unemployment Rate, Usual Status Adjusted (Urban Overall)",https://www.rbi.org.in/Scripts/AnnualPublications.aspx?head=Handbook+of+Statistics+on+Indian+States,2017-18,NSO (NSSO EUS / PLFS),,2026-08-06
unemployment-rate-urban,Dadra and Nagar Haveli,2018,18.0,"RBI Handbook of Statistics on Indian States, Table 9: State-wise Unemployment Rate, Usual Status Adjusted (Urban Overall)",https://www.rbi.org.in/Scripts/AnnualPublications.aspx?head=Handbook+of+Statistics+on+Indian+States,2018-19,NSO (NSSO EUS / PLFS),,2026-08-06
unemployment-rate-urban,Dadra and Nagar Haveli,2019,50.0,"RBI Handbook of Statistics on Indian States, Table 9: State-wise Unemployment Rate, Usual Status Adjusted (Urban Overall)",https://www.rbi.org.in/Scripts/AnnualPublications.aspx?head=Handbook+of+Statistics+on+Indian+States,2019-20,NSO (NSSO EUS / PLFS),,2026-08-06
unemployment-rate-urban,Ladakh,2019,10.0,"RBI Handbook of Statistics on Indian States, Table 9: State-wise Unemployment Rate, Usual Status Adjusted (Urban Overall)",https://www.rbi.org.in/Scripts/AnnualPublications.aspx?head=Handbook+of+Statistics+on+Indian+States,2019-20,NSO (NSSO EUS / PLFS),,2026-08-06
unemployment-rate-urban,Ladakh,2020,86.0,"RBI Handbook of Statistics on Indian States, Table 9: State-wise Unemployment Rate, Usual Status Adjusted (Urban Overall)",https://www.rbi.org.in/Scripts/AnnualPublications.aspx?head=Handbook+of+Statistics+on+Indian+States,2020-21,NSO (NSSO EUS / PLFS),,2026-08-06
unemployment-rate-urban,Ladakh,2021,97.0,"RBI Handbook of Statistics on Indian States, Table 9: State-wise Unemployment Rate, Usual Status Adjusted (Urban Overall)",https://www.rbi.org.in/Scripts/AnnualPublications.aspx?head=Handbook+of+Statistics+on+Indian+States,2021-22,NSO (NSSO EUS / PLFS),,2026-08-06
unemployment-rate-urban,Ladakh,2022,108.0,"RBI Handbook of Statistics on Indian States, Table 9: State-wise Unemployment Rate, Usual Status Adjusted (Urban Overall)",https://www.rbi.org.in/Scripts/AnnualPublications.aspx?head=Handbook+of+Statistics+on+Indian+States,2022-23,NSO (NSSO EUS / PLFS),,2026-08-06
unemployment-rate-urban,Ladakh,2023,134.0,"RBI Handbook of Statistics on Indian States, Table 9: State-wise Unemployment Rate, Usual Status Adjusted (Urban Overall)",https://www.rbi.org.in/Scripts/AnnualPublications.aspx?head=Handbook+of+Statistics+on+Indian+States,2023-24,NSO (NSSO EUS / PLFS),,2026-08-06
unemployment-rate-urban,Lakshadweep,1993,200.0,"RBI Handbook of Statistics on Indian States, Table 9: State-wise Unemployment Rate, Usual Status Adjusted (Urban Overall)",https://www.rbi.org.in/Scripts/AnnualPublications.aspx?head=Handbook+of+Statistics+on+Indian+States,1993-94,NSO (NSSO EUS / PLFS),,2026-08-06
unemployment-rate-urban,Lakshadweep,1999,100.0,"RBI Handbook of Statistics on Indian States, Table 9: State-wise Unemployment Rate, Usual Status Adjusted (Urban Overall)",https://www.rbi.org.in/Scripts/AnnualPublications.aspx?head=Handbook+of+Statistics+on+Indian+States,1999-00,NSO (NSSO EUS / PLFS),,2026-08-06
unemployment-rate-urban,Lakshadweep,2004,250.0,"RBI Handbook of Statistics on Indian States, Table 9: State-wise Unemployment Rate, Usual Status Adjusted (Urban Overall)",https://www.rbi.org.in/Scripts/AnnualPublications.aspx?head=Handbook+of+Statistics+on+Indian+States,2004-05,NSO (NSSO EUS / PLFS),,2026-08-06
unemployment-rate-urban,Lakshadweep,2009,57.0,"RBI Handbook of Statistics on Indian States, Table 9: State-wise Unemployment Rate, Usual Status Adjusted (Urban Overall)",https://www.rbi.org.in/Scripts/AnnualPublications.aspx?head=Handbook+of+Statistics+on+Indian+States,2009-10,NSO (NSSO EUS / PLFS),,2026-08-06
unemployment-rate-urban,Lakshadweep,2011,115.0,"RBI Handbook of Statistics on Indian States, Table 9: State-wise Unemployment Rate, Usual Status Adjusted (Urban Overall)",https://www.rbi.org.in/Scripts/AnnualPublications.aspx?head=Handbook+of+Statistics+on+Indian+States,2011-12,NSO (NSSO EUS / PLFS),,2026-08-06
unemployment-rate-urban,Lakshadweep,2017,253.0,"RBI Handbook of Statistics on Indian States, Table 9: State-wise Unemployment Rate, Usual Status Adjusted (Urban Overall)",https://www.rbi.org.in/Scripts/AnnualPublications.aspx?head=Handbook+of+Statistics+on+Indian+States,2017-18,NSO (NSSO EUS / PLFS),,2026-08-06
unemployment-rate-urban,Lakshadweep,2018,286.0,"RBI Handbook of Statistics on Indian States, Table 9: State-wise Unemployment Rate, Usual Status Adjusted (Urban Overall)",https://www.rbi.org.in/Scripts/AnnualPublications.aspx?head=Handbook+of+Statistics+on+Indian+States,2018-19,NSO (NSSO EUS / PLFS),,2026-08-06
unemployment-rate-urban,Lakshadweep,2019,147.0,"RBI Handbook of Statistics on Indian States, Table 9: State-wise Unemployment Rate, Usual Status Adjusted (Urban Overall)",https://www.rbi.org.in/Scripts/AnnualPublications.aspx?head=Handbook+of+Statistics+on+Indian+States,2019-20,NSO (NSSO EUS / PLFS),,2026-08-06
unemployment-rate-urban,Lakshadweep,2020,164.0,"RBI Handbook of Statistics on Indian States, Table 9: State-wise Unemployment Rate, Usual Status Adjusted (Urban Overall)",https://www.rbi.org.in/Scripts/AnnualPublications.aspx?head=Handbook+of+Statistics+on+Indian+States,2020-21,NSO (NSSO EUS / PLFS),,2026-08-06
unemployment-rate-urban,Lakshadweep,2021,211.0,"RBI Handbook of Statistics on Indian States, Table 9: State-wise Unemployment Rate, Usual Status Adjusted (Urban Overall)",https://www.rbi.org.in/Scripts/AnnualPublications.aspx?head=Handbook+of+Statistics+on+Indian+States,2021-22,NSO (NSSO EUS / PLFS),,2026-08-06
unemployment-rate-urban,Lakshadweep,2022,128.0,"RBI Handbook of Statistics on Indian States, Table 9: State-wise Unemployment Rate, Usual Status Adjusted (Urban Overall)",https://www.rbi.org.in/Scripts/AnnualPublications.aspx?head=Handbook+of+Statistics+on+Indian+States,2022-23,NSO (NSSO EUS / PLFS),,2026-08-06
unemployment-rate-urban,Lakshadweep,2023,138.0,"RBI Handbook of Statistics on Indian States, Table 9: State-wise Unemployment Rate, Usual Status Adjusted (Urban Overall)",https://www.rbi.org.in/Scripts/AnnualPublications.aspx?head=Handbook+of+Statistics+on+Indian+States,2023-24,NSO (NSSO EUS / PLFS),,2026-08-06
unemployment-rate-urban,Puducherry,1993,68.0,"RBI Handbook of Statistics on Indian States, Table 9: State-wise Unemployment Rate, Usual Status Adjusted (Urban Overall)",https://www.rbi.org.in/Scripts/AnnualPublications.aspx?head=Handbook+of+Statistics+on+Indian+States,1993-94,NSO (NSSO EUS / PLFS),,2026-08-06
unemployment-rate-urban,Puducherry,1999,41.0,"RBI Handbook of Statistics on Indian States, Table 9: State-wise Unemployment Rate, Usual Status Adjusted (Urban Overall)",https://www.rbi.org.in/Scripts/AnnualPublications.aspx?head=Handbook+of+Statistics+on+Indian+States,1999-00,NSO (NSSO EUS / PLFS),,2026-08-06
unemployment-rate-urban,Puducherry,2004,81.0,"RBI Handbook of Statistics on Indian States, Table 9: State-wise Unemployment Rate, Usual Status Adjusted (Urban Overall)",https://www.rbi.org.in/Scripts/AnnualPublications.aspx?head=Handbook+of+Statistics+on+Indian+States,2004-05,NSO (NSSO EUS / PLFS),,2026-08-06
unemployment-rate-urban,Puducherry,2009,31.0,"RBI Handbook of Statistics on Indian States, Table 9: State-wise Unemployment Rate, Usual Status Adjusted (Urban Overall)",https://www.rbi.org.in/Scripts/AnnualPublications.aspx?head=Handbook+of+Statistics+on+Indian+States,2009-10,NSO (NSSO EUS / PLFS),,2026-08-06
unemployment-rate-urban,Puducherry,2011,29.0,"RBI Handbook of Statistics on Indian States, Table 9: State-wise Unemployment Rate, Usual Status Adjusted (Urban Overall)",https://www.rbi.org.in/Scripts/AnnualPublications.aspx?head=Handbook+of+Statistics+on+Indian+States,2011-12,NSO (NSSO EUS / PLFS),,2026-08-06
unemployment-rate-urban,Puducherry,2017,103.0,"RBI Handbook of Statistics on Indian States, Table 9: State-wise Unemployment Rate, Usual Status Adjusted (Urban Overall)",https://www.rbi.org.in/Scripts/AnnualPublications.aspx?head=Handbook+of+Statistics+on+Indian+States,2017-18,NSO (NSSO EUS / PLFS),,2026-08-06
unemployment-rate-urban,Puducherry,2018,60.0,"RBI Handbook of Statistics on Indian States, Table 9: State-wise Unemployment Rate, Usual Status Adjusted (Urban Overall)",https://www.rbi.org.in/Scripts/AnnualPublications.aspx?head=Handbook+of+Statistics+on+Indian+States,2018-19,NSO (NSSO EUS / PLFS),,2026-08-06
unemployment-rate-urban,Puducherry,2019,76.0,"RBI Handbook of Statistics on Indian States, Table 9: State-wise Unemployment Rate, Usual Status Adjusted (Urban Overall)",https://www.rbi.org.in/Scripts/AnnualPublications.aspx?head=Handbook+of+Statistics+on+Indian+States,2019-20,NSO (NSSO EUS / PLFS),,2026-08-06
unemployment-rate-urban,Puducherry,2020,72.0,"RBI Handbook of Statistics on Indian States, Table 9: State-wise Unemployment Rate, Usual Status Adjusted (Urban Overall)",https://www.rbi.org.in/Scripts/AnnualPublications.aspx?head=Handbook+of+Statistics+on+Indian+States,2020-21,NSO (NSSO EUS / PLFS),,2026-08-06
unemployment-rate-urban,Puducherry,2021,45.0,"RBI Handbook of Statistics on Indian States, Table 9: State-wise Unemployment Rate, Usual Status Adjusted (Urban Overall)",https://www.rbi.org.in/Scripts/AnnualPublications.aspx?head=Handbook+of+Statistics+on+Indian+States,2021-22,NSO (NSSO EUS / PLFS),,2026-08-06
unemployment-rate-urban,Puducherry,2022,54.0,"RBI Handbook of Statistics on Indian States, Table 9: State-wise Unemployment Rate, Usual Status Adjusted (Urban Overall)",https://www.rbi.org.in/Scripts/AnnualPublications.aspx?head=Handbook+of+Statistics+on+Indian+States,2022-23,NSO (NSSO EUS / PLFS),,2026-08-06
unemployment-rate-urban,Puducherry,2023,65.0,"RBI Handbook of Statistics on Indian States, Table 9: State-wise Unemployment Rate, Usual Status Adjusted (Urban Overall)",https://www.rbi.org.in/Scripts/AnnualPublications.aspx?head=Handbook+of+Statistics+on+Indian+States,2023-24,NSO (NSSO EUS / PLFS),,2026-08-06
unemployment-rate-urban,India,1993,45.0,"RBI Handbook of Statistics on Indian States, Table 9: State-wise Unemployment Rate, Usual Status Adjusted (Urban Overall)",https://www.rbi.org.in/Scripts/AnnualPublications.aspx?head=Handbook+of+Statistics+on+Indian+States,1993-94,NSO (NSSO EUS / PLFS),,2026-08-06
unemployment-rate-urban,India,1999,47.0,"RBI Handbook of Statistics on Indian States, Table 9: State-wise Unemployment Rate, Usual Status Adjusted (Urban Overall)",https://www.rbi.org.in/Scripts/AnnualPublications.aspx?head=Handbook+of+Statistics+on+Indian+States,1999-00,NSO (NSSO EUS / PLFS),,2026-08-06
unemployment-rate-urban,India,2004,45.0,"RBI Handbook of Statistics on Indian States, Table 9: State-wise Unemployment Rate, Usual Status Adjusted (Urban Overall)",https://www.rbi.org.in/Scripts/AnnualPublications.aspx?head=Handbook+of+Statistics+on+Indian+States,2004-05,NSO (NSSO EUS / PLFS),,2026-08-06
unemployment-rate-urban,India,2009,34.0,"RBI Handbook of Statistics on Indian States, Table 9: State-wise Unemployment Rate, Usual Status Adjusted (Urban Overall)",https://www.rbi.org.in/Scripts/AnnualPublications.aspx?head=Handbook+of+Statistics+on+Indian+States,2009-10,NSO (NSSO EUS / PLFS),,2026-08-06
unemployment-rate-urban,India,2011,34.0,"RBI Handbook of Statistics on Indian States, Table 9: State-wise Unemployment Rate, Usual Status Adjusted (Urban Overall)",https://www.rbi.org.in/Scripts/AnnualPublications.aspx?head=Handbook+of+Statistics+on+Indian+States,2011-12,NSO (NSSO EUS / PLFS),,2026-08-06
unemployment-rate-urban,India,2017,78.0,"RBI Handbook of Statistics on Indian States, Table 9: State-wise Unemployment Rate, Usual Status Adjusted (Urban Overall)",https://www.rbi.org.in/Scripts/AnnualPublications.aspx?head=Handbook+of+Statistics+on+Indian+States,2017-18,NSO (NSSO EUS / PLFS),,2026-08-06
unemployment-rate-urban,India,2018,77.0,"RBI Handbook of Statistics on Indian States, Table 9: State-wise Unemployment Rate, Usual Status Adjusted (Urban Overall)",https://www.rbi.org.in/Scripts/AnnualPublications.aspx?head=Handbook+of+Statistics+on+Indian+States,2018-19,NSO (NSSO EUS / PLFS),,2026-08-06
unemployment-rate-urban,India,2019,70.0,"RBI Handbook of Statistics on Indian States, Table 9: State-wise Unemployment Rate, Usual Status Adjusted (Urban Overall)",https://www.rbi.org.in/Scripts/AnnualPublications.aspx?head=Handbook+of+Statistics+on+Indian+States,2019-20,NSO (NSSO EUS / PLFS),,2026-08-06
unemployment-rate-urban,India,2020,67.0,"RBI Handbook of Statistics on Indian States, Table 9: State-wise Unemployment Rate, Usual Status Adjusted (Urban Overall)",https://www.rbi.org.in/Scripts/AnnualPublications.aspx?head=Handbook+of+Statistics+on+Indian+States,2020-21,NSO (NSSO EUS / PLFS),,2026-08-06
unemployment-rate-urban,India,2021,63.0,"RBI Handbook of Statistics on Indian States, Table 9: State-wise Unemployment Rate, Usual Status Adjusted (Urban Overall)",https://www.rbi.org.in/Scripts/AnnualPublications.aspx?head=Handbook+of+Statistics+on+Indian+States,2021-22,NSO (NSSO EUS / PLFS),,2026-08-06
unemployment-rate-urban,India,2022,54.0,"RBI Handbook of Statistics on Indian States, Table 9: State-wise Unemployment Rate, Usual Status Adjusted (Urban Overall)",https://www.rbi.org.in/Scripts/AnnualPublications.aspx?head=Handbook+of+Statistics+on+Indian+States,2022-23,NSO (NSSO EUS / PLFS),,2026-08-06
unemployment-rate-urban,India,2023,51.0,"RBI Handbook of Statistics on Indian States, Table 9: State-wise Unemployment Rate, Usual Status Adjusted (Urban Overall)",https://www.rbi.org.in/Scripts/AnnualPublications.aspx?head=Handbook+of+Statistics+on+Indian+States,2023-24,NSO (NSSO EUS / PLFS),,2026-08-06
ger-secondary,Andaman and Nicobar Islands,2022,94.3,"RBI Handbook of Statistics on Indian States, Table 1: State-wise Gross Enrolment Ratio 2022-23",https://www.rbi.org.in/Scripts/AnnualPublications.aspx?head=Handbook+of+Statistics+on+Indian+States,UDISE+ 2022-23,Ministry of Education (UDISE+),NEP 2020 stage: Secondary covers Classes IX to XII (total).,2026-08-06
ger-secondary,Andhra Pradesh,2022,74.0,"RBI Handbook of Statistics on Indian States, Table 1: State-wise Gross Enrolment Ratio 2022-23",https://www.rbi.org.in/Scripts/AnnualPublications.aspx?head=Handbook+of+Statistics+on+Indian+States,UDISE+ 2022-23,Ministry of Education (UDISE+),NEP 2020 stage: Secondary covers Classes IX to XII (total).,2026-08-06
ger-secondary,Arunachal Pradesh,2022,60.6,"RBI Handbook of Statistics on Indian States, Table 1: State-wise Gross Enrolment Ratio 2022-23",https://www.rbi.org.in/Scripts/AnnualPublications.aspx?head=Handbook+of+Statistics+on+Indian+States,UDISE+ 2022-23,Ministry of Education (UDISE+),NEP 2020 stage: Secondary covers Classes IX to XII (total).,2026-08-06
ger-secondary,Assam,2022,55.9,"RBI Handbook of Statistics on Indian States, Table 1: State-wise Gross Enrolment Ratio 2022-23",https://www.rbi.org.in/Scripts/AnnualPublications.aspx?head=Handbook+of+Statistics+on+Indian+States,UDISE+ 2022-23,Ministry of Education (UDISE+),NEP 2020 stage: Secondary covers Classes IX to XII (total).,2026-08-06
ger-secondary,Bihar,2022,46.0,"RBI Handbook of Statistics on Indian States, Table 1: State-wise Gross Enrolment Ratio 2022-23",https://www.rbi.org.in/Scripts/AnnualPublications.aspx?head=Handbook+of+Statistics+on+Indian+States,UDISE+ 2022-23,Ministry of Education (UDISE+),NEP 2020 stage: Secondary covers Classes IX to XII (total).,2026-08-06
ger-secondary,Chandigarh,2022,115.5,"RBI Handbook of Statistics on Indian States, Table 1: State-wise Gross Enrolment Ratio 2022-23",https://www.rbi.org.in/Scripts/AnnualPublications.aspx?head=Handbook+of+Statistics+on+Indian+States,UDISE+ 2022-23,Ministry of Education (UDISE+),NEP 2020 stage: Secondary covers Classes IX to XII (total).,2026-08-06
ger-secondary,Chhattisgarh,2022,68.1,"RBI Handbook of Statistics on Indian States, Table 1: State-wise Gross Enrolment Ratio 2022-23",https://www.rbi.org.in/Scripts/AnnualPublications.aspx?head=Handbook+of+Statistics+on+Indian+States,UDISE+ 2022-23,Ministry of Education (UDISE+),NEP 2020 stage: Secondary covers Classes IX to XII (total).,2026-08-06
ger-secondary,Dadra and Nagar Haveli and Daman and Diu,2022,80.0,"RBI Handbook of Statistics on Indian States, Table 1: State-wise Gross Enrolment Ratio 2022-23",https://www.rbi.org.in/Scripts/AnnualPublications.aspx?head=Handbook+of+Statistics+on+Indian+States,UDISE+ 2022-23,Ministry of Education (UDISE+),NEP 2020 stage: Secondary covers Classes IX to XII (total).,2026-08-06
ger-secondary,Delhi,2022,97.3,"RBI Handbook of Statistics on Indian States, Table 1: State-wise Gross Enrolment Ratio 2022-23",https://www.rbi.org.in/Scripts/AnnualPublications.aspx?head=Handbook+of+Statistics+on+Indian+States,UDISE+ 2022-23,Ministry of Education (UDISE+),NEP 2020 stage: Secondary covers Classes IX to XII (total).,2026-08-06
ger-secondary,Goa,2022,102.1,"RBI Handbook of Statistics on Indian States, Table 1: State-wise Gross Enrolment Ratio 2022-23",https://www.rbi.org.in/Scripts/AnnualPublications.aspx?head=Handbook+of+Statistics+on+Indian+States,UDISE+ 2022-23,Ministry of Education (UDISE+),NEP 2020 stage: Secondary covers Classes IX to XII (total).,2026-08-06
ger-secondary,Gujarat,2022,61.9,"RBI Handbook of Statistics on Indian States, Table 1: State-wise Gross Enrolment Ratio 2022-23",https://www.rbi.org.in/Scripts/AnnualPublications.aspx?head=Handbook+of+Statistics+on+Indian+States,UDISE+ 2022-23,Ministry of Education (UDISE+),NEP 2020 stage: Secondary covers Classes IX to XII (total).,2026-08-06
ger-secondary,Haryana,2022,81.7,"RBI Handbook of Statistics on Indian States, Table 1: State-wise Gross Enrolment Ratio 2022-23",https://www.rbi.org.in/Scripts/AnnualPublications.aspx?head=Handbook+of+Statistics+on+Indian+States,UDISE+ 2022-23,Ministry of Education (UDISE+),NEP 2020 stage: Secondary covers Classes IX to XII (total).,2026-08-06
ger-secondary,Himachal Pradesh,2022,93.2,"RBI Handbook of Statistics on Indian States, Table 1: State-wise Gross Enrolment Ratio 2022-23",https://www.rbi.org.in/Scripts/AnnualPublications.aspx?head=Handbook+of+Statistics+on+Indian+States,UDISE+ 2022-23,Ministry of Education (UDISE+),NEP 2020 stage: Secondary covers Classes IX to XII (total).,2026-08-06
ger-secondary,Jammu and Kashmir,2022,56.2,"RBI Handbook of Statistics on Indian States, Table 1: State-wise Gross Enrolment Ratio 2022-23",https://www.rbi.org.in/Scripts/AnnualPublications.aspx?head=Handbook+of+Statistics+on+Indian+States,UDISE+ 2022-23,Ministry of Education (UDISE+),NEP 2020 stage: Secondary covers Classes IX to XII (total).,2026-08-06
ger-secondary,Jharkhand,2022,49.5,"RBI Handbook of Statistics on Indian States, Table 1: State-wise Gross Enrolment Ratio 2022-23",https://www.rbi.org.in/Scripts/AnnualPublications.aspx?head=Handbook+of+Statistics+on+Indian+States,UDISE+ 2022-23,Ministry of Education (UDISE+),NEP 2020 stage: Secondary covers Classes IX to XII (total).,2026-08-06
ger-secondary,Karnataka,2022,80.8,"RBI Handbook of Statistics on Indian States, Table 1: State-wise Gross Enrolment Ratio 2022-23",https://www.rbi.org.in/Scripts/AnnualPublications.aspx?head=Handbook+of+Statistics+on+Indian+States,UDISE+ 2022-23,Ministry of Education (UDISE+),NEP 2020 stage: Secondary covers Classes IX to XII (total).,2026-08-06
ger-secondary,Kerala,2022,91.8,"RBI Handbook of Statistics on Indian States, Table 1: State-wise Gross Enrolment Ratio 2022-23",https://www.rbi.org.in/Scripts/AnnualPublications.aspx?head=Handbook+of+Statistics+on+Indian+States,UDISE+ 2022-23,Ministry of Education (UDISE+),NEP 2020 stage: Secondary covers Classes IX to XII (total).,2026-08-06
ger-secondary,Ladakh,2022,73.0,"RBI Handbook of Statistics on Indian States, Table 1: State-wise Gross Enrolment Ratio 2022-23",https://www.rbi.org.in/Scripts/AnnualPublications.aspx?head=Handbook+of+Statistics+on+Indian+States,UDISE+ 2022-23,Ministry of Education (UDISE+),NEP 2020 stage: Secondary covers Classes IX to XII (total).,2026-08-06
ger-secondary,Lakshadweep,2022,71.8,"RBI Handbook of Statistics on Indian States, Table 1: State-wise Gross Enrolment Ratio 2022-23",https://www.rbi.org.in/Scripts/AnnualPublications.aspx?head=Handbook+of+Statistics+on+Indian+States,UDISE+ 2022-23,Ministry of Education (UDISE+),NEP 2020 stage: Secondary covers Classes IX to XII (total).,2026-08-06
ger-secondary,Madhya Pradesh,2022,57.9,"RBI Handbook of Statistics on Indian States, Table 1: State-wise Gross Enrolment Ratio 2022-23",https://www.rbi.org.in/Scripts/AnnualPublications.aspx?head=Handbook+of+Statistics+on+Indian+States,UDISE+ 2022-23,Ministry of Education (UDISE+),NEP 2020 stage: Secondary covers Classes IX to XII (total).,2026-08-06
ger-secondary,Maharashtra,2022,78.9,"RBI Handbook of Statistics on Indian States, Table 1: State-wise Gross Enrolment Ratio 2022-23",https://www.rbi.org.in/Scripts/AnnualPublications.aspx?head=Handbook+of+Statistics+on+Indian+States,UDISE+ 2022-23,Ministry of Education (UDISE+),NEP 2020 stage: Secondary covers Classes IX to XII (total).,2026-08-06
ger-secondary,Manipur,2022,70.8,"RBI Handbook of Statistics on Indian States, Table 1: State-wise Gross Enrolment Ratio 2022-23",https://www.rbi.org.in/Scripts/AnnualPublications.aspx?head=Handbook+of+Statistics+on+Indian+States,UDISE+ 2022-23,Ministry of Education (UDISE+),NEP 2020 stage: Secondary covers Classes IX to XII (total).,2026-08-06
ger-secondary,Meghalaya,2022,62.7,"RBI Handbook of Statistics on Indian States, Table 1: State-wise Gross Enrolment Ratio 2022-23",https://www.rbi.org.in/Scripts/AnnualPublications.aspx?head=Handbook+of+Statistics+on+Indian+States,UDISE+ 2022-23,Ministry of Education (UDISE+),NEP 2020 stage: Secondary covers Classes IX to XII (total).,2026-08-06
ger-secondary,Mizoram,2022,73.7,"RBI Handbook of Statistics on Indian States, Table 1: State-wise Gross Enrolment Ratio 2022-23",https://www.rbi.org.in/Scripts/AnnualPublications.aspx?head=Handbook+of+Statistics+on+Indian+States,UDISE+ 2022-23,Ministry of Education (UDISE+),NEP 2020 stage: Secondary covers Classes IX to XII (total).,2026-08-06
ger-secondary,Nagaland,2022,47.8,"RBI Handbook of Statistics on Indian States, Table 1: State-wise Gross Enrolment Ratio 2022-23",https://www.rbi.org.in/Scripts/AnnualPublications.aspx?head=Handbook+of+Statistics+on+Indian+States,UDISE+ 2022-23,Ministry of Education (UDISE+),NEP 2020 stage: Secondary covers Classes IX to XII (total).,2026-08-06
ger-secondary,Odisha,2022,66.8,"RBI Handbook of Statistics on Indian States, Table 1: State-wise Gross Enrolment Ratio 2022-23",https://www.rbi.org.in/Scripts/AnnualPublications.aspx?head=Handbook+of+Statistics+on+Indian+States,UDISE+ 2022-23,Ministry of Education (UDISE+),NEP 2020 stage: Secondary covers Classes IX to XII (total).,2026-08-06
ger-secondary,Puducherry,2022,97.6,"RBI Handbook of Statistics on Indian States, Table 1: State-wise Gross Enrolment Ratio 2022-23",https://www.rbi.org.in/Scripts/AnnualPublications.aspx?head=Handbook+of+Statistics+on+Indian+States,UDISE+ 2022-23,Ministry of Education (UDISE+),NEP 2020 stage: Secondary covers Classes IX to XII (total).,2026-08-06
ger-secondary,Punjab,2022,85.6,"RBI Handbook of Statistics on Indian States, Table 1: State-wise Gross Enrolment Ratio 2022-23",https://www.rbi.org.in/Scripts/AnnualPublications.aspx?head=Handbook+of+Statistics+on+Indian+States,UDISE+ 2022-23,Ministry of Education (UDISE+),NEP 2020 stage: Secondary covers Classes IX to XII (total).,2026-08-06
ger-secondary,Rajasthan,2022,72.9,"RBI Handbook of Statistics on Indian States, Table 1: State-wise Gross Enrolment Ratio 2022-23",https://www.rbi.org.in/Scripts/AnnualPublications.aspx?head=Handbook+of+Statistics+on+Indian+States,UDISE+ 2022-23,Ministry of Education (UDISE+),NEP 2020 stage: Secondary covers Classes IX to XII (total).,2026-08-06
ger-secondary,Sikkim,2022,71.7,"RBI Handbook of Statistics on Indian States, Table 1: State-wise Gross Enrolment Ratio 2022-23",https://www.rbi.org.in/Scripts/AnnualPublications.aspx?head=Handbook+of+Statistics+on+Indian+States,UDISE+ 2022-23,Ministry of Education (UDISE+),NEP 2020 stage: Secondary covers Classes IX to XII (total).,2026-08-06
ger-secondary,Tamil Nadu,2022,87.2,"RBI Handbook of Statistics on Indian States, Table 1: State-wise Gross Enrolment Ratio 2022-23",https://www.rbi.org.in/Scripts/AnnualPublications.aspx?head=Handbook+of+Statistics+on+Indian+States,UDISE+ 2022-23,Ministry of Education (UDISE+),NEP 2020 stage: Secondary covers Classes IX to XII (total).,2026-08-06
ger-secondary,Telangana,2022,83.7,"RBI Handbook of Statistics on Indian States, Table 1: State-wise Gross Enrolment Ratio 2022-23",https://www.rbi.org.in/Scripts/AnnualPublications.aspx?head=Handbook+of+Statistics+on+Indian+States,UDISE+ 2022-23,Ministry of Education (UDISE+),NEP 2020 stage: Secondary covers Classes IX to XII (total).,2026-08-06
ger-secondary,Tripura,2022,67.8,"RBI Handbook of Statistics on Indian States, Table 1: State-wise Gross Enrolment Ratio 2022-23",https://www.rbi.org.in/Scripts/AnnualPublications.aspx?head=Handbook+of+Statistics+on+Indian+States,UDISE+ 2022-23,Ministry of Education (UDISE+),NEP 2020 stage: Secondary covers Classes IX to XII (total).,2026-08-06
ger-secondary,Uttar Pradesh,2022,58.9,"RBI Handbook of Statistics on Indian States, Table 1: State-wise Gross Enrolment Ratio 2022-23",https://www.rbi.org.in/Scripts/AnnualPublications.aspx?head=Handbook+of+Statistics+on+Indian+States,UDISE+ 2022-23,Ministry of Education (UDISE+),NEP 2020 stage: Secondary covers Classes IX to XII (total).,2026-08-06
ger-secondary,Uttarakhand,2022,85.5,"RBI Handbook of Statistics on Indian States, Table 1: State-wise Gross Enrolment Ratio 2022-23",https://www.rbi.org.in/Scripts/AnnualPublications.aspx?head=Handbook+of+Statistics+on+Indian+States,UDISE+ 2022-23,Ministry of Education (UDISE+),NEP 2020 stage: Secondary covers Classes IX to XII (total).,2026-08-06
ger-secondary,West Bengal,2022,81.2,"RBI Handbook of Statistics on Indian States, Table 1: State-wise Gross Enrolment Ratio 2022-23",https://www.rbi.org.in/Scripts/AnnualPublications.aspx?head=Handbook+of+Statistics+on+Indian+States,UDISE+ 2022-23,Ministry of Education (UDISE+),NEP 2020 stage: Secondary covers Classes IX to XII (total).,2026-08-06
ger-secondary,India,2022,67.6,"RBI Handbook of Statistics on Indian States, Table 1: State-wise Gross Enrolment Ratio 2022-23",https://www.rbi.org.in/Scripts/AnnualPublications.aspx?head=Handbook+of+Statistics+on+Indian+States,UDISE+ 2022-23,Ministry of Education (UDISE+),NEP 2020 stage: Secondary covers Classes IX to XII (total).,2026-08-06
ger-secondary,Andaman and Nicobar Islands,2023,88.6,"RBI Handbook of Statistics on Indian States, Table 1: State-wise Gross Enrolment Ratio 2023-24",https://www.rbi.org.in/Scripts/AnnualPublications.aspx?head=Handbook+of+Statistics+on+Indian+States,UDISE+ 2023-24,Ministry of Education (UDISE+),NEP 2020 stage: Secondary covers Classes IX to XII (total).,2026-08-06
ger-secondary,Andhra Pradesh,2023,79.2,"RBI Handbook of Statistics on Indian States, Table 1: State-wise Gross Enrolment Ratio 2023-24",https://www.rbi.org.in/Scripts/AnnualPublications.aspx?head=Handbook+of+Statistics+on+Indian+States,UDISE+ 2023-24,Ministry of Education (UDISE+),NEP 2020 stage: Secondary covers Classes IX to XII (total).,2026-08-06
ger-secondary,Arunachal Pradesh,2023,57.0,"RBI Handbook of Statistics on Indian States, Table 1: State-wise Gross Enrolment Ratio 2023-24",https://www.rbi.org.in/Scripts/AnnualPublications.aspx?head=Handbook+of+Statistics+on+Indian+States,UDISE+ 2023-24,Ministry of Education (UDISE+),NEP 2020 stage: Secondary covers Classes IX to XII (total).,2026-08-06
ger-secondary,Assam,2023,56.3,"RBI Handbook of Statistics on Indian States, Table 1: State-wise Gross Enrolment Ratio 2023-24",https://www.rbi.org.in/Scripts/AnnualPublications.aspx?head=Handbook+of+Statistics+on+Indian+States,UDISE+ 2023-24,Ministry of Education (UDISE+),NEP 2020 stage: Secondary covers Classes IX to XII (total).,2026-08-06
ger-secondary,Bihar,2023,37.8,"RBI Handbook of Statistics on Indian States, Table 1: State-wise Gross Enrolment Ratio 2023-24",https://www.rbi.org.in/Scripts/AnnualPublications.aspx?head=Handbook+of+Statistics+on+Indian+States,UDISE+ 2023-24,Ministry of Education (UDISE+),NEP 2020 stage: Secondary covers Classes IX to XII (total).,2026-08-06
ger-secondary,Chandigarh,2023,109.5,"RBI Handbook of Statistics on Indian States, Table 1: State-wise Gross Enrolment Ratio 2023-24",https://www.rbi.org.in/Scripts/AnnualPublications.aspx?head=Handbook+of+Statistics+on+Indian+States,UDISE+ 2023-24,Ministry of Education (UDISE+),NEP 2020 stage: Secondary covers Classes IX to XII (total).,2026-08-06
ger-secondary,Chhattisgarh,2023,64.1,"RBI Handbook of Statistics on Indian States, Table 1: State-wise Gross Enrolment Ratio 2023-24",https://www.rbi.org.in/Scripts/AnnualPublications.aspx?head=Handbook+of+Statistics+on+Indian+States,UDISE+ 2023-24,Ministry of Education (UDISE+),NEP 2020 stage: Secondary covers Classes IX to XII (total).,2026-08-06
ger-secondary,Dadra and Nagar Haveli and Daman and Diu,2023,79.2,"RBI Handbook of Statistics on Indian States, Table 1: State-wise Gross Enrolment Ratio 2023-24",https://www.rbi.org.in/Scripts/AnnualPublications.aspx?head=Handbook+of+Statistics+on+Indian+States,UDISE+ 2023-24,Ministry of Education (UDISE+),NEP 2020 stage: Secondary covers Classes IX to XII (total).,2026-08-06
ger-secondary,Delhi,2023,91.0,"RBI Handbook of Statistics on Indian States, Table 1: State-wise Gross Enrolment Ratio 2023-24",https://www.rbi.org.in/Scripts/AnnualPublications.aspx?head=Handbook+of+Statistics+on+Indian+States,UDISE+ 2023-24,Ministry of Education (UDISE+),NEP 2020 stage: Secondary covers Classes IX to XII (total).,2026-08-06
ger-secondary,Goa,2023,100.3,"RBI Handbook of Statistics on Indian States, Table 1: State-wise Gross Enrolment Ratio 2023-24",https://www.rbi.org.in/Scripts/AnnualPublications.aspx?head=Handbook+of+Statistics+on+Indian+States,UDISE+ 2023-24,Ministry of Education (UDISE+),NEP 2020 stage: Secondary covers Classes IX to XII (total).,2026-08-06
ger-secondary,Gujarat,2023,58.7,"RBI Handbook of Statistics on Indian States, Table 1: State-wise Gross Enrolment Ratio 2023-24",https://www.rbi.org.in/Scripts/AnnualPublications.aspx?head=Handbook+of+Statistics+on+Indian+States,UDISE+ 2023-24,Ministry of Education (UDISE+),NEP 2020 stage: Secondary covers Classes IX to XII (total).,2026-08-06
ger-secondary,Haryana,2023,77.0,"RBI Handbook of Statistics on Indian States, Table 1: State-wise Gross Enrolment Ratio 2023-24",https://www.rbi.org.in/Scripts/AnnualPublications.aspx?head=Handbook+of+Statistics+on+Indian+States,UDISE+ 2023-24,Ministry of Education (UDISE+),NEP 2020 stage: Secondary covers Classes IX to XII (total).,2026-08-06
ger-secondary,Himachal Pradesh,2023,90.7,"RBI Handbook of Statistics on Indian States, Table 1: State-wise Gross Enrolment Ratio 2023-24",https://www.rbi.org.in/Scripts/AnnualPublications.aspx?head=Handbook+of+Statistics+on+Indian+States,UDISE+ 2023-24,Ministry of Education (UDISE+),NEP 2020 stage: Secondary covers Classes IX to XII (total).,2026-08-06
ger-secondary,Jammu and Kashmir,2023,53.7,"RBI Handbook of Statistics on Indian States, Table 1: State-wise Gross Enrolment Ratio 2023-24",https://www.rbi.org.in/Scripts/AnnualPublications.aspx?head=Handbook+of+Statistics+on+Indian+States,UDISE+ 2023-24,Ministry of Education (UDISE+),NEP 2020 stage: Secondary covers Classes IX to XII (total).,2026-08-06
ger-secondary,Jharkhand,2023,51.1,"RBI Handbook of Statistics on Indian States, Table 1: State-wise Gross Enrolment Ratio 2023-24",https://www.rbi.org.in/Scripts/AnnualPublications.aspx?head=Handbook+of+Statistics+on+Indian+States,UDISE+ 2023-24,Ministry of Education (UDISE+),NEP 2020 stage: Secondary covers Classes IX to XII (total).,2026-08-06
ger-secondary,Karnataka,2023,79.0,"RBI Handbook of Statistics on Indian States, Table 1: State-wise Gross Enrolment Ratio 2023-24",https://www.rbi.org.in/Scripts/AnnualPublications.aspx?head=Handbook+of+Statistics+on+Indian+States,UDISE+ 2023-24,Ministry of Education (UDISE+),NEP 2020 stage: Secondary covers Classes IX to XII (total).,2026-08-06
ger-secondary,Kerala,2023,93.0,"RBI Handbook of Statistics on Indian States, Table 1: State-wise Gross Enrolment Ratio 2023-24",https://www.rbi.org.in/Scripts/AnnualPublications.aspx?head=Handbook+of+Statistics+on+Indian+States,UDISE+ 2023-24,Ministry of Education (UDISE+),NEP 2020 stage: Secondary covers Classes IX to XII (total).,2026-08-06
ger-secondary,Ladakh,2023,66.0,"RBI Handbook of Statistics on Indian States, Table 1: State-wise Gross Enrolment Ratio 2023-24",https://www.rbi.org.in/Scripts/AnnualPublications.aspx?head=Handbook+of+Statistics+on+Indian+States,UDISE+ 2023-24,Ministry of Education (UDISE+),NEP 2020 stage: Secondary covers Classes IX to XII (total).,2026-08-06
ger-secondary,Lakshadweep,2023,72.1,"RBI Handbook of Statistics on Indian States, Table 1: State-wise Gross Enrolment Ratio 2023-24",https://www.rbi.org.in/Scripts/AnnualPublications.aspx?head=Handbook+of+Statistics+on+Indian+States,UDISE+ 2023-24,Ministry of Education (UDISE+),NEP 2020 stage: Secondary covers Classes IX to XII (total).,2026-08-06
ger-secondary,Madhya Pradesh,2023,55.5,"RBI Handbook of Statistics on Indian States, Table 1: State-wise Gross Enrolment Ratio 2023-24",https://www.rbi.org.in/Scripts/AnnualPublications.aspx?head=Handbook+of+Statistics+on+Indian+States,UDISE+ 2023-24,Ministry of Education (UDISE+),NEP 2020 stage: Secondary covers Classes IX to XII (total).,2026-08-06
ger-secondary,Maharashtra,2023,80.7,"RBI Handbook of Statistics on Indian States, Table 1: State-wise Gross Enrolment Ratio 2023-24",https://www.rbi.org.in/Scripts/AnnualPublications.aspx?head=Handbook+of+Statistics+on+Indian+States,UDISE+ 2023-24,Ministry of Education (UDISE+),NEP 2020 stage: Secondary covers Classes IX to XII (total).,2026-08-06
ger-secondary,Manipur,2023,66.1,"RBI Handbook of Statistics on Indian States, Table 1: State-wise Gross Enrolment Ratio 2023-24",https://www.rbi.org.in/Scripts/AnnualPublications.aspx?head=Handbook+of+Statistics+on+Indian+States,UDISE+ 2023-24,Ministry of Education (UDISE+),NEP 2020 stage: Secondary covers Classes IX to XII (total).,2026-08-06
ger-secondary,Meghalaya,2023,61.7,"RBI Handbook of Statistics on Indian States, Table 1: State-wise Gross Enrolment Ratio 2023-24",https://www.rbi.org.in/Scripts/AnnualPublications.aspx?head=Handbook+of+Statistics+on+Indian+States,UDISE+ 2023-24,Ministry of Education (UDISE+),NEP 2020 stage: Secondary covers Classes IX to XII (total).,2026-08-06
ger-secondary,Mizoram,2023,74.5,"RBI Handbook of Statistics on Indian States, Table 1: State-wise Gross Enrolment Ratio 2023-24",https://www.rbi.org.in/Scripts/AnnualPublications.aspx?head=Handbook+of+Statistics+on+Indian+States,UDISE+ 2023-24,Ministry of Education (UDISE+),NEP 2020 stage: Secondary covers Classes IX to XII (total).,2026-08-06
ger-secondary,Nagaland,2023,50.0,"RBI Handbook of Statistics on Indian States, Table 1: State-wise Gross Enrolment Ratio 2023-24",https://www.rbi.org.in/Scripts/AnnualPublications.aspx?head=Handbook+of+Statistics+on+Indian+States,UDISE+ 2023-24,Ministry of Education (UDISE+),NEP 2020 stage: Secondary covers Classes IX to XII (total).,2026-08-06
ger-secondary,Odisha,2023,70.2,"RBI Handbook of Statistics on Indian States, Table 1: State-wise Gross Enrolment Ratio 2023-24",https://www.rbi.org.in/Scripts/AnnualPublications.aspx?head=Handbook+of+Statistics+on+Indian+States,UDISE+ 2023-24,Ministry of Education (UDISE+),NEP 2020 stage: Secondary covers Classes IX to XII (total).,2026-08-06
ger-secondary,Puducherry,2023,96.4,"RBI Handbook of Statistics on Indian States, Table 1: State-wise Gross Enrolment Ratio 2023-24",https://www.rbi.org.in/Scripts/AnnualPublications.aspx?head=Handbook+of+Statistics+on+Indian+States,UDISE+ 2023-24,Ministry of Education (UDISE+),NEP 2020 stage: Secondary covers Classes IX to XII (total).,2026-08-06
ger-secondary,Punjab,2023,85.5,"RBI Handbook of Statistics on Indian States, Table 1: State-wise Gross Enrolment Ratio 2023-24",https://www.rbi.org.in/Scripts/AnnualPublications.aspx?head=Handbook+of+Statistics+on+Indian+States,UDISE+ 2023-24,Ministry of Education (UDISE+),NEP 2020 stage: Secondary covers Classes IX to XII (total).,2026-08-06
ger-secondary,Rajasthan,2023,71.1,"RBI Handbook of Statistics on Indian States, Table 1: State-wise Gross Enrolment Ratio 2023-24",https://www.rbi.org.in/Scripts/AnnualPublications.aspx?head=Handbook+of+Statistics+on+Indian+States,UDISE+ 2023-24,Ministry of Education (UDISE+),NEP 2020 stage: Secondary covers Classes IX to XII (total).,2026-08-06
ger-secondary,Sikkim,2023,65.2,"RBI Handbook of Statistics on Indian States, Table 1: State-wise Gross Enrolment Ratio 2023-24",https://www.rbi.org.in/Scripts/AnnualPublications.aspx?head=Handbook+of+Statistics+on+Indian+States,UDISE+ 2023-24,Ministry of Education (UDISE+),NEP 2020 stage: Secondary covers Classes IX to XII (total).,2026-08-06
ger-secondary,Tamil Nadu,2023,89.5,"RBI Handbook of Statistics on Indian States, Table 1: State-wise Gross Enrolment Ratio 2023-24",https://www.rbi.org.in/Scripts/AnnualPublications.aspx?head=Handbook+of+Statistics+on+Indian+States,UDISE+ 2023-24,Ministry of Education (UDISE+),NEP 2020 stage: Secondary covers Classes IX to XII (total).,2026-08-06
ger-secondary,Telangana,2023,83.1,"RBI Handbook of Statistics on Indian States, Table 1: State-wise Gross Enrolment Ratio 2023-24",https://www.rbi.org.in/Scripts/AnnualPublications.aspx?head=Handbook+of+Statistics+on+Indian+States,UDISE+ 2023-24,Ministry of Education (UDISE+),NEP 2020 stage: Secondary covers Classes IX to XII (total).,2026-08-06
ger-secondary,Tripura,2023,67.2,"RBI Handbook of Statistics on Indian States, Table 1: State-wise Gross Enrolment Ratio 2023-24",https://www.rbi.org.in/Scripts/AnnualPublications.aspx?head=Handbook+of+Statistics+on+Indian+States,UDISE+ 2023-24,Ministry of Education (UDISE+),NEP 2020 stage: Secondary covers Classes IX to XII (total).,2026-08-06
ger-secondary,Uttar Pradesh,2023,58.5,"RBI Handbook of Statistics on Indian States, Table 1: State-wise Gross Enrolment Ratio 2023-24",https://www.rbi.org.in/Scripts/AnnualPublications.aspx?head=Handbook+of+Statistics+on+Indian+States,UDISE+ 2023-24,Ministry of Education (UDISE+),NEP 2020 stage: Secondary covers Classes IX to XII (total).,2026-08-06
ger-secondary,Uttarakhand,2023,83.2,"RBI Handbook of Statistics on Indian States, Table 1: State-wise Gross Enrolment Ratio 2023-24",https://www.rbi.org.in/Scripts/AnnualPublications.aspx?head=Handbook+of+Statistics+on+Indian+States,UDISE+ 2023-24,Ministry of Education (UDISE+),NEP 2020 stage: Secondary covers Classes IX to XII (total).,2026-08-06
ger-secondary,West Bengal,2023,83.4,"RBI Handbook of Statistics on Indian States, Table 1: State-wise Gross Enrolment Ratio 2023-24",https://www.rbi.org.in/Scripts/AnnualPublications.aspx?head=Handbook+of+Statistics+on+Indian+States,UDISE+ 2023-24,Ministry of Education (UDISE+),NEP 2020 stage: Secondary covers Classes IX to XII (total).,2026-08-06
ger-secondary,India,2023,66.5,"RBI Handbook of Statistics on Indian States, Table 1: State-wise Gross Enrolment Ratio 2023-24",https://www.rbi.org.in/Scripts/AnnualPublications.aspx?head=Handbook+of+Statistics+on+Indian+States,UDISE+ 2023-24,Ministry of Education (UDISE+),NEP 2020 stage: Secondary covers Classes IX to XII (total).,2026-08-06
ger-secondary,Andaman and Nicobar Islands,2024,89.1,"RBI Handbook of Statistics on Indian States, Table 1: State-wise Gross Enrolment Ratio 2024-25",https://www.rbi.org.in/Scripts/AnnualPublications.aspx?head=Handbook+of+Statistics+on+Indian+States,UDISE+ 2024-25,Ministry of Education (UDISE+),NEP 2020 stage: Secondary covers Classes IX to XII (total).,2026-08-06
ger-secondary,Andhra Pradesh,2024,78.5,"RBI Handbook of Statistics on Indian States, Table 1: State-wise Gross Enrolment Ratio 2024-25",https://www.rbi.org.in/Scripts/AnnualPublications.aspx?head=Handbook+of+Statistics+on+Indian+States,UDISE+ 2024-25,Ministry of Education (UDISE+),NEP 2020 stage: Secondary covers Classes IX to XII (total).,2026-08-06
ger-secondary,Arunachal Pradesh,2024,56.7,"RBI Handbook of Statistics on Indian States, Table 1: State-wise Gross Enrolment Ratio 2024-25",https://www.rbi.org.in/Scripts/AnnualPublications.aspx?head=Handbook+of+Statistics+on+Indian+States,UDISE+ 2024-25,Ministry of Education (UDISE+),NEP 2020 stage: Secondary covers Classes IX to XII (total).,2026-08-06
ger-secondary,Assam,2024,61.5,"RBI Handbook of Statistics on Indian States, Table 1: State-wise Gross Enrolment Ratio 2024-25",https://www.rbi.org.in/Scripts/AnnualPublications.aspx?head=Handbook+of+Statistics+on+Indian+States,UDISE+ 2024-25,Ministry of Education (UDISE+),NEP 2020 stage: Secondary covers Classes IX to XII (total).,2026-08-06
ger-secondary,Bihar,2024,44.7,"RBI Handbook of Statistics on Indian States, Table 1: State-wise Gross Enrolment Ratio 2024-25",https://www.rbi.org.in/Scripts/AnnualPublications.aspx?head=Handbook+of+Statistics+on+Indian+States,UDISE+ 2024-25,Ministry of Education (UDISE+),NEP 2020 stage: Secondary covers Classes IX to XII (total).,2026-08-06
ger-secondary,Chandigarh,2024,108.7,"RBI Handbook of Statistics on Indian States, Table 1: State-wise Gross Enrolment Ratio 2024-25",https://www.rbi.org.in/Scripts/AnnualPublications.aspx?head=Handbook+of+Statistics+on+Indian+States,UDISE+ 2024-25,Ministry of Education (UDISE+),NEP 2020 stage: Secondary covers Classes IX to XII (total).,2026-08-06
ger-secondary,Chhattisgarh,2024,65.6,"RBI Handbook of Statistics on Indian States, Table 1: State-wise Gross Enrolment Ratio 2024-25",https://www.rbi.org.in/Scripts/AnnualPublications.aspx?head=Handbook+of+Statistics+on+Indian+States,UDISE+ 2024-25,Ministry of Education (UDISE+),NEP 2020 stage: Secondary covers Classes IX to XII (total).,2026-08-06
ger-secondary,Dadra and Nagar Haveli and Daman and Diu,2024,86.4,"RBI Handbook of Statistics on Indian States, Table 1: State-wise Gross Enrolment Ratio 2024-25",https://www.rbi.org.in/Scripts/AnnualPublications.aspx?head=Handbook+of+Statistics+on+Indian+States,UDISE+ 2024-25,Ministry of Education (UDISE+),NEP 2020 stage: Secondary covers Classes IX to XII (total).,2026-08-06
ger-secondary,Delhi,2024,91.7,"RBI Handbook of Statistics on Indian States, Table 1: State-wise Gross Enrolment Ratio 2024-25",https://www.rbi.org.in/Scripts/AnnualPublications.aspx?head=Handbook+of+Statistics+on+Indian+States,UDISE+ 2024-25,Ministry of Education (UDISE+),NEP 2020 stage: Secondary covers Classes IX to XII (total).,2026-08-06
ger-secondary,Goa,2024,100.8,"RBI Handbook of Statistics on Indian States, Table 1: State-wise Gross Enrolment Ratio 2024-25",https://www.rbi.org.in/Scripts/AnnualPublications.aspx?head=Handbook+of+Statistics+on+Indian+States,UDISE+ 2024-25,Ministry of Education (UDISE+),NEP 2020 stage: Secondary covers Classes IX to XII (total).,2026-08-06
ger-secondary,Gujarat,2024,61.0,"RBI Handbook of Statistics on Indian States, Table 1: State-wise Gross Enrolment Ratio 2024-25",https://www.rbi.org.in/Scripts/AnnualPublications.aspx?head=Handbook+of+Statistics+on+Indian+States,UDISE+ 2024-25,Ministry of Education (UDISE+),NEP 2020 stage: Secondary covers Classes IX to XII (total).,2026-08-06
ger-secondary,Haryana,2024,81.0,"RBI Handbook of Statistics on Indian States, Table 1: State-wise Gross Enrolment Ratio 2024-25",https://www.rbi.org.in/Scripts/AnnualPublications.aspx?head=Handbook+of+Statistics+on+Indian+States,UDISE+ 2024-25,Ministry of Education (UDISE+),NEP 2020 stage: Secondary covers Classes IX to XII (total).,2026-08-06
ger-secondary,Himachal Pradesh,2024,93.6,"RBI Handbook of Statistics on Indian States, Table 1: State-wise Gross Enrolment Ratio 2024-25",https://www.rbi.org.in/Scripts/AnnualPublications.aspx?head=Handbook+of+Statistics+on+Indian+States,UDISE+ 2024-25,Ministry of Education (UDISE+),NEP 2020 stage: Secondary covers Classes IX to XII (total).,2026-08-06
ger-secondary,Jammu and Kashmir,2024,55.2,"RBI Handbook of Statistics on Indian States, Table 1: State-wise Gross Enrolment Ratio 2024-25",https://www.rbi.org.in/Scripts/AnnualPublications.aspx?head=Handbook+of+Statistics+on+Indian+States,UDISE+ 2024-25,Ministry of Education (UDISE+),NEP 2020 stage: Secondary covers Classes IX to XII (total).,2026-08-06
ger-secondary,Jharkhand,2024,60.6,"RBI Handbook of Statistics on Indian States, Table 1: State-wise Gross Enrolment Ratio 2024-25",https://www.rbi.org.in/Scripts/AnnualPublications.aspx?head=Handbook+of+Statistics+on+Indian+States,UDISE+ 2024-25,Ministry of Education (UDISE+),NEP 2020 stage: Secondary covers Classes IX to XII (total).,2026-08-06
ger-secondary,Karnataka,2024,81.3,"RBI Handbook of Statistics on Indian States, Table 1: State-wise Gross Enrolment Ratio 2024-25",https://www.rbi.org.in/Scripts/AnnualPublications.aspx?head=Handbook+of+Statistics+on+Indian+States,UDISE+ 2024-25,Ministry of Education (UDISE+),NEP 2020 stage: Secondary covers Classes IX to XII (total).,2026-08-06
ger-secondary,Kerala,2024,94.1,"RBI Handbook of Statistics on Indian States, Table 1: State-wise Gross Enrolment Ratio 2024-25",https://www.rbi.org.in/Scripts/AnnualPublications.aspx?head=Handbook+of+Statistics+on+Indian+States,UDISE+ 2024-25,Ministry of Education (UDISE+),NEP 2020 stage: Secondary covers Classes IX to XII (total).,2026-08-06
ger-secondary,Ladakh,2024,70.4,"RBI Handbook of Statistics on Indian States, Table 1: State-wise Gross Enrolment Ratio 2024-25",https://www.rbi.org.in/Scripts/AnnualPublications.aspx?head=Handbook+of+Statistics+on+Indian+States,UDISE+ 2024-25,Ministry of Education (UDISE+),NEP 2020 stage: Secondary covers Classes IX to XII (total).,2026-08-06
ger-secondary,Lakshadweep,2024,65.3,"RBI Handbook of Statistics on Indian States, Table 1: State-wise Gross Enrolment Ratio 2024-25",https://www.rbi.org.in/Scripts/AnnualPublications.aspx?head=Handbook+of+Statistics+on+Indian+States,UDISE+ 2024-25,Ministry of Education (UDISE+),NEP 2020 stage: Secondary covers Classes IX to XII (total).,2026-08-06
ger-secondary,Madhya Pradesh,2024,56.7,"RBI Handbook of Statistics on Indian States, Table 1: State-wise Gross Enrolment Ratio 2024-25",https://www.rbi.org.in/Scripts/AnnualPublications.aspx?head=Handbook+of+Statistics+on+Indian+States,UDISE+ 2024-25,Ministry of Education (UDISE+),NEP 2020 stage: Secondary covers Classes IX to XII (total).,2026-08-06
ger-secondary,Maharashtra,2024,82.1,"RBI Handbook of Statistics on Indian States, Table 1: State-wise Gross Enrolment Ratio 2024-25",https://www.rbi.org.in/Scripts/AnnualPublications.aspx?head=Handbook+of+Statistics+on+Indian+States,UDISE+ 2024-25,Ministry of Education (UDISE+),NEP 2020 stage: Secondary covers Classes IX to XII (total).,2026-08-06
ger-secondary,Manipur,2024,68.7,"RBI Handbook of Statistics on Indian States, Table 1: State-wise Gross Enrolment Ratio 2024-25",https://www.rbi.org.in/Scripts/AnnualPublications.aspx?head=Handbook+of+Statistics+on+Indian+States,UDISE+ 2024-25,Ministry of Education (UDISE+),NEP 2020 stage: Secondary covers Classes IX to XII (total).,2026-08-06
ger-secondary,Meghalaya,2024,62.5,"RBI Handbook of Statistics on Indian States, Table 1: State-wise Gross Enrolment Ratio 2024-25",https://www.rbi.org.in/Scripts/AnnualPublications.aspx?head=Handbook+of+Statistics+on+Indian+States,UDISE+ 2024-25,Ministry of Education (UDISE+),NEP 2020 stage: Secondary covers Classes IX to XII (total).,2026-08-06
ger-secondary,Mizoram,2024,73.7,"RBI Handbook of Statistics on Indian States, Table 1: State-wise Gross Enrolment Ratio 2024-25",https://www.rbi.org.in/Scripts/AnnualPublications.aspx?head=Handbook+of+Statistics+on+Indian+States,UDISE+ 2024-25,Ministry of Education (UDISE+),NEP 2020 stage: Secondary covers Classes IX to XII (total).,2026-08-06
ger-secondary,Nagaland,2024,50.5,"RBI Handbook of Statistics on Indian States, Table 1: State-wise Gross Enrolment Ratio 2024-25",https://www.rbi.org.in/Scripts/AnnualPublications.aspx?head=Handbook+of+Statistics+on+Indian+States,UDISE+ 2024-25,Ministry of Education (UDISE+),NEP 2020 stage: Secondary covers Classes IX to XII (total).,2026-08-06
ger-secondary,Odisha,2024,72.3,"RBI Handbook of Statistics on Indian States, Table 1: State-wise Gross Enrolment Ratio 2024-25",https://www.rbi.org.in/Scripts/AnnualPublications.aspx?head=Handbook+of+Statistics+on+Indian+States,UDISE+ 2024-25,Ministry of Education (UDISE+),NEP 2020 stage: Secondary covers Classes IX to XII (total).,2026-08-06
ger-secondary,Puducherry,2024,96.9,"RBI Handbook of Statistics on Indian States, Table 1: State-wise Gross Enrolment Ratio 2024-25",https://www.rbi.org.in/Scripts/AnnualPublications.aspx?head=Handbook+of+Statistics+on+Indian+States,UDISE+ 2024-25,Ministry of Education (UDISE+),NEP 2020 stage: Secondary covers Classes IX to XII (total).,2026-08-06
ger-secondary,Punjab,2024,86.0,"RBI Handbook of Statistics on Indian States, Table 1: State-wise Gross Enrolment Ratio 2024-25",https://www.rbi.org.in/Scripts/AnnualPublications.aspx?head=Handbook+of+Statistics+on+Indian+States,UDISE+ 2024-25,Ministry of Education (UDISE+),NEP 2020 stage: Secondary covers Classes IX to XII (total).,2026-08-06
ger-secondary,Rajasthan,2024,74.2,"RBI Handbook of Statistics on Indian States, Table 1: State-wise Gross Enrolment Ratio 2024-25",https://www.rbi.org.in/Scripts/AnnualPublications.aspx?head=Handbook+of+Statistics+on+Indian+States,UDISE+ 2024-25,Ministry of Education (UDISE+),NEP 2020 stage: Secondary covers Classes IX to XII (total).,2026-08-06
ger-secondary,Sikkim,2024,60.2,"RBI Handbook of Statistics on Indian States, Table 1: State-wise Gross Enrolment Ratio 2024-25",https://www.rbi.org.in/Scripts/AnnualPublications.aspx?head=Handbook+of+Statistics+on+Indian+States,UDISE+ 2024-25,Ministry of Education (UDISE+),NEP 2020 stage: Secondary covers Classes IX to XII (total).,2026-08-06
ger-secondary,Tamil Nadu,2024,89.4,"RBI Handbook of Statistics on Indian States, Table 1: State-wise Gross Enrolment Ratio 2024-25",https://www.rbi.org.in/Scripts/AnnualPublications.aspx?head=Handbook+of+Statistics+on+Indian+States,UDISE+ 2024-25,Ministry of Education (UDISE+),NEP 2020 stage: Secondary covers Classes IX to XII (total).,2026-08-06
ger-secondary,Telangana,2024,83.6,"RBI Handbook of Statistics on Indian States, Table 1: State-wise Gross Enrolment Ratio 2024-25",https://www.rbi.org.in/Scripts/AnnualPublications.aspx?head=Handbook+of+Statistics+on+Indian+States,UDISE+ 2024-25,Ministry of Education (UDISE+),NEP 2020 stage: Secondary covers Classes IX to XII (total).,2026-08-06
ger-secondary,Tripura,2024,67.7,"RBI Handbook of Statistics on Indian States, Table 1: State-wise Gross Enrolment Ratio 2024-25",https://www.rbi.org.in/Scripts/AnnualPublications.aspx?head=Handbook+of+Statistics+on+Indian+States,UDISE+ 2024-25,Ministry of Education (UDISE+),NEP 2020 stage: Secondary covers Classes IX to XII (total).,2026-08-06
ger-secondary,Uttar Pradesh,2024,60.9,"RBI Handbook of Statistics on Indian States, Table 1: State-wise Gross Enrolment Ratio 2024-25",https://www.rbi.org.in/Scripts/AnnualPublications.aspx?head=Handbook+of+Statistics+on+Indian+States,UDISE+ 2024-25,Ministry of Education (UDISE+),NEP 2020 stage: Secondary covers Classes IX to XII (total).,2026-08-06
ger-secondary,Uttarakhand,2024,87.1,"RBI Handbook of Statistics on Indian States, Table 1: State-wise Gross Enrolment Ratio 2024-25",https://www.rbi.org.in/Scripts/AnnualPublications.aspx?head=Handbook+of+Statistics+on+Indian+States,UDISE+ 2024-25,Ministry of Education (UDISE+),NEP 2020 stage: Secondary covers Classes IX to XII (total).,2026-08-06
ger-secondary,West Bengal,2024,75.2,"RBI Handbook of Statistics on Indian States, Table 1: State-wise Gross Enrolment Ratio 2024-25",https://www.rbi.org.in/Scripts/AnnualPublications.aspx?head=Handbook+of+Statistics+on+Indian+States,UDISE+ 2024-25,Ministry of Education (UDISE+),NEP 2020 stage: Secondary covers Classes IX to XII (total).,2026-08-06
ger-secondary,India,2024,68.5,"RBI Handbook of Statistics on Indian States, Table 1: State-wise Gross Enrolment Ratio 2024-25",https://www.rbi.org.in/Scripts/AnnualPublications.aspx?head=Handbook+of+Statistics+on+Indian+States,UDISE+ 2024-25,Ministry of Education (UDISE+),NEP 2020 stage: Secondary covers Classes IX to XII (total).,2026-08-06
